actual,probability_yes,prediction
0,0.010008589167855726,0
0,0.03761798911152201,0
0,0.3772921965899633,0
0,0.4861181519148535,0
0,0.582372983477274,1
1,0.3526343668433824,0
0,0.2624345679736729,0
0,0.00018842804191242617,0
0,0.3454955246160918,0
0,0.002581792610102843,0
0,0.046556175901668696,0
0,0.2058146278239909,0
0,0.024552059011062135,0
0,0.6241376967490398,1
0,0.186549483747685,0
1,0.706074294957054,1
1,0.6479503044624404,1
0,0.032286412507530705,0
0,0.024600394618437008,0
0,0.0927968929264206,0
0,0.0013194954408420317,0
1,0.7103000152327004,1
0,0.05310074251171834,0
0,0.26413459063795663,0
1,0.10640409746275087,0
0,0.044756101126774986,0
0,0.002168590511156032,0
0,0.09431459047525091,0
0,0.45782605208412525,0
0,0.004553567057990992,0
0,0.07703127406368006,0
0,0.01224143828249187,0
0,0.016423592867783134,0
0,0.04086459122854816,0
0,0.09316719840688231,0
0,0.03436307052019884,0
0,6.438465701715002e-05,0
0,0.32337697038205643,0
0,0.01913207333759737,0
0,0.1599306392489299,0
1,0.7278065337109594,1
1,0.8479770899702086,1
1,0.0674864014199629,0
0,0.4673144812102196,0
0,0.1033601664746089,0
0,0.375671489134731,0
0,0.06265282333338222,0
1,0.8377256841161697,1
0,0.41863433847277154,0
1,0.34851619243284004,0
0,0.6469167279648055,1
0,0.0025533682549614086,0
0,0.043675969349558114,0
0,0.0014160728860413373,0
0,1.4653895839687093e-05,0
0,0.290390421007494,0
0,0.048654544267532886,0
0,0.006455518720325316,0
0,0.7867544028324974,1
0,0.02221492698338195,0
1,0.600345046190547,1
0,1.903767861751799e-06,0
1,0.13456729055050987,0
0,0.0002177873494529877,0
1,0.3906935787017513,0
0,0.3624134712369537,0
0,0.00027014665096092614,0
0,0.032423469990497424,0
0,0.04432657119042821,0
0,0.2485854073599999,0
0,0.008731601151828946,0
0,0.012920495252199531,0
0,3.2224835620930287e-06,0
0,0.08968592045767743,0
0,0.02833558294174222,0
0,0.005806447289051153,0
0,2.8952223207368563e-06,0
0,0.1582898089479924,0
0,0.10916695434844588,0
0,0.16675947055933915,0
1,0.8289291417283771,1
0,0.8072321943343047,1
0,0.5870447849245146,1
1,0.44137509712160955,0
1,0.8443685411808939,1
1,0.5203844999570533,1
0,0.0071596654153125265,0
0,0.11856999251709655,0
0,0.1437304560681038,0
0,0.0919073284720296,0
0,0.07766020057227511,0
1,0.4875975233848354,0
0,1.7921086585128153e-05,0
0,0.9414700244595103,1
0,0.006700210523984904,0
1,0.35490076572031704,0
0,0.29455950083369487,0
0,0.002877875622466929,0
0,0.06226693172816,0
0,0.6170736856887709,1
1,0.8206448598393308,1
0,0.05449304345523773,0
1,0.3450435861970746,0
0,0.011125878902688423,0
1,0.7875623681544421,1
1,0.0843599259119267,0
0,0.004979880745856646,0
0,0.003279724640779758,0
0,0.0764992695865323,0
0,0.3113475945306427,0
1,0.5407223230041637,1
0,0.2841924424558064,0
0,0.6507359123752229,1
0,0.29317389894462825,0
0,0.025591755206810705,0
1,0.30258078162393953,0
1,0.8051486494033954,1
1,0.4302871580316454,0
0,0.24206292353648046,0
0,0.040760267964409465,0
0,0.0026085930325290573,0
1,0.5709404304500114,1
0,0.03454857585103386,0
1,0.04842890097042029,0
0,0.0004290186279134939,0
0,0.19106296451451976,0
0,0.06242662254475258,0
0,0.157883353322816,0
0,0.0024254704536448676,0
0,0.0009292168797291035,0
0,0.024922117208067293,0
0,0.349368678607203,0
1,0.6066996554628257,1
1,0.395263609711445,0
0,0.8734501803584289,1
0,0.3162330403330173,0
0,0.016953439149841026,0
1,0.22039391592377683,0
0,0.0032704671103893513,0
0,0.017963627514708445,0
0,0.0005937603042882378,0
0,0.08214900330591773,0
0,0.6600204324175768,1
0,0.5115169284113958,1
0,0.06011999995229966,0
0,0.04431740653180771,0
1,0.8217650131599393,1
0,0.17462270052693923,0
1,0.4242658386890911,0
0,0.019720275101089514,0
0,0.3864294581330288,0
0,0.01327419427124006,0
0,0.5070240221167818,1
0,0.7124025253783004,1
0,0.03873705369069623,0
0,0.04569963848875851,0
1,0.53953485085319,1
1,0.3516429150782377,0
0,0.08787935721439548,0
0,0.39706974219604124,0
1,0.18477775362841686,0
0,0.08121628037478232,0
0,0.027482627311952022,0
0,0.0007838389408637565,0
0,0.035911470565033764,0
1,0.327702860487222,0
0,0.009343713141309318,0
0,3.910680888864002e-05,0
1,0.573799014171493,1
0,0.0008987253915106599,0
0,0.17730873245203524,0
0,0.03465381543835999,0
1,0.5514709620534043,1
0,0.004181052829898041,0
0,0.044926942745947815,0
0,0.08844997103904526,0
0,0.0003363408632446411,0
1,0.4279786340688933,0
0,0.4122740646794396,0
0,0.002804719098425431,0
1,0.17472724239312745,0
0,0.3282048821301634,0
1,0.8165281709568385,1
0,0.002841342033290046,0
1,0.7940237068450134,1
0,0.038992705043903765,0
1,0.8075410920959579,1
0,3.1745022494482956e-05,0
0,0.6117319214681274,1
0,0.0001222861803062418,0
1,0.16137360194834918,0
0,0.006469912069468196,0
0,0.06207774152354568,0
0,0.7435065133032734,1
0,0.5898909283405362,1
0,0.1983905609268093,0
0,0.24277208231232314,0
0,0.0007609869926040866,0
0,0.11173884135825904,0
0,0.004019597727803823,0
0,0.029509300334702615,0
1,0.7629367946880373,1
1,0.14293840933546284,0
0,0.023840448544098072,0
0,0.26413266334097624,0
0,0.05452035879021196,0
0,0.1041739920636794,0
1,0.5479245838312539,1
0,0.0005521824410515677,0
1,0.7112702764525367,1
0,0.01098989523863231,0
0,0.07504946653230667,0
0,0.01435756294194738,0
1,0.17752697946720353,0
1,0.531205949595197,1
0,0.007012561027250689,0
1,0.6538640681248885,1
0,0.3718347193988517,0
1,0.23448025517151735,0
0,0.0059083379411665185,0
1,0.6195391041288552,1
0,0.4631321922023337,0
0,0.055927137402097676,0
0,0.008966956418957868,0
0,0.12512962414423767,0
0,0.11714477473005241,0
1,0.8706770900147257,1
1,0.19018155405678186,0
0,0.004612728010864,0
0,0.07386210608111118,0
0,0.6103109232406838,1
0,0.02437891503925462,0
0,0.058230932705130765,0
0,7.939897394894103e-05,0
1,0.7819568868840658,1
0,0.25656245325966415,0
0,0.03821684474263091,0
1,0.4465915704196243,0
0,0.07169978678873828,0
0,0.04012468476313961,0
1,0.6147768349229789,1
0,0.0001845714117104341,0
0,0.23941016563422746,0
0,0.006192760668230537,0
0,0.0018711460813843931,0
0,0.006395197727159495,0
0,0.05498827169282351,0
0,0.08593151262254389,0
0,0.1282319383946455,0
0,0.3459603676605923,0
0,4.9520136129142525e-05,0
0,5.852009800728919e-06,0
1,0.4272861224102504,0
0,0.06559664517515258,0
0,0.12298770325390058,0
0,0.025155909783739463,0
0,0.010192989425829042,0
1,0.5773442140212552,1
0,0.0005501198229458746,0
0,0.41230515782853777,0
0,0.045834607250477416,0
1,0.07732478453089112,0
1,0.8080252372809,1
1,0.09962729912259495,0
0,0.010274803657144388,0
0,0.031033738420515686,0
0,0.2733620601325644,0
0,0.0010806134013297798,0
1,0.6229790729684357,1
0,4.0506571928229685e-05,0
0,0.7765054062084771,1
0,7.3898623946669655e-06,0
0,0.007962960500739254,0
0,0.009752746464608164,0
0,0.0030281773950787396,0
0,0.38058883289597767,0
1,0.39279705215097016,0
1,0.45749092789942036,0
0,0.0031495822417143826,0
1,0.6845290680544471,1
1,0.24297445278010263,0
0,0.03716176691765401,0
0,0.008860945517374607,0
0,0.03315873317040739,0
0,0.03531911777601759,0
1,0.5922417323877187,1
0,0.18781632005474047,0
0,0.01111087860747946,0
0,0.0013735939950359516,0
1,0.7860986739438975,1
0,0.5312169923749152,1
0,0.700488344645092,1
0,0.2066981745330224,0
0,0.08735907656951872,0
0,0.0024946815223818074,0
0,0.01749010529674114,0
0,0.06982680502693081,0
0,0.012740130017277205,0
1,0.6811826987310082,1
0,0.015307905492587122,0
0,0.007080018861246909,0
0,0.054901594756812534,0
0,0.3355941470371325,0
0,0.6005942261668368,1
0,0.3587472425721746,0
0,0.14844583121122984,0
1,0.061302443252703016,0
0,0.002230155197554842,0
1,0.5721600640115251,1
0,1.8788844042124264e-06,0
0,0.14132606214563048,0
0,0.0017245005100036438,0
0,0.022613318292708455,0
1,0.8300126314085462,1
0,0.32502213305409905,0
0,0.04005642810951317,0
1,0.08803365402058995,0
0,0.00031604841710379696,0
0,0.4131640711444002,0
1,0.30759919332452834,0
1,0.804504851302219,1
1,0.4083030721955947,0
1,0.24947614360054818,0
0,0.01613501142626812,0
0,0.01348765835528852,0
0,0.20543904581959932,0
0,0.058467633293718436,0
0,0.08874036243460501,0
0,0.5435264895068844,1
0,0.21442455107831065,0
1,0.1962582175495393,0
0,0.39469070738777096,0
0,0.7387649047551742,1
0,0.18069838538797214,0
0,0.24325616475463527,0
0,0.08739404540538252,0
0,0.022609744417876373,0
0,2.462294086711371e-06,0
0,1.2493340658294258e-05,0
0,0.0038126089807367512,0
0,0.0026123327554271386,0
0,0.07292904703788555,0
1,0.8673112638582314,1
0,0.14193535099811325,0
0,0.046150255375363804,0
0,8.356564500019699e-06,0
0,0.029858774215678417,0
0,0.06829718765693482,0
1,0.4213872069703556,0
1,0.06965001468292562,0
1,0.17049579826941116,0
0,0.02989766043729331,0
0,0.104047623599436,0
0,0.011569183057736923,0
1,0.7947953283205722,1
0,0.032663289161429465,0
0,0.008173885734959278,0
0,0.3850685654077074,0
0,0.4551766075620664,0
0,0.06852274630176064,0
0,0.00012455249570186426,0
0,0.12112819718705911,0
0,0.04289030251489964,0
0,0.48113791886202606,0
0,0.0025046943963022202,0
0,0.035838146717798496,0
0,0.4264937582702749,0
0,0.668312137639403,1
0,0.024020336423610292,0
0,0.25871415176854,0
0,0.1482748668738141,0
0,0.32716783310794734,0
0,0.02840593438008266,0
1,0.7562812739650747,1
1,0.41790243126458965,0
0,0.0014422046675777853,0
0,0.00309416637879427,0
0,0.01268616548883135,0
1,0.5148768922053111,1
1,0.5815982660587404,1
1,0.1567091428102459,0
0,0.0031456606528823335,0
0,9.629095590146666e-06,0
0,0.066571902756589,0
1,0.7808114909093564,1
0,0.28718923268332314,0
1,0.776251917788042,1
1,0.754267223886933,1
1,0.5397056722582121,1
0,0.01360632404555206,0
0,0.017003233868702266,0
0,0.05063331783746984,0
0,0.0012053213427955047,0
0,0.07240873250305178,0
1,0.2938698534998432,0
0,0.046138002122788055,0
1,0.29396912405627273,0
0,0.0831440100491573,0
0,0.018466932119957005,0
0,0.17847670341854577,0
0,0.08670078889282488,0
1,0.35754109310929555,0
1,0.6376606728956161,1
0,0.04186585744350389,0
0,0.21900706209967627,0
0,0.0008689778913591204,0
0,0.26681675496345597,0
0,0.005050532465796379,0
1,0.09839252389018513,0
1,0.2164156349338204,0
0,0.019293353187500226,0
1,0.9533786529914885,1
0,0.027760300538795437,0
0,0.028606815686569167,0
1,0.7579251021733523,1
0,0.1902301166884074,0
0,0.4022847128849786,0
1,0.8428056644037372,1
0,4.227132976268966e-05,0
0,0.367877982770138,0
0,0.10805383572316618,0
0,0.0007897692067045935,0
0,0.04208385790680391,0
0,0.06511207472206142,0
0,0.4978758176974958,0
1,0.37161955825672627,0
1,0.5210144061934823,1
1,0.8256371420791204,1
1,0.06828423948123671,0
0,0.008280514478264106,0
0,0.023168086370864427,0
0,0.4696140465294807,0
0,0.042643355349594875,0
1,0.4839134239834661,0
0,0.10183227360054004,0
0,0.026549633904623168,0
0,0.0013302816175965496,0
0,0.029706491304273195,0
0,4.360636292423651e-06,0
0,0.03849465514454221,0
0,0.003158747745819651,0
0,0.03748409358264118,0
1,0.4031648431026544,0
0,0.10653810533330237,0
0,0.013545994457232393,0
0,0.31690589893823357,0
0,0.0024141082611299695,0
0,0.013021905661743037,0
0,0.023581637340847887,0
0,0.0103380273219389,0
0,0.05935903169574243,0
0,0.47628654866458536,0
1,0.33123346027035006,0
0,0.00016881629376840721,0
1,0.6471844254410346,1
0,0.10844359573273152,0
0,0.11961128844876007,0
0,0.1085842108016736,0
1,0.9564356800407056,1
0,0.25381551321427026,0
1,0.46459926945825347,0
0,0.12852547938098194,0
0,0.08693842582874838,0
0,0.22311447180984817,0
0,0.028138428051313894,0
0,0.27231028537297264,0
0,0.03635259563927937,0
1,0.8480039823739394,1
0,0.10687042791942569,0
0,0.8536263828558477,1
1,0.03759002013635681,0
0,0.011485642957369212,0
0,0.002650704363709398,0
1,0.01820011598999575,0
0,0.14501402047870102,0
0,0.6313796801132946,1
0,4.8071151754240744e-06,0
0,0.00290235912597417,0
0,0.19703926230841137,0
0,0.08408237229248106,0
0,0.3057652868893606,0
0,0.11487457714973508,0
1,0.8350673325776454,1
1,0.766620382350224,1
0,0.0030196995530109736,0
0,0.01802502585275816,0
0,0.3819776495485779,0
0,0.196831468932155,0
0,0.0023316601763362283,0
0,0.012339755360039454,0
0,0.39886438630072907,0
0,1.881003777658116e-05,0
0,0.4731242845789973,0
1,0.6527961921482467,1
0,0.12518941413391158,0
0,0.08431948501039752,0
0,0.1655057031851263,0
0,0.5820070333807212,1
1,0.8976541765146487,1
0,0.000351519816824711,0
0,0.011991568700273085,0
0,0.0013710401480262226,0
1,0.7922855746341648,1
0,0.0006441208843132797,0
0,0.007626220878509424,0
0,0.18113927929250165,0
0,0.022088701152756084,0
0,0.009041343493406141,0
0,0.0006992463825829425,0
0,0.2010719818972572,0
0,0.4270118755887582,0
0,0.15437001302590428,0
0,0.6340464293930129,1
0,0.006375847013250456,0
0,0.010324914580297976,0
0,0.055300505855982764,0
0,0.0009539533206018851,0
0,0.02833039406656106,0
0,0.47270782431277597,0
0,0.4020702777203829,0
1,0.2565068035789371,0
0,4.295203071052968e-05,0
1,0.47618119482744903,0
1,0.4836073552895979,0
0,0.2027995678900646,0
0,0.08028613838122184,0
0,0.5448410301038646,1
0,0.01722308244148464,0
0,0.004226038466317758,0
1,0.4382147157740393,0
0,0.03377559054088184,0
0,0.22579610122257313,0
1,0.058892626871196556,0
0,0.16969136753975184,0
1,0.8793372693117709,1
0,0.014993343212356198,0
0,0.005654140258031843,0
1,0.8818967234638873,1
0,0.0005338929009244664,0
0,0.061210358827092595,0
1,0.47700315083657274,0
0,0.09208847289837238,0
0,0.14363333309446077,0
0,0.00016391009903369457,0
0,0.07603266915447612,0
0,0.24485329301522385,0
1,0.7612483378780079,1
0,0.33119984048865975,0
1,0.006409570717547463,0
0,0.08785277647727137,0
0,0.0018966864134041656,0
0,0.0661194124384535,0
1,0.3102847090426137,0
0,0.017171164264050565,0
1,0.6632164543299628,1
1,0.1398358469658612,0
0,0.011337086059977916,0
0,0.000709527995510474,0
0,0.32187285234617463,0
0,0.41940010027045604,0
0,0.6255542889590141,1
0,0.07290389763399045,0
1,0.695637147409792,1
1,0.7109221449603088,1
0,0.03055484426901564,0
0,0.016807209259477675,0
0,0.002367163942516788,0
0,0.1418041635639905,0
1,0.4321372661785249,0
0,0.2383677263966212,0
1,0.11802334522799991,0
1,0.5562555990849762,1
1,0.10344773739446769,0
0,0.0326031325689956,0
0,0.22778648250881514,0
0,0.154276495197215,0
0,0.006827316340384026,0
0,0.10040335787244613,0
1,0.9371521488859427,1
0,0.14934727308430265,0
0,0.1256289248997237,0
0,0.014887258266103265,0
1,0.573871816229448,1
1,0.7824424921663983,1
0,1.4669486213990801e-05,0
0,0.019245763926831184,0
1,0.5124442289605922,1
0,0.20272683022629256,0
0,0.03257655882493639,0
0,0.0754832532130348,0
0,0.010372838045601825,0
0,0.059933538183617574,0
0,0.3061940932926523,0
0,0.04840189901828917,0
0,0.00023404847215587228,0
1,0.5538705287638188,1
0,0.6342758064913562,1
0,0.5182635797741817,1
1,0.49297222680379804,0
0,0.1567896039147371,0
0,0.16202234227117449,0
0,0.00022077637250332945,0
0,0.0019034802356009929,0
0,0.2502589854883893,0
1,0.11654058523112451,0
0,0.20814510350751278,0
0,0.7108308190511807,1
1,0.5643746594007926,1
0,0.0012697773211298052,0
0,0.017079354796545505,0
0,0.0033891154290717727,0
0,0.001535314358754249,0
0,0.05998132893850832,0
0,0.0023369876567377193,0
0,0.18159273796962577,0
1,0.6926485673791234,1
0,0.03307430507860631,0
0,0.06952829934859672,0
0,0.6287359154176018,1
1,0.5352944795838812,1
0,0.8495461071166406,1
0,0.08250246221661241,0
0,0.24341103319776553,0
0,0.002624381535248011,0
1,0.7318350490875076,1
0,0.0029424724840683325,0
0,0.11347052078191176,0
0,9.374135251392892e-05,0
0,4.034770502503543e-06,0
0,0.16811858734997712,0
0,0.44497235261984996,0
1,0.6580139370191552,1
1,0.3632019511631986,0
0,0.0838794537509157,0
0,0.02513271313959128,0
1,0.7677116865397321,1
0,0.019610154188245483,0
0,0.6470194916307652,1
0,0.0003449519825193663,0
0,0.009493199603027703,0
0,0.24765754156959183,0
0,0.942639800689746,1
1,0.8117812819064141,1
1,0.764527003621382,1
1,0.33197957837572717,0
0,0.10613788061999173,0
0,0.04922100872682079,0
0,0.09729641959957774,0
0,0.1712523553502207,0
0,0.2183456123626181,0
0,0.03230218219052934,0
0,0.17916409859532229,0
0,0.4723728427122141,0
0,0.31414760991248614,0
0,0.14411446401984054,0
0,0.10414315671840534,0
1,0.7813350138311439,1
1,0.09436059833619412,0
1,0.10000495415538592,0
0,2.055598251927302e-05,0
0,0.027009581598067336,0
0,0.008620268377722107,0
0,0.21172515893724367,0
0,0.8696869978601979,1
0,0.08718632276961293,0
1,0.704041080561521,1
0,0.10430114153556239,0
1,0.634646363025483,1
0,0.00025219515909906317,0
0,0.0023721537547621127,0
0,0.0544985369535716,0
1,0.1142358834459972,0
1,0.5184870150259054,1
0,0.15482205449342917,0
0,0.0075978468196522585,0
1,0.6807386792552383,1
0,0.10379486252102477,0
0,0.018611712791819793,0
0,0.012357730901601431,0
0,0.013494292590051395,0
1,0.3060613464081013,0
0,0.06578620228321598,0
0,0.00026512930835404403,0
0,0.002405008761506768,0
0,0.3903009398488307,0
1,0.25636997259432814,0
1,0.5751226643819642,1
0,0.0011527423304257547,0
0,0.010410968922181147,0
0,0.10142435585276739,0
0,0.00010757874901706841,0
0,0.3614740482717423,0
0,0.08552140789696952,0
0,0.6183161846503338,1
0,0.002622635975139622,0
0,0.09468416597783036,0
1,0.5306974251960834,1
0,0.0294980548666052,0
0,0.001537268413848296,0
1,0.772655690704242,1
0,0.505413088417445,1
0,0.08812619362147527,0
1,0.7810662843231412,1
1,0.7661226771041698,1
0,0.1618697558769795,0
0,0.030058770024290932,0
0,0.023457269924308733,0
0,0.000592250310160344,0
0,0.006188712159685253,0
1,0.4253060784540959,0
1,0.4024695879799336,0
0,0.005929318144150665,0
0,0.6529913323152244,1
1,0.48984663157891484,0
0,0.0012277071576961434,0
0,0.00045032458747859414,0
0,0.0549716762306838,0
1,0.7189243541502455,1
0,0.00017715346286569867,0
0,0.06348387507142425,0
0,0.08308933833889508,0
0,0.045610360177152844,0
0,0.05434157974299236,0
0,0.480554429369009,0
1,0.873600676738089,1
0,0.015318449840247154,0
0,0.016600577131689116,0
0,0.16979159913604872,0
1,0.13884117421326206,0
0,0.03717336358186854,0
0,0.07121752342220602,0
0,0.07441277271672504,0
0,0.23945213738843354,0
0,0.006454409924299105,0
0,0.27225089083187964,0
1,0.7246428807298143,1
0,0.13519651921433798,0
0,0.007763774995942247,0
0,0.06465746672482227,0
0,0.02642597637087339,0
0,0.07958710432151311,0
0,0.003940635561455161,0
0,0.37464937978541774,0
1,0.5192511465689197,1
0,0.014701787237277197,0
0,0.11938839879399765,0
0,0.727882750758603,1
0,0.7564360358427451,1
1,0.8363652883614449,1
0,0.0948205834083783,0
1,0.826652532813597,1
0,0.0015853456087339757,0
0,0.00036605859237394606,0
0,0.0008759280823519372,0
1,0.5583502680864737,1
0,0.006051349238599882,0
0,0.005602741087327493,0
1,0.830916500425373,1
0,0.05078246921790246,0
0,0.05880693947228533,0
1,0.21743402261250264,0
0,0.6763919480768986,1
1,0.8088084683420312,1
0,0.018812669150080775,0
0,0.013960652480408973,0
0,0.39394009936784724,0
0,0.0027995487937384133,0
0,0.0932193810024486,0
0,0.04441894498684023,0
0,0.017774827590633018,0
0,0.08713804798320195,0
1,0.5988873150567767,1
1,0.698057639310391,1
0,0.00012670621019270943,0
0,0.17171563281853874,0
0,0.008282949895174346,0
0,0.03874102314044914,0
0,0.022897932433078635,0
0,0.0008316097681950931,0
0,0.0021578195193199656,0
0,0.4377256250306533,0
1,0.13924225500839202,0
0,0.05488816872942538,0
0,0.03449754757716281,0
0,0.4907983953032858,0
0,0.07968001283917918,0
0,0.014087056362531734,0
1,0.28520315204018454,0
0,0.04887591688555603,0
1,0.6383729419510483,1
0,0.3921805785549476,0
0,4.025038809103935e-06,0
0,0.11665248202530598,0
0,0.003520171620263586,0
0,0.2607579342793861,0
1,0.7286097453782339,1
0,0.2487240733312898,0
0,0.36338024068804686,0
1,0.5996279562962472,1
0,0.04903560856228012,0
0,0.0034244259595614668,0
0,0.010714951803095861,0
0,0.002874275772313401,0
0,0.03477703846165894,0
0,0.4465135506146967,0
0,0.0690426544072671,0
0,0.4814556968926892,0
1,0.48039618317842214,0
0,0.0036058287821809543,0
0,0.05285526055370394,0
0,0.012434970454969175,0
0,0.0008817866896980174,0
0,0.009128014496296572,0
0,0.01822040211328139,0
0,0.03971367653251087,0
0,0.010252607219616051,0
1,0.4555162398675572,0
1,0.5511481819806273,1
0,0.107777250253774,0
0,0.1760830755719364,0
1,0.6866433232778324,1
0,0.048653107225060534,0
1,0.40415770454794137,0
1,0.9183716768033713,1
0,0.03177149458683161,0
0,0.05781644221867824,0
0,0.0053576672447991905,0
0,0.0002080837476076812,0
0,0.03422352726782958,0
1,0.4056569614460829,0
0,0.013640839140266248,0
0,0.0004054184283855721,0
0,0.03366243452747122,0
0,0.29356504971004044,0
0,0.007517176813280478,0
0,0.007829865076382217,0
0,0.0578028721599709,0
0,0.06864549653223948,0
0,0.17370396377067143,0
0,0.03379952398524006,0
0,0.006814256764524601,0
1,0.6174379937460189,1
0,0.11540156160353376,0
0,0.06649989109006568,0
1,0.040343514012845846,0
0,0.0024359039197293965,0
0,0.5164729417841076,1
0,0.0204977338561934,0
0,0.003206248423552038,0
0,0.0018397180352581182,0
0,0.12358055481232004,0
0,0.029957188953133405,0
0,2.8081695621117472e-05,0
0,0.008393093292995637,0
0,0.018816815121575167,0
1,0.4092302820926195,0
0,0.0698414086207268,0
1,0.8528044654782797,1
0,0.6081547871841075,1
0,0.05084550814495269,0
0,1.2085251733459434e-05,0
0,0.1374663267866891,0
0,0.0013786578252938562,0
0,0.07558842089310444,0
1,0.28029563186548306,0
0,0.19316956577580668,0
0,0.2678302605516184,0
0,0.15830208267537127,0
0,0.04481294457041203,0
0,0.01689417923004427,0
0,0.6419483132033221,1
1,0.8875638385131482,1
1,0.6588248237939942,1
0,0.2610783558943005,0
0,0.22531431967189294,0
0,0.07878772722460656,0
0,0.006245948239954998,0
0,0.27364776301728405,0
0,0.0005698465024386867,0
0,0.11480840639072448,0
1,0.20057260452034328,0
0,0.0023677806801391237,0
0,0.31836997133461953,0
1,0.18746594038795567,0
0,2.8011031125713965e-05,0
1,0.14226045580692942,0
1,0.748605867174761,1
0,0.08086349317487934,0
1,0.1371707632561504,0
0,0.33433714494580163,0
1,0.24862445102619582,0
0,0.11629016009683657,0
0,0.088150610506679,0
0,0.4007694387309866,0
0,0.00014555834562271107,0
0,0.058019327553247485,0
1,0.9425313170536912,1
1,0.7968832022242865,1
0,0.6793762512135224,1
0,0.013092959441274128,0
1,0.4420015265947207,0
0,0.0003977761476775317,0
1,0.29467729321921093,0
1,0.7560254780970215,1
0,0.0638302437726873,0
1,0.6397936264701364,1
0,0.0003536697390014414,0
1,0.17052820470644298,0
1,0.8677023864413462,1
1,0.7322682640958882,1
0,0.0034081632369625456,0
0,0.21198670062952465,0
0,0.1608930702705556,0
0,0.04126659193736104,0
0,0.0330677775778929,0
0,0.013403036199849004,0
0,0.006332770175971732,0
0,0.1721833406254365,0
0,0.001965355382099027,0
1,0.35400066990181916,0
0,0.03924165074305309,0
0,0.01018267183613028,0
0,0.03461876691457856,0
0,0.001180497364533512,0
0,0.702166657844948,1
1,0.45274028569981534,0
1,0.6449596513830106,1
0,0.192259038193054,0
0,0.2608928326161866,0
1,0.7200806352863776,1
0,0.10526035724741756,0
0,0.07097216115990852,0
0,1.8795028054202504e-05,0
0,0.024727778984819586,0
0,0.06412766016401436,0
0,0.0390242647339443,0
0,0.0011882075441788365,0
0,0.09776373693071397,0
0,0.02744164710231117,0
0,0.4660774835809187,0
0,0.8410456335054979,1
1,0.3420541792688973,0
0,0.00016510391312522812,0
0,0.0045576065584878,0
1,0.8653796130874225,1
0,0.01770896752095151,0
0,0.004385044835685807,0
0,0.05350004987895968,0
0,0.012427225386976923,0
0,0.06612467512307407,0
0,0.033702612282548325,0
0,0.01880029028314583,0
0,0.3228547180137924,0
0,0.03810764338105397,0
0,3.6725072262388725e-05,0
0,0.2991214451991894,0
0,0.010573053877445882,0
1,0.7176553335447272,1
0,0.012250980677994508,0
1,0.754775438228677,1
0,0.0009517625593728812,0
0,0.0554593342074679,0
0,0.015287167542579465,0
0,0.013320170852409115,0
0,0.0033714118397643713,0
0,0.25328445806737737,0
0,0.013481377798239746,0
0,0.1113550430525817,0
0,0.011323472365705323,0
1,0.5359675827169509,1
0,0.10185144674969569,0
0,0.06917434527857204,0
0,0.1543215531512947,0
0,0.0022409371499504827,0
0,0.052352789519437004,0
1,0.5339618680986616,1
0,0.17056888583304947,0
0,0.39737643335647005,0
0,0.010568867827082249,0
0,0.0011066245584883019,0
1,0.3857777277346552,0
1,0.4593479911794719,0
0,0.0836167479946125,0
1,0.9234701878934741,1
0,0.00683988696002899,0
0,0.06854688146382275,0
1,0.9119743400874627,1
0,0.0018676816457838517,0
0,0.010120865771610628,0
0,0.26780498763952887,0
0,0.29985343250279045,0
1,0.13531139627390945,0
0,0.05064443925367815,0
0,0.1069570800517854,0
0,7.238032623537728e-05,0
0,0.19927172426371192,0
0,0.3598355888931605,0
0,0.0026937388972522983,0
0,0.5520798214146574,1
0,0.8099810742819812,1
1,0.39517121112581616,0
0,0.011055162483862567,0
0,0.7517756647368664,1
1,0.27913229465860595,0
0,5.631521248537541e-05,0
0,0.01244773974322098,0
1,0.2974639223285205,0
0,0.0004906135647671364,0
1,0.7531182137600977,1
1,0.39949931092312574,0
0,0.2413387764414545,0
1,0.6890829890414732,1
0,4.049104412908909e-06,0
0,0.17785487747802484,0
0,0.10964389004481212,0
0,0.27476248028063516,0
0,0.19830508397102067,0
0,0.09557703631041517,0
0,0.02035990875401905,0
0,0.017115274016045744,0
1,0.40113653975297797,0
0,0.03556325301135533,0
1,0.39659222176352865,0
0,0.2917921172275465,0
0,0.03314348016413473,0
0,0.011896498005935424,0
0,0.013465410838004496,0
0,0.024337274413701974,0
0,0.006937511508259409,0
1,0.7917973116062537,1
0,0.001633377419794325,0
0,0.16974803804668986,0
1,0.40008125600187144,0
1,0.8283658019133961,1
1,0.41729374849494794,0
0,7.472449945237032e-05,0
0,0.17151922987770188,0
0,0.016474457666226468,0
1,0.7480082343968134,1
0,0.6141787962219146,1
0,0.0191403496574792,0
0,5.817319522776492e-05,0
0,0.142059828502191,0
0,0.00026661417394812053,0
0,0.0014883098497427193,0
0,0.018556435707750694,0
0,0.14079735070401925,0
0,0.16113452967794412,0
1,0.6396269953446562,1
0,0.0469357783287795,0
1,0.4538907914970713,0
0,0.02149444323068049,0
1,0.6350276710678149,1
0,0.10458983067823761,0
0,0.0021033065940979116,0
0,0.18983950701837926,0
0,0.0760948111578319,0
0,0.01344996811401441,0
0,0.000501624754891923,0
1,0.6603414824325649,1
0,0.0068876081930205595,0
1,0.7828988783527202,1
0,0.4591197545741143,0
0,0.02045084926368816,0
0,0.15554341522659013,0
1,0.8846361425538758,1
0,0.622427991119315,1
1,0.5296090364301779,1
0,0.06704474817635443,0
0,0.7745437121713676,1
1,0.7681522379447159,1
0,0.03994400027033846,0
0,0.0019218640377888531,0
1,0.3524589421654575,0
0,0.036520915289710444,0
0,0.016060542073365932,0
0,0.7402064974828652,1
0,0.08727558426332656,0
0,0.10793207885253152,0
0,0.1571614944637682,0
0,0.15358735714417124,0
0,0.007423372989828695,0
0,0.3248433844515735,0
0,0.18273405917944563,0
0,0.11350338188812988,0
0,0.002857445403490348,0
0,0.006126131819215837,0
1,0.613674057486438,1
1,0.8343351753129731,1
1,0.7855655577817912,1
0,0.1410921870274951,0
0,0.23776768054149902,0
0,0.034793864697441154,0
0,4.805877500411124e-05,0
0,0.07623269213019758,0
0,0.0005616115215570931,0
0,0.054267439398701316,0
1,0.49968739385673006,0
0,0.024730918240785466,0
0,0.025558493419786943,0
1,0.5312934956491299,1
0,0.4135767446041671,0
0,0.03291753637415246,0
1,0.8181098978012017,1
1,0.4808784486763271,0
0,0.187617025067079,0
0,0.3882745202756807,0
0,0.056731705714133954,0
0,0.42073134361549863,0
1,0.6851361642825589,1
0,0.21024230092045862,0
0,0.024895364688790358,0
0,0.0004860079596297255,0
1,0.2719044314251009,0
0,0.028637166102612615,0
0,0.6668010280028911,1
1,0.4535548175299952,0
0,0.005977953343517162,0
0,0.0051048359261812335,0
1,0.5313378633942282,1
0,0.01534091526106139,0
0,0.4255139653424853,0
0,0.598428107124882,1
0,0.061162469817594205,0
0,0.05868805502484024,0
0,0.07120955357388856,0
0,0.3063034536569456,0
0,0.01710610948643068,0
0,0.036784957097345986,0
1,0.6888765985276224,1
0,0.04844278295151509,0
0,0.3551845352134944,0
0,0.76334818226584,1
0,0.787306595959505,1
0,0.00021942613266346642,0
0,0.01865663642780149,0
0,0.0514398879957193,0
1,0.9015313365324669,1
0,0.6283159199701943,1
0,0.1136183371322371,0
0,0.0014953877655848934,0
0,0.30644491390471607,0
0,0.15238411183708378,0
0,0.005918062820648306,0
0,0.036678695318141365,0
1,0.33074011617348326,0
1,0.8372070178811393,1
0,0.0021978625147543165,0
1,0.37281932545118845,0
0,0.0004481407320652811,0
0,0.003753157593997433,0
0,0.0029182013010743443,0
0,0.11927274408278854,0
0,0.11626624868608962,0
0,0.004250909699509364,0
0,0.04319424965811907,0
1,0.3367485931934329,0
0,0.8250018798720287,1
0,0.27050184331895705,0
0,0.06865950854501446,0
0,0.03533864882420452,0
0,0.14063084422129782,0
0,0.5046555202642361,1
0,0.027338480854016002,0
0,0.07063487655751612,0
1,0.4755680440735087,0
0,0.04171414832778875,0
0,0.08231769136525613,0
0,0.7144034684830589,1
0,0.41637274971593846,0
0,0.24174763843873268,0
0,0.12597356448178967,0
1,0.40220618984931933,0
1,0.2728470798783155,0
0,0.16364078144972682,0
0,0.011828615416260627,0
0,0.24831492754708037,0
0,0.6582144478767009,1
0,0.010399948858759129,0
0,0.369231478831989,0
0,0.00026770439413322883,0
0,0.014489828188533648,0
0,0.005305855223528351,0
0,6.823542396263629e-05,0
0,0.24382694190118542,0
0,0.02936223204639291,0
0,0.0073859197336584295,0
0,0.00041751773648624396,0
0,0.38777241634947646,0
0,0.6770560065293562,1
0,0.0002601671213247891,0
1,0.7454778747594554,1
0,0.03882999084951053,0
1,0.7651696282350622,1
0,0.21546126019778028,0
0,0.02346008288019685,0
0,0.20661199980185735,0
0,0.07087374059014728,0
1,0.79013452147766,1
0,0.28792442159915155,0
0,0.2924921026044366,0
0,0.17709679554837215,0
0,0.02726462168762511,0
0,0.2628481221848141,0
0,0.23798682192558068,0
0,0.47193110945808664,0
0,0.03770542068538906,0
0,0.035899282688242655,0
1,0.7725878001790257,1
1,0.5474595351624918,1
1,0.8202715209853063,1
0,0.7291684749739501,1
0,0.16996271031608684,0
0,0.10917352938460052,0
1,0.13574443002481607,0
1,0.39603924704393184,0
0,0.04313728738298972,0
0,0.1426246306018576,0
0,0.027233203922789412,0
1,0.2398289520174378,0
1,0.772842764751904,1
0,0.0005169360497142801,0
0,0.015499415396662065,0
0,0.06426769452150548,0
0,0.005612327931513749,0
0,0.21772244124784532,0
0,0.08061082098346742,0
0,0.4109473533707913,0
0,0.002478944234268765,0
1,0.4807177836512704,0
0,0.01617492919013847,0
1,0.3911651789415604,0
0,0.04375370777066212,0
0,0.0016466931845636316,0
0,0.340129223908788,0
1,0.4419230532083956,0
0,0.07459424139823685,0
0,0.0003079427035984799,0
0,0.02899311183875503,0
0,0.0005504794200051795,0
0,0.01907992868445243,0
0,0.010517755958978177,0
0,0.027879320857792267,0
1,0.5764700158004492,1
0,0.001272053460667408,0
0,0.5563742818369581,1
0,0.4307303211743192,0
0,0.018723955107472007,0
0,0.13650964517325864,0
0,0.057615763040509756,0
0,0.003181578597659236,0
1,0.1594310592623707,0
0,0.5212090817726519,1
0,0.0157929009280052,0
1,0.4649787505047334,0
0,0.005473856972146489,0
0,0.038069537083480535,0
1,0.4027630080140364,0
0,2.1841054519679857e-05,0
0,0.36592370412651365,0
0,0.13675630213893558,0
0,0.043570072069229374,0
0,0.01552002905422627,0
0,0.004589138464863821,0
0,0.02059051304129036,0
0,0.3593700989768384,0
0,0.002157282732088387,0
0,0.05958536217068833,0
0,0.08477529507355988,0
0,0.006614856168554009,0
0,0.11519150807247648,0
0,0.005173942455048756,0
0,0.008231698029505517,0
0,0.41298386501900974,0
1,0.8452255003286465,1
0,0.023578830006803553,0
1,0.19700681752642346,0
0,0.008587841601708866,0
1,0.6919877184336519,1
0,0.5444207699119561,1
0,0.23104508597611392,0
0,0.013879665702853115,0
0,0.07600844712442414,0
1,0.5781765891060168,1
0,0.008613965268098675,0
0,0.3115259890566678,0
0,0.360348683006451,0
0,0.1506461115246576,0
0,0.014985477268823493,0
0,0.13602933298012412,0
0,0.04618326946781679,0
0,0.0429142192575431,0
0,0.005383677877598132,0
0,0.023853738785307978,0
0,0.07202670879916427,0
0,0.03586480852042317,0
0,2.9859296426312803e-06,0
0,0.8725649639034436,1
0,0.004075978596399237,0
0,0.017918987650166005,0
0,0.0006943579913921663,0
0,0.40388097320128347,0
0,0.03832687519270377,0
0,0.647106698220188,1
0,0.40964818888870774,0
0,0.04679150912300255,0
0,0.2787956851808209,0
0,0.3424984764033066,0
0,0.014261572829227836,0
0,0.05441315264376306,0
0,0.7669321573258814,1
0,0.013792185955627983,0
0,0.002155301041300372,0
0,0.27346354677860885,0
0,0.00042667950223511955,0
0,0.014851300463601893,0
0,0.0019053458911098152,0
0,0.007392266099071535,0
0,0.38672606645431357,0
0,0.0345488320417079,0
0,9.085260902238777e-05,0
0,0.5892098301976357,1
0,0.2218946223648977,0
0,0.0002875052775244014,0
0,0.10618854923491312,0
0,3.6729161773137827e-06,0
1,0.945871804068916,1
1,0.3666644499343712,0
0,0.321171708223541,0
0,0.533069323090105,1
1,0.8639551856890385,1
0,0.12728628634297443,0
0,0.0018802125917995272,0
1,0.7048719734924344,1
0,0.1757904022200244,0
0,0.5653563859794161,1
0,0.01860859575596245,0
0,0.06039205813250667,0
1,0.4334697633816937,0
0,0.21073559804000494,0
0,0.030280230764872997,0
0,0.02798555355093627,0
0,0.10614757003125784,0
0,0.021688293249383032,0
0,0.6293165748943542,1
1,0.5419817828524128,1
0,0.26174744118230037,0
0,0.0730081785313813,0
0,0.27763185717068917,0
0,0.0215948365826248,0
0,0.31287099808778274,0
0,0.23080807253523666,0
0,0.013549266884220909,0
1,0.4814657895920505,0
0,0.37342455242856315,0
0,0.15741095792414514,0
0,0.46633366875926624,0
0,0.23122467104736755,0
0,0.04216742730677892,0
0,0.30340192128626814,0
0,0.2953574462833212,0
0,0.02506051442043738,0
0,0.059696000241021625,0
0,0.10783097695564942,0
0,0.004801296772959269,0
0,0.3272779729272675,0
0,0.2918363708019778,0
0,0.001742267533107689,0
1,0.30325951450766503,0
0,0.15759741042339473,0
1,0.7066768082823979,1
1,0.2845045709623876,0
0,0.007485294504178317,0
0,0.22525024817343292,0
0,1.3769772359218738e-05,0
1,0.17091822776234594,0
0,0.01471485095319385,0
0,0.1285588302455405,0
1,0.7932714677458262,1
0,0.014841727227875575,0
0,0.0015252971963551955,0
0,0.345286577124865,0
0,0.42613784829643,0
0,0.09797101370832814,0
0,0.005685588113111533,0
0,0.09800893589046593,0
0,0.020855534484618167,0
0,0.0005813564973674771,0
1,0.7554226503016708,1
0,0.00010951670872054628,0
0,0.06606982911601089,0
0,0.028122717451990582,0
0,0.24364190651755777,0
0,0.005445143062788093,0
0,0.0011881261185092157,0
0,0.0009687873249921008,0
0,0.18130282179066814,0
0,0.08157158800987512,0
1,0.8758907251280026,1
0,0.5358309063468991,1
0,0.001064357750462752,0
0,0.6759424509978537,1
1,0.39684151624149616,0
0,0.0010248533554305754,0
0,0.0400757502796243,0
0,0.09779312987409321,0
0,0.015620569207923962,0
0,0.20131200132617927,0
0,0.002630644819268432,0
0,3.8127742721958764e-06,0
0,0.012621217301776398,0
0,0.4824778042267503,0
0,0.8843167493379316,1
1,0.671726379418621,1
0,0.028005996425864262,0
0,0.055231620579675234,0
0,0.0335909307537828,0
0,0.0005314109647466527,0
0,0.3136935140480603,0
0,0.07455563862037305,0
1,0.20973191153239037,0
0,0.03288684950343311,0
0,0.00022948573672845174,0
0,0.0006770894369151339,0
0,0.3383486973293273,0
0,0.16391542394569383,0
0,0.13639339972485715,0
0,0.012147860885335215,0
1,0.5098094781169051,1
0,0.03485911024556017,0
0,0.20243267077809038,0
0,0.33571168230738524,0
0,0.603198155586145,1
0,0.004384127904575466,0
1,0.7010476415423794,1
0,0.059860262229441276,0
0,0.023112999758679417,0
0,0.12150595564371061,0
0,0.23938242418448594,0
0,0.004305215169391588,0
0,0.26675178931388005,0
0,1.4322526638517705e-05,0
0,0.26630086971436306,0
1,0.4923520118189835,0
1,0.5197322356937204,1
0,0.01414276585515023,0
0,0.07512742323840056,0
0,0.006486455817790774,0
1,0.7663662655144173,1
1,0.10770765470873779,0
0,0.001926667568618107,0
0,0.5765786346737528,1
0,0.0704651263326957,0
0,0.15416512738086136,0
0,0.08789949383892587,0
0,0.000930995702369645,0
0,0.09171765793834778,0
0,0.07308078619011042,0
0,0.23343207563549945,0
0,0.6479793743903758,1
0,0.03003805536124981,0
1,0.5096525541751424,1
1,0.7146352328603129,1
0,0.38574737115277996,0
0,0.11730019163783127,0
0,0.013955336708661769,0
0,0.8587385741270948,1
0,0.5650626622439485,1
1,0.035786150349355145,0
1,0.3846739425119075,0
0,0.2829744392544505,0
0,0.01619063557602751,0
0,0.2011254318921643,0
0,0.23842748462968302,0
0,0.19227858883970161,0
0,0.21960397535554338,0
0,0.21351853036796692,0
0,0.05909914753710598,0
0,0.46109086865777227,0
1,0.7575520716495676,1
0,0.7309088498749352,1
1,0.5504610225027845,1
0,0.07322122102867346,0
0,0.5731749772442727,1
0,0.004460726911431733,0
0,0.06812931408195917,0
0,0.012966111866769131,0
0,0.10113338572227165,0
0,0.13321004518376448,0
1,0.20752972493002667,0
1,0.8080159259367665,1
0,0.01306400577083026,0
1,0.4112792026593931,0
0,0.0024705876745237994,0
0,0.15399929594704176,0
0,0.06763072860050759,0
0,0.026057276214906305,0
0,0.06441498532299124,0
0,0.3332533494282929,0
1,0.46776164849272434,0
0,0.019239017031246357,0
1,0.11984991570918802,0
1,0.7460171636061839,1
0,0.4563525429148408,0
0,0.00356252919058765,0
0,0.10813134162211882,0
0,0.04030461451228504,0
0,0.09904496927794323,0
0,0.00010846655949883782,0
0,0.223418964659844,0
0,0.5296860898438093,1
0,0.6412478010458851,1
0,0.10110556265871076,0
0,0.03800179944325821,0
0,0.2656717317548489,0
0,0.5145285089345377,1
1,0.1685928269035595,0
1,0.37606850823825383,0
0,0.7961219999992772,1
0,0.3494611468540489,0
0,0.19003888680441744,0
0,0.3244373158365191,0
0,0.03589277593789147,0
0,0.00014904104115416315,0
0,0.04299257244478488,0
0,0.02622411900473142,0
0,0.33482825217972423,0
0,0.5344792243836011,1
0,0.011959374428077324,0
0,0.07278717839164117,0
0,0.007881785643303304,0
0,0.12762338241457025,0
1,0.8448740579255928,1
0,0.024576083533987488,0
1,0.7685006202700498,1
0,0.10701626122198159,0
0,0.014602794973927604,0
0,0.00545162889858591,0
0,0.20662002716228298,0
0,0.028298005606681234,0
1,0.5682224373195669,1
1,0.4176146585033325,0
0,0.3380168654116911,0
0,0.18924811625760213,0
0,0.11444007113988075,0
0,0.30981132894349833,0
0,0.09296502737175806,0
0,0.0008754890447166904,0
0,0.4699920187115373,0
0,0.05641315053988317,0
0,0.025766443592365067,0
0,0.008562731427538554,0
0,0.4113037523730924,0
1,0.8194630464952115,1
0,0.2764780431245235,0
1,0.44503243676044,0
0,0.0008242179042240994,0
0,0.3850303791565359,0
0,0.5229632736614186,1
0,0.41300468547870317,0
1,0.4079133405265732,0
0,0.8743979825848305,1
0,0.26797226712440947,0
0,0.036562136752819455,0
0,0.08770247395330709,0
0,0.0013108575143622422,0
1,0.21349837063340807,0
1,0.4063597426362093,0
0,0.11647401426791877,0
0,0.03859465154390843,0
0,0.02121769415539909,0
0,0.05177786205637411,0
0,0.00096924293973161,0
1,0.7776033806815968,1
0,0.4049170251327651,0
1,0.3363260629323511,0
0,0.7421743491124774,1
0,0.007255186428737357,0
0,0.002722581845718171,0
0,0.00031175782801231726,0
0,0.08702574626228125,0
0,0.08640496207772036,0
0,1.1436685192171278e-05,0
0,0.01879843374078459,0
0,0.009047017592156838,0
1,0.8005178331083208,1
1,0.2518311374925624,0
0,0.1541666388120588,0
0,0.1546398657833594,0
0,0.05242144537873397,0
1,0.5792467262743844,1
1,0.5683418929268664,1
1,0.15353243232204242,0
0,0.029570915921767124,0
1,0.6339651388393276,1
0,0.10087173730980394,0
1,0.7575445992855034,1
1,0.4701529319965077,0
0,0.060490226840582646,0
0,0.19807787348656786,0
1,0.8032718870163283,1
1,0.08402580556196378,0
0,0.019919472614247487,0
0,0.0003401375891768823,0
0,3.8420689135399876e-05,0
1,0.23745409564196016,0
0,0.017314963683506202,0
0,0.1938323760418259,0
0,0.7474566097650464,1
1,0.8691753488364867,1
0,0.0003909109527579442,0
0,0.0865990864337812,0
0,0.03345924148450573,0
1,0.3920151318899822,0
0,0.012627789405797339,0
0,0.006616456907361484,0
0,0.21732789900174138,0
0,0.017302531114336685,0
0,0.24157468870357696,0
0,0.8113820620974641,1
0,0.13375362944519698,0
0,0.02871618818862568,0
0,0.7030806244839426,1
0,0.0003723569982926128,0
1,0.23230258546060167,0
1,0.4245363526326904,0
1,0.19905869986038308,0
1,0.7863245331779173,1
0,0.09767211486223222,0
0,0.6607332169155707,1
0,0.3998128814451619,0
0,0.0003660076373144745,0
0,0.002610367462048735,0
0,0.21367848747100793,0
0,0.014641651726885394,0
1,0.8019925922815829,1
0,0.009375627471181787,0
0,0.01884884793396095,0
0,0.48000502708930753,0
0,0.04570242096927133,0
0,0.7410421527289192,1
0,0.0043308410227816275,0
0,0.3354755188907911,0
0,0.0023048784520097723,0
0,0.0018410116305609076,0
0,9.974809929808453e-05,0
1,0.888460996203027,1
0,0.0026547478096608174,0
1,0.6000103762183671,1
0,0.046613489669679,0
0,0.2798748633619588,0
1,0.849028965960295,1
0,0.2839360928502895,0
1,0.2114929019235401,0
0,0.746479970370721,1
1,0.7219618782844959,1
1,0.12069700708054625,0
1,0.2722886892557186,0
1,0.8674828091989266,1
1,0.7712626978169815,1
0,0.2751729831260884,0
0,0.00143083132882744,0
0,0.3027366335631564,0
0,0.23487617952001835,0
0,0.02301776879455485,0
0,0.0008250522343050223,0
0,0.014402533445290943,0
1,0.8033892776180561,1
0,0.35218190961069357,0
0,0.006761224859364001,0
0,0.035850025156426206,0
0,0.008094518949401781,0
0,0.13953307983781182,0
0,0.0008884140741367028,0
0,0.24338189848183134,0
1,0.8725570226717598,1
0,0.8433094695861106,1
0,0.25994068586734664,0
1,0.6875136143448211,1
0,0.0025662535326185735,0
0,0.024658640226246194,0
0,0.24869551554225855,0
0,0.8459138737146271,1
0,0.0006809526805696612,0
0,0.14906004426827965,0
0,0.08434882507433526,0
0,0.005609495888999762,0
0,0.009863854026322826,0
0,0.05644618865773087,0
0,0.010828108746907086,0
0,0.09724315214047598,0
0,0.0002424593031423889,0
0,0.031045387296260732,0
0,0.22625158191119096,0
1,0.35440135339274326,0
1,0.2518369312378723,0
0,0.002256457940468314,0
0,0.00011491203913473931,0
0,0.15531645041692269,0
0,0.0010749140061003558,0
0,0.03551825144465799,0
0,0.06546206389651686,0
1,0.3900683992380657,0
1,0.46061764620250434,0
0,0.06033874008292878,0
0,0.012013893898571697,0
0,0.11454627998777074,0
0,0.004151722438221154,0
0,0.12492854719424058,0
0,0.019094085066553215,0
0,0.6747937473803527,1
0,0.04533799301412477,0
0,0.0012749576149173518,0
0,0.05354659232999042,0
1,0.3493020332072601,0
0,0.19070367213125194,0
0,0.08021474302045341,0
0,0.002383617156863034,0
0,0.033544713737750094,0
0,0.07218669042008312,0
1,0.4619098881995089,0
1,0.42204024613580554,0
0,0.045772169684003446,0
1,0.5126425116057011,1
0,0.7477304646063073,1
0,0.0001544015652528815,0
0,0.011637722785516936,0
0,0.054876364609542296,0
0,0.013858629006497439,0
1,0.424733126320086,0
1,0.5180318621741571,1
1,0.17843349638353087,0
0,0.08458722389816169,0
1,0.4211709769567046,0
0,0.4035193319037951,0
0,0.09629448463991887,0
0,0.00048288947423157915,0
0,0.014175736663430758,0
0,0.017167443337890168,0
0,1.3823002468419886e-05,0
0,0.009343616608792819,0
0,0.05905911287872176,0
1,0.8276573939256178,1
0,0.4956825220110297,0
0,0.00017487716917522985,0
1,0.6826181556240521,1
0,1.9655271987893016e-06,0
1,0.46051706070944937,0
0,0.15271997578818716,0
0,0.7193033528710386,1
0,0.00020218234989342345,0
0,0.005468370362388589,0
0,0.09358713381526608,0
0,5.328310821078195e-06,0
0,0.000684052753840292,0
0,0.31192351113568123,0
0,0.10288181961805859,0
0,0.1371513996065217,0
1,0.5216578681729654,1
0,0.2949846004070125,0
1,0.758053091601388,1
0,0.7475841371100629,1
1,0.3775035754344344,0
1,0.7807321914866859,1
0,0.03336689919557958,0
0,0.033387418190048375,0
0,0.0003939071627444941,0
0,0.1862384033753533,0
0,0.049545957011216266,0
0,3.609152265606954e-06,0
0,0.37402190693344883,0
0,0.6116089697511963,1
0,0.6674560716879276,1
0,0.043806033479432446,0
0,0.009547665350438096,0
1,0.7888809686907056,1
0,0.005883821984025269,0
1,0.5048990260355899,1
0,0.014783100453028691,0
0,0.047052957192108544,0
0,3.0373888411730607e-06,0
0,0.00016242689852878788,0
0,0.2556867257675927,0
0,0.0820395362886375,0
0,0.08000714228888735,0
1,0.7585955534820673,1
1,0.023341081914637574,0
1,0.65471176233561,1
0,0.002620277776989214,0
1,0.8450910217350187,1
0,0.017590762732003884,0
1,0.8183122476986182,1
0,0.21089914093054207,0
0,0.011894528992646295,0
0,0.3023811871662747,0
0,0.03744704789365555,0
1,0.6759985550391867,1
0,0.895534426960872,1
0,0.02150830037748815,0
0,0.4502955041732744,0
0,0.27202203054342644,0
0,0.13056950531251127,0
1,0.2600071314568309,0
0,0.03531635108717743,0
0,0.28772945422629986,0
1,0.035063148144456574,0
0,0.2661315975774373,0
1,0.8582980010186387,1
0,0.03648548159124504,0
0,0.005199468240358514,0
0,0.21576940983501738,0
0,0.1294532276160129,0
1,0.6127098804771482,1
0,0.08572400066355348,0
0,0.0038765455780259265,0
0,1.6767859085229991e-06,0
0,0.037795730852856556,0
0,0.053929143232015815,0
0,0.09113565661679356,0
0,5.020201766441375e-06,0
0,0.03816959831036326,0
0,0.745374421694303,1
0,0.6353369529849623,1
1,0.6310229123367881,1
0,0.00227982119032857,0
0,0.00792247804180194,0
0,0.030942223616464204,0
0,0.004319743474489048,0
0,0.23263321229924866,0
1,0.3179723065887527,0
0,0.21067922791511717,0
0,0.027990544650099806,0
0,0.18071994407801031,0
0,0.0021890214443192097,0
1,0.5344550091122994,1
0,0.3788336801382969,0
0,0.05557516299262372,0
0,0.047635663384055026,0
1,0.13083577116970319,0
0,0.1633705066803078,0
0,0.18278164110790004,0
0,0.02433478985346295,0
1,0.407834519710245,0
0,0.5216139055669843,1
0,0.031647515909656185,0
1,0.3812183053351225,0
0,0.0035182639064233485,0
1,0.6121132860735234,1
0,0.05032177360522648,0
0,0.007662104968592594,0
0,0.2981205296546293,0
0,0.0009043338804664761,0
0,0.22734372464133737,0
1,0.2846747924618673,0
0,0.03175678537669001,0
0,0.12027583681945887,0
0,0.2093465871991531,0
1,0.6148644001292831,1
0,0.0432718771498979,0
0,0.06311324300509599,0
0,0.0008522216182006778,0
0,0.01050198109419347,0
0,0.02509194943447795,0
0,0.000132278499755135,0
0,0.07079622320375913,0
0,0.3507139703851087,0
0,0.037431452283272666,0
0,0.04182804431888361,0
0,0.008901591138278299,0
0,1.441853443661048e-05,0
0,0.0020306352887679156,0
0,0.002078649544702925,0
0,0.0908677209394457,0
0,0.4113381176005854,0
1,0.7938253192318794,1
0,0.6430103619537022,1
0,0.0196501356197595,0
1,0.5745519074550117,1
0,0.29703039497634137,0
0,0.011121698272811615,0
0,0.14663926372314479,0
0,0.0027486354232260693,0
0,0.009784822456905325,0
0,0.13919764214022523,0
0,0.005854481171999834,0
0,0.043160059445919885,0
1,0.2643398691985794,0
1,0.6898969738580137,1
1,0.8467942508798905,1
0,0.16758484895588838,0
0,0.017892954963923575,0
0,0.05022954236137561,0
0,0.15846007286815222,0
1,0.32337210059487276,0
0,0.06052374674283264,0
0,0.0316480763072407,0
1,0.07904593510154963,0
0,0.7114277309352716,1
1,0.8279828292432116,1
0,0.009701479885269306,0
0,0.12994130810782278,0
1,0.12941384467502376,0
1,0.3847937098060394,0
0,0.32126233343177546,0
0,0.15246836487282034,0
0,0.11914891063045395,0
0,0.01652148564394649,0
1,0.46380455348191096,0
0,0.012860276621917683,0
0,0.049522850103654904,0
0,0.4558625592248987,0
0,0.008576662683177432,0
0,0.161222071950306,0
1,0.9403676191890725,1
0,0.14232984687173814,0
1,0.8284241765776084,1
1,0.4722485231038235,0
1,0.8210979724421616,1
1,0.842117864891401,1
0,0.0007001155290343109,0
0,0.4446274557316994,0
0,0.020748497692663438,0
0,4.8421304204962465e-06,0
0,0.01731732884252721,0
0,0.11062830335069594,0
0,0.001494926974532681,0
0,0.6995882926664758,1
0,0.10180445767512014,0
0,0.03846822593646093,0
0,0.7182288941822221,1
0,1.0274130317459896e-05,0
0,0.36987786525525634,0
1,0.7708920627967207,1
0,0.16172696643862572,0
0,0.19423913585163763,0
0,0.0003321003796817386,0
0,0.01672844107354933,0
0,0.1909250358962985,0
0,0.4467166715954131,0
0,0.1304144751219513,0
0,0.0019989227830864292,0
0,0.15122019915156532,0
0,0.054201569277336686,0
0,0.12196921509810951,0
0,0.06825108509852744,0
0,0.027486105541869255,0
1,0.49605192961353434,0
0,0.05371576439030593,0
0,0.02997605744574083,0
1,0.23931124661636793,0
1,0.8749383818576736,1
0,4.884881736391587e-05,0
0,0.9231703980283056,1
0,0.4046362704707516,0
0,0.006132342343120959,0
0,0.001233166404910618,0
0,0.12344144505388159,0
0,0.00012765244221857173,0
0,0.04594215382491373,0
0,0.738119205572758,1
0,1.5496959159432372e-05,0
0,0.4874973587474891,0
1,0.42548676595148965,0
0,0.10386147325210314,0
0,0.08212593483761384,0
0,0.034811470013142595,0
0,0.07294410010007218,0
0,0.0037136467026383595,0
0,0.09973729924553838,0
0,0.0027559421326144857,0
0,0.0034933037442010997,0
0,0.6002944541525681,1
0,0.025410134835471623,0
0,0.0003590523479884664,0
0,0.006422090176935543,0
0,0.00032511304331267493,0
0,0.27069429936870676,0
0,0.056026034378427514,0
1,0.43126063212449084,0
0,0.3175117649500443,0
0,0.07041323850076538,0
0,0.026768839574265332,0
0,0.6782599465583974,1
0,0.024102621083064494,0
0,0.0006656685055112988,0
0,0.011559733952587041,0
0,0.04778200125549499,0
0,0.2694501241399007,0
1,0.5645997290879606,1
0,0.0036565775371205822,0
0,0.008824996515368291,0
0,0.29979209531721057,0
1,0.7853806260536101,1
0,0.015694558412224797,0
0,0.07666646258089327,0
0,0.39509614490071876,0
0,0.008196416670573059,0
0,0.10512120661859028,0
1,0.6091357364411962,1
1,0.6485653822765157,1
0,0.0004448613859624469,0
0,0.1874542173988968,0
1,0.1534158018492733,0
0,0.058666662514665936,0
0,0.3779079847440243,0
0,0.042283296686799796,0
0,0.2421198780790329,0
1,0.3756996505649267,0
1,0.9398486854113676,1
0,0.054412214632673275,0
0,0.2788225398891145,0
0,0.001806067535036015,0
0,0.042258096995329585,0
0,0.08724341512008402,0
1,0.7397373256527171,1
0,0.7481490002931345,1
0,0.044405352526959166,0
0,0.003267086253458281,0
0,0.3141583652801185,0
0,0.5586838166333902,1
0,0.08774468516656851,0
0,0.6370446735976941,1
0,0.4801472965377318,0
0,0.15579425041878586,0
1,0.5916784518565869,1
0,0.6219197096083441,1
0,0.22552366270848767,0
0,0.011470701681528063,0
0,0.016856052732823788,0
0,0.04405651183037015,0
0,0.005334268329658071,0
0,0.004688123738975133,0
0,0.21096049604010714,0
1,0.5283055692397464,1
1,0.8463891962183282,1
1,0.8246727397841052,1
0,0.3892200209642914,0
0,0.00241758948854537,0
1,0.9372151261664254,1
0,0.07992455465870694,0
0,0.3538844297942153,0
0,0.00028844834697860043,0
0,0.2021721189018758,0
0,0.0003401324497603612,0
0,0.10145610519040633,0
0,0.2578911415884074,0
0,0.5457262380743184,1
1,0.2889801076647856,0
1,0.8339879497286514,1
0,0.00604398696420087,0
0,0.006087972700290094,0
1,0.13209091790966815,0
0,0.001583094623330418,0
1,0.40930875903573005,0
1,0.3248571411562778,0
0,0.6177467910066962,1
0,0.40538849019077455,0
1,0.6815495549298143,1
0,0.009383230139225538,0
0,0.0005346166296577707,0
0,0.6908140378589751,1
0,0.6374177469224361,1
0,0.06654384935134713,0
0,0.060211375666732125,0
0,0.02296006291096442,0
0,0.24644804320141633,0
0,0.1491740770634852,0
0,0.29247161622264833,0
0,0.002556503435219411,0
0,0.0009116119143771958,0
0,0.2890937714442905,0
0,0.00019515988048610293,0
1,0.810054484597212,1
0,1.387064022237916e-06,0
0,0.03220431649210297,0
0,0.022537767904496773,0
1,0.8342136957311671,1
0,0.0040961661372164795,0
0,0.0016307610963890615,0
0,0.560170006378346,1
0,0.2922801694388029,0
1,0.26808788161970326,0
0,0.06591842159344716,0
0,0.0018833156246916747,0
0,0.011807879703500886,0
0,0.04163737043887702,0
0,0.0004083433164516194,0
1,0.38189004554494926,0
1,0.9205994358489085,1
0,0.03255829960808001,0
0,6.772388448446988e-05,0
0,0.047229690733932836,0
0,0.004399153272694776,0
0,0.17051549792871998,0
0,0.10341896401082284,0
0,0.08335697101619,0
0,0.110110515452119,0
0,0.28367151972302085,0
0,0.060107218610571375,0
0,0.17699747742907723,0
0,0.2190661399941094,0
0,0.7401517393768055,1
0,0.08937243411016738,0
1,0.7560398535305529,1
0,0.5459470556892981,1
0,3.873308117361769e-06,0
0,0.00026951887393099924,0
0,0.04038077152139023,0
0,0.494700203505919,0
0,0.14633826365788571,0
0,0.08010024709222509,0
1,0.6519373245096449,1
0,0.39487537038726694,0
0,0.02951041407749315,0
1,0.33571895674971436,0
0,0.03280002077139818,0
0,0.0411471352759914,0
0,0.013785979682729193,0
0,0.007798751805595721,0
0,0.0033894348497708767,0
0,0.003373366253172915,0
0,0.0017262263417876635,0
0,0.36458603503593895,0
0,0.037571448948123004,0
1,0.7061209546256092,1
0,0.0033017922550171623,0
0,0.7552924786511483,1
0,0.0016362076430064196,0
0,0.05939620097501586,0
0,0.02950604197867825,0
0,0.0007949072232732041,0
0,0.04507634424053977,0
0,0.008237068000575408,0
0,0.09601890228205649,0
0,0.027594966455768515,0
0,0.23560731695852666,0
0,0.012518041086834146,0
0,0.01078579809561138,0
0,0.09007992423241777,0
0,0.11776347059560144,0
0,0.04391031469946475,0
1,0.2759071426768189,0
0,0.790994821130926,1
1,0.8167112271127631,1
1,0.5688946420784012,1
0,0.0003926632738052031,0
0,0.0013879944658536526,0
0,0.011803535463210318,0
1,0.1362272134959303,0
0,0.02953442158242749,0
0,0.07301688287653904,0
0,0.02438815463385135,0
0,0.09210811677917588,0
0,0.45973540519905626,0
0,0.008019205791367605,0
0,0.070796815109082,0
0,0.0019681248974245877,0
1,0.4645686001420281,0
0,0.006412413470583376,0
1,0.7971238469221947,1
1,0.19012324416531737,0
0,0.2635568822411089,0
0,0.008936120451030245,0
0,0.3842339024697803,0
0,0.2000535546117761,0
1,0.7589815330646827,1
0,0.0006617723519560159,0
0,0.0006321517287524385,0
0,0.1339870201694672,0
0,0.26926333169003797,0
1,0.3359785190367516,0
1,0.7842942596471408,1
0,0.04876535964758171,0
1,0.4499078509108776,0
0,0.12527387952655247,0
0,0.07910233512975985,0
0,0.010301620086405403,0
0,0.4312477292855532,0
0,0.10440182311973577,0
0,0.034097001272662776,0
0,0.01885288030672144,0
0,0.007603603187035665,0
0,0.016400434970286835,0
0,0.14931387516686193,0
0,0.0012037585701126243,0
0,0.5229975106712711,1
1,0.43463360903673487,0
0,0.059327675224482276,0
0,9.85030758999241e-05,0
0,0.0076984926073995355,0
0,0.0011991539706106957,0
0,0.8087995890912982,1
1,0.5539708989765185,1
0,0.07883821551384818,0
0,0.020485505420554422,0
0,0.016252624375102484,0
0,0.09135620844392131,0
0,0.022958777730174185,0
0,0.016230711341286872,0
0,0.1317915202966056,0
1,0.7823221971173843,1
0,0.8083444342588496,1
0,0.07070930781283567,0
0,0.059050958259568055,0
1,0.616295243082625,1
1,0.5311143766941512,1
0,0.03148362640890737,0
1,0.7613486264924436,1
0,0.14098538190072243,0
1,0.4765350638628062,0
0,0.05093571461236674,0
0,0.0013734771886743694,0
1,0.32995582237409077,0
0,0.018256497634889537,0
1,0.5857224592885143,1
1,0.8011871222996959,1
0,0.00655262206857218,0
0,0.11404996672906023,0
0,0.02174509605819265,0
0,0.2425324862787208,0
0,0.03516755678702905,0
1,0.662333516796709,1
0,0.3184920797962123,0
1,0.3255626949590931,0
0,0.36830550335062046,0
0,0.03644387468180436,0
0,0.10655688407707156,0
0,0.14070949718918144,0
1,0.7782730022301404,1
0,0.21944014687906013,0
0,0.011518001484989514,0
0,0.0006631604438520352,0
0,4.170788393563048e-05,0
0,0.45649179773904264,0
0,0.01632881397130504,0
1,0.8466248730337856,1
0,8.025787553311811e-06,0
0,0.010090695441110076,0
1,0.15450604470640636,0
1,0.44902508440454864,0
0,0.25256702588559216,0
0,0.31907433303828103,0
0,0.00039867350726682826,0
0,0.5311981405422237,1
0,0.16935578062455683,0
0,0.011607450615754338,0
1,0.7649182571796815,1
0,0.04701764009025309,0
0,0.05558589492065228,0
0,0.042810914361686644,0
0,0.6198017338134694,1
0,0.0010381828633494437,0
0,0.16176588008568943,0
0,0.005702783676737989,0
0,0.007126529699135258,0
0,0.28341166064337164,0
0,0.502573198173732,1
1,0.6984200891866268,1
1,0.08279379878944465,0
0,0.5804832027768039,1
0,0.00870057184422965,0
0,0.028428110233880713,0
0,0.0037392701463255934,0
0,0.09996011737375339,0
1,0.8569536566121775,1
0,0.07726370240237564,0
0,0.20749798437411515,0
1,0.1569480754763378,0
0,0.11913064562663127,0
0,0.004424102810135103,0
0,0.7650241845419281,1
0,0.012147991255578795,0
1,0.05179719606173412,0
0,0.01584844835961108,0
0,0.5747364800120899,1
0,0.03054643391160049,0
0,0.0006331143224626928,0
1,0.024758032990026317,0
0,0.006745097785322028,0
0,0.35723026284438286,0
0,0.0023323043257329062,0
1,0.7919258770202169,1
0,0.33457205158683073,0
0,0.2048368323236328,0
1,0.8061129762396817,1
0,0.018047794986584445,0
0,0.023406736142494635,0
0,0.5782213926837159,1
0,0.808778705840915,1
0,0.054766505436526655,0
0,0.07415343856901584,0
1,0.9162801726267868,1
0,0.10329840479297446,0
0,0.0008355804269114032,0
1,0.2994620116649664,0
0,0.06926990327954295,0
0,0.028714839935484016,0
0,0.16096145431860637,0
1,0.3432223715105235,0
1,0.5495290139176147,1
0,0.3117513268554958,0
0,0.012403612109938443,0
0,0.014781550315062132,0
0,0.0015326543890815298,0
1,0.1476278472242943,0
0,0.0043623028199474435,0
0,0.2473404939306267,0
0,0.06894325539856555,0
0,0.2044324988361505,0
0,0.0002501837108576088,0
0,0.0038549934642489758,0
0,0.00012765203408890007,0
1,0.4140638130762191,0
1,0.5860722524192755,1
0,0.027050994429694584,0
0,0.01277215342419701,0
0,0.44301395451393244,0
1,0.43877991455238224,0
0,0.0010283080472911856,0
0,0.024968597651298552,0
0,0.03124646526505347,0
0,0.08161206502079876,0
1,0.8391187387337506,1
1,0.7891203360590335,1
0,0.0006924514395349057,0
1,0.8211361024010885,1
0,0.0003777203709789649,0
1,0.022928783655350202,0
0,0.12059141064268601,0
0,9.268999064601885e-05,0
0,0.012398796248130504,0
1,0.4593875905341715,0
0,0.07177577994430456,0
0,0.5302753512582715,1
0,0.05060922612866422,0
0,0.024442167167861788,0
0,0.143622531087004,0
1,0.48409083993025853,0
1,0.710314738170357,1
0,0.07741305306634524,0
0,0.11426492000851364,0
0,0.6029077983469692,1
0,0.39380335607896916,0
0,0.0004932891117325578,0
0,0.06957702254372779,0
0,0.21815310708664945,0
0,0.04264004847732502,0
1,0.185872135173875,0
1,0.29018158373507086,0
0,0.15908603849822475,0
0,0.004856767725228619,0
1,0.5261298379887647,1
0,0.005087363833614837,0
0,0.3492529362560808,0
0,0.2912473017651155,0
0,0.6111586744078062,1
1,0.3479106732865171,0
1,0.6628487033456761,1
0,0.026571979673491945,0
0,0.027464969337048072,0
1,0.1676867617162991,0
0,0.0028314855255247946,0
0,0.3597052639580531,0
0,0.3166943502285533,0
0,0.4158435176922665,0
1,0.1619984541959229,0
0,0.13407498368030563,0
0,0.5028218792515943,1
1,0.6665954827691651,1
0,0.35191498441036495,0
1,0.8405963251278796,1
0,4.806710854356616e-06,0
0,0.0012291222289876036,0
0,0.037926458055452215,0
0,0.0570742347922703,0
0,0.055936245553565765,0
0,0.023455469545023148,0
0,0.3511580057188715,0
1,0.6904950941358444,1
1,0.1762330446229194,0
1,0.812988138249197,1
0,0.09380505022278764,0
1,0.43377840605597007,0
0,0.003298275064468432,0
0,0.04616813054742161,0
0,0.029025388534274485,0
0,0.08735694639264871,0
0,0.012551864087761577,0
0,0.029364522867108386,0
0,0.22540731917625453,0
0,0.35792060071214205,0
0,0.5064517136778417,1
1,0.5981829339159972,1
0,0.5312714390941075,1
1,0.717565856207254,1
1,0.5185693040585857,1
0,0.238333064505381,0
1,0.8138613974855043,1
1,0.01966731821632737,0
0,0.12468645046285025,0
0,0.07667936301163591,0
0,0.04172556636776272,0
0,0.0074243712566096805,0
0,0.0006365580144812346,0
0,0.1670074773653165,0
0,0.020761453903775998,0
0,0.011102654556130557,0
0,0.33050973200679057,0
0,0.009496813592843866,0
0,0.35587820030376677,0
1,0.5121653838016658,1
0,0.00430205815451232,0
1,0.17498052213709303,0
0,0.003093632657713221,0
0,0.1243982000103218,0
0,0.0018567857254654409,0
0,0.13433793630980784,0
0,0.37809830610474976,0
1,0.806377932606563,1
0,0.6206989675051057,1
0,0.002420732501596029,0
0,0.06625565969450717,0
0,0.17685193250970865,0
0,0.023844156962154413,0
1,0.4420776467770939,0
1,0.7639784016053619,1
0,0.02907397788865947,0
0,0.12741302532859028,0
0,0.2593815392433173,0
1,0.3949480610242408,0
0,0.03426643997027747,0
0,0.2518820441068494,0
0,0.722483265515633,1
1,0.5423369207194603,1
0,0.047504531803109165,0
1,0.2294135653282832,0
0,0.38089997195955744,0
0,0.0027063392281879406,0
1,0.6354319811431931,1
0,0.03826663235759021,0
0,0.07001026405475357,0
0,0.005878598053984807,0
0,0.05158646772826813,0
0,0.10947343332462686,0
0,0.7280043510903118,1
0,0.7647839316379959,1
0,0.039297088675154246,0
0,0.1633656533618904,0
0,0.01584985490955517,0
1,0.20206461093775904,0
1,0.5771289037451992,1
0,0.15366122197838514,0
0,2.3420796634149085e-05,0
0,0.03347002412250316,0
0,0.20239181286241756,0
0,0.4624144108269299,0
0,0.019375729748617673,0
1,0.8724518844457037,1
1,0.8420491956629942,1
0,0.04133407342412133,0
1,0.5729630440846959,1
0,0.41899314097732243,0
1,0.5080046259992701,1
0,0.01735463580469434,0
1,0.22177747813144114,0
0,0.04860889104243989,0
0,0.41393899678689255,0
0,0.24918753812461206,0
1,0.014229263445119477,0
0,0.3378948099131476,0
0,0.03207938874873101,0
0,0.0313766475518644,0
0,0.10008391506715837,0
0,0.00012259589977065528,0
0,0.38581772146078824,0
0,0.007533019636908461,0
0,0.03520603044727493,0
1,0.7695293613791148,1
0,0.019039854248426958,0
0,0.00405982969456135,0
0,0.24544761995180753,0
0,0.0009382322201405707,0
0,0.058876690793825466,0
0,0.08314969543399087,0
1,0.9322379862105404,1
0,0.012668928880704903,0
1,0.3097145436936804,0
0,0.0035667470289580355,0
1,0.9008094192464449,1
1,0.2413909254603628,0
0,0.003114946692572297,0
0,0.029398310683169376,0
0,0.023242083811176407,0
1,0.884863036038808,1
0,0.00011331971802382664,0
0,0.3443775030973429,0
0,0.3427974713451233,0
0,0.06522140203531533,0
0,0.5711350573920725,1
0,0.04097407605060569,0
0,0.38677340442481845,0
0,0.13338138964430898,0
1,0.7839215241767564,1
0,0.8012813852931534,1
0,0.0009677907692352667,0
0,0.30055541273025665,0
0,0.03999399852796644,0
0,0.010216596517420986,0
0,0.025364376289270983,0
0,0.07251748141913643,0
0,0.0011638089434544527,0
0,0.08731136227911958,0
0,0.05271858011609494,0
0,0.026619248482312466,0
0,0.0007831957844438663,0
0,0.3546214079289535,0
0,0.03764408658620355,0
1,0.7447511617512579,1
0,6.600629056933588e-05,0
0,5.2467621515828967e-05,0
1,0.6184406348508599,1
0,0.0018144744489811285,0
0,1.1875646536048507e-05,0
0,0.0317680844471427,0
0,0.18969272946162227,0
0,0.03157728599936906,0
0,0.06110368791043829,0
0,0.14564973308797793,0
1,0.31965519319177277,0
0,0.0011636152732009423,0
1,0.5235479252620887,1
0,0.00020188358241776216,0
0,0.04931473182317054,0
0,2.4155987220977836e-06,0
0,0.2066415511012643,0
1,0.8480998466457086,1
0,0.24949809609298262,0
0,0.0004303535174886318,0
1,0.6075066924955133,1
0,0.5784905158173116,1
0,0.15464961580499817,0
1,0.8063059706438676,1
1,0.3742615802557956,0
1,0.3675557856152065,0
0,0.0004968496715901161,0
0,0.21910697193528147,0
0,0.014401048556000003,0
0,0.112113331813421,0
0,0.3792555896527666,0
0,0.7991606955058178,1
0,0.09320988090591943,0
0,0.3051428528130215,0
0,0.3790456404075294,0
1,0.48867449485988657,0
0,0.08763334085270347,0
0,0.02458301874043426,0
0,0.05581981042799161,0
0,0.03867896591611538,0
0,0.01908669178515492,0
0,0.06828308634771924,0
0,0.01744282276973276,0
1,0.1426974947744799,0
0,0.4958889012274065,0
0,0.08641217928490302,0
0,1.1240920617514548e-05,0
0,0.2312395626709465,0
0,0.0020112564094122267,0
0,0.05228870695034069,0
0,0.25209158734042175,0
0,0.053292657237137574,0
0,0.046403908399324845,0
0,0.0771864368572194,0
0,0.12957023464165643,0
0,0.3711953827859522,0
0,0.005339751939232533,0
0,0.6004333340730611,1
0,0.6210299697783854,1
0,0.012624259349801723,0
0,0.4277298612992254,0
0,0.2759814148097978,0
1,0.7866374961951961,1
0,0.13589736351075926,0
0,0.0036994434182369843,0
0,0.046124520918253066,0
1,0.3108070370361248,0
0,0.1670883412438056,0
0,0.13423216952170414,0
0,0.656541555343556,1
0,0.2671918069058699,0
1,0.21299558185051204,0
1,0.3391988195162608,0
1,0.9536341531824397,1
0,0.26545546643392814,0
0,0.004398266956503493,0
0,0.12279383185440905,0
1,0.7487217665410738,1
0,0.05630188081082394,0
0,0.2961129996851759,0
1,0.7630848800151723,1
0,0.47959686761046605,0
1,0.8751857524105332,1
0,0.11073138191535087,0
1,0.3378950343939399,0
0,0.052706534418894536,0
0,0.10361054780115342,0
1,0.4859794345084284,0
0,0.0003265153843793121,0
0,2.815094103432914e-05,0
0,0.11682706780964065,0
0,0.016017448676486058,0
0,0.22992003803096442,0
0,0.1941818758416575,0
0,0.00030754198920638883,0
0,0.39404038979402084,0
1,0.3697519737079654,0
0,0.044807437737743185,0
0,0.3119037247046229,0
0,9.380606749079788e-05,0
1,0.612930016729011,1
0,0.2097511968369476,0
0,0.23297504242577186,0
0,0.002684152843115555,0
0,0.08724269870617105,0
0,0.23277815585528644,0
0,6.35130310798504e-05,0
1,0.7050728961432671,1
0,0.004483757585546489,0
1,0.7545846047214516,1
0,0.35261983153140875,0
0,0.017110959667631803,0
0,0.31191800763292277,0
0,0.6834796006634499,1
0,0.1811113749010937,0
0,0.0697510901099348,0
1,0.40811541662489237,0
0,5.2438412431755084e-05,0
0,0.06780882380343933,0
0,0.16356734433408243,0
1,0.2482588447207815,0
1,0.8924433093972217,1
0,0.1619240521772185,0
1,0.6437872146144156,1
1,0.9065932764686078,1
0,0.0307494558553234,0
0,3.625563241345226e-05,0
0,0.01922721450248388,0
1,0.42308487564807995,0
0,0.09986310257982976,0
0,0.0024881468164676874,0
0,0.16750178962260784,0
1,0.20259254792312506,0
1,0.5116080897835826,1
0,0.038988685675064784,0
0,0.24038147024554332,0
0,0.00815563593622318,0
1,0.5522497751344358,1
0,0.3443929679119463,0
0,0.019707271281757744,0
1,0.11741959213220507,0
0,2.3264731725660338e-06,0
0,0.09456723983477723,0
0,0.3045225343333291,0
0,0.019926222904960465,0
1,0.656638293287919,1
0,0.2234489575195792,0
0,0.09258718437655458,0
0,0.4565038932840095,0
0,0.22257683910790177,0
0,0.4009752377070852,0
0,0.3430576540255321,0
1,0.9005911294643802,1
0,0.24236054459859477,0
0,0.4395479976574048,0
0,0.0002203411535322609,0
0,0.24779598246839188,0
0,0.05039762667862886,0
0,0.024797254389773635,0
1,0.6870627753718268,1
1,0.8341511142783651,1
0,0.044273017081668586,0
0,0.29854048490300344,0
0,0.00604626108056347,0
0,0.07705722349196434,0
0,0.10704070465363026,0
0,0.11343382197042766,0
0,0.00647533773795165,0
0,0.017735630582642402,0
0,0.07227915612483812,0
1,0.6758485781824987,1
0,0.00020044966722118383,0
1,0.8960601089687803,1
0,0.5176259449062827,1
1,0.798985173994229,1
0,0.13658279566446685,0
0,0.03411724254421587,0
0,0.019661939911676272,0
0,7.135801790915904e-06,0
0,0.2745514756013445,0
1,0.8086336175342971,1
0,0.0015454925131756676,0
1,0.5774886587281279,1
0,0.1479054422642498,0
1,0.8002512396687645,1
0,0.1930444485631713,0
0,0.0005285127274243697,0
0,0.01711272789226046,0
1,0.8314584842578102,1
0,0.00037423616520157157,0
1,0.07021043816340236,0
0,0.0016804551831571415,0
0,0.3164750977934209,0
1,0.611759558722129,1
0,0.010065923605958814,0
0,0.0679303780495998,0
0,0.00033985968383335797,0
0,9.488179751802795e-05,0
1,0.2973044775598005,0
0,0.10074838885955793,0
0,0.08686802314937259,0
1,0.45524085821162125,0
0,0.5042566851222223,1
0,0.1747099020877374,0
1,0.4156073233006858,0
1,0.8610105655397166,1
0,0.001314999900929532,0
1,0.2354777129161757,0
0,0.06929638505647283,0
0,0.020968414282875714,0
0,0.05465663436257476,0
0,0.08974206033905932,0
0,0.01690070314804261,0
0,0.24232618410722745,0
0,0.2350007117722719,0
1,0.5725363754049694,1
0,0.0024925488217411307,0
1,0.48336955433945933,0
0,0.08881083907962854,0
0,0.04465196521997139,0
0,0.03611791408492831,0
0,0.18437088654542277,0
0,0.017914893646252556,0
1,0.27485538644268775,0
0,0.023605436234952717,0
1,0.48273755123606316,0
0,0.001432461343783364,0
0,0.4178492329257921,0
0,0.0005965738837403238,0
0,0.0013971461922920795,0
0,0.001461490685626694,0
0,0.0019303280135888345,0
0,0.026930432789456386,0
0,0.11786794332531667,0
1,0.5651434731331451,1
0,0.04800334379444835,0
0,0.0032460030632666106,0
0,0.291293615076053,0
0,0.0028362933948039007,0
0,0.000473576081559012,0
0,0.3608456756336468,0
0,0.130884861520122,0
1,0.1511114818736744,0
0,0.05346195772733538,0
1,0.8227133582093197,1
0,0.046838413639506464,0
0,0.004384477913323521,0
0,0.027644602176727505,0
0,0.20257131182845164,0
0,0.037109622414517485,0
1,0.1487894959678751,0
0,0.04038759875258805,0
0,0.06635568188491812,0
0,0.32167204740403993,0
0,0.005919668781414009,0
0,0.0048199889835914625,0
0,0.05543815825946698,0
1,0.8462127854407658,1
0,0.13115105962007048,0
0,0.31646724411789096,0
1,0.09407419207652987,0
0,0.004265594890519523,0
1,0.5469475267953691,1
0,0.3707988702764832,0
1,0.27336248354785303,0
1,0.17776373916557212,0
0,0.3298160277504824,0
0,0.14220801190522936,0
0,0.04768753759175743,0
0,0.2819992506330036,0
0,0.06021143338961369,0
0,1.3226248743004672e-05,0
0,0.019200695012391987,0
0,0.004404853832632452,0
0,0.05474304929893796,0
0,0.022204381344146734,0
1,0.9277797982924121,1
0,0.16531691713506533,0
0,0.2514309841734579,0
0,1.9212842731169873e-06,0
0,0.08990975510117705,0
0,0.00010219020683563787,0
1,0.10915862047709889,0
0,0.10657055408724775,0
0,0.47732099863400385,0
1,0.6279498968014939,1
0,0.011971457176697444,0
0,0.14034530585398775,0
0,0.00047424300757071245,0
0,0.0010408626269088408,0
1,0.578964394050386,1
1,0.1776646961151703,0
1,0.8068757559112768,1
0,0.25043645137589904,0
0,0.43657324227463945,0
0,0.06256409230212798,0
0,0.06404881120800607,0
0,0.014535450901458837,0
0,2.8874313800489928e-05,0
0,0.0007972463581551864,0
1,0.2512696373486831,0
0,0.186193895699234,0
0,0.00020073808292926952,0
1,0.7955754876907515,1
0,0.015323798086026935,0
0,0.05038081864985876,0
0,0.883799422883445,1
1,0.7466291308187052,1
1,0.22373871322504593,0
0,0.03519606405577704,0
0,0.0008204728344578751,0
1,0.9128107520669368,1
0,0.012313497465131223,0
0,0.02647457735247436,0
0,0.0005388428264270182,0
0,0.002999852185602954,0
1,0.40997555034665006,0
0,0.006227935760877595,0
0,1.463854141675272e-06,0
0,0.001043197391240526,0
0,0.0014962172412807736,0
0,0.20238824033309857,0
0,0.0018675294793516516,0
0,7.215866534999845e-06,0
0,0.3721369256181621,0
1,0.3473002634488977,0
0,0.018233221043228817,0
0,0.3023471716343032,0
1,0.5771769142926086,1
0,0.01939029427565636,0
0,0.013605380699776444,0
0,0.09369859737173022,0
0,0.33530931275942083,0
0,0.03836878073708347,0
1,0.48064062287255455,0
0,0.004350842452904309,0
0,0.017417317859896673,0
0,0.12465958584729188,0
0,0.13378512068443735,0
0,0.004365296797743103,0
1,0.5668154891312188,1
0,0.12593193220969817,0
1,0.48912464697683905,0
0,0.000853873894303748,0
1,0.7818605537675811,1
1,0.6676474358043355,1
0,0.001053118727360311,0
0,0.07717849568581611,0
1,0.13988048964418806,0
0,0.30585683315036666,0
0,9.678186894002445e-05,0
0,0.008596429176225114,0
1,0.5947846990535279,1
0,0.08603398301701913,0
0,0.24184499903875678,0
0,2.0942222547116522e-05,0
0,0.21383560385640196,0
0,0.004518546506442202,0
0,0.4960240887618201,0
1,0.5944307572608877,1
0,0.0032515253780790684,0
0,0.037520134024880816,0
0,0.09653742852116823,0
0,0.1530457885657619,0
1,0.8510744059591228,1
0,0.2916715644920728,0
0,0.00033137733364285314,0
0,0.20651319510900618,0
0,0.30706686509860787,0
0,0.6088156851687998,1
1,0.47974277142816785,0
0,0.11328635065008702,0
1,0.8085086759822366,1
0,0.025029342868759685,0
0,0.07649944248171496,0
0,0.01091273736909491,0
0,0.45155002338437783,0
0,0.5586744821986669,1
0,0.02650057662224714,0
0,0.4614470904015492,0
0,0.02286292918542002,0
0,0.07146959871817288,0
1,0.3102316423903974,0
0,0.08970603780504803,0
0,0.03801538712793129,0
0,0.042048151295302386,0
0,0.36505007170973747,0
1,0.7496744815734689,1
0,0.7205402224706338,1
0,0.010862256766940545,0
0,0.3938395153312373,0
0,0.0011887955964531326,0
1,0.6958849569338655,1
0,0.35191431555881153,0
0,0.17350821908413344,0
1,0.8361424075304743,1
0,0.0833091507465724,0
0,0.0065911557795138844,0
0,0.020385602291482383,0
1,0.6775514863994896,1
0,0.020729208700574698,0
0,8.617148949396161e-05,0
0,0.22665909313728255,0
0,0.004048486597723177,0
0,0.22304139179106128,0
1,0.6002951704542094,1
0,0.0019494986736175867,0
0,0.11841393071967554,0
0,0.000323492912632829,0
0,0.0020505185561341425,0
0,0.006534272216906726,0
0,0.77111182864037,1
0,0.2990700569334937,0
0,0.5854292842361757,1
0,0.521094133593426,1
0,0.10864089725371456,0
1,0.48022104972011703,0
0,0.43379004132516086,0
0,0.16288796545706422,0
0,0.11813739641624198,0
0,0.06624470241500954,0
0,0.05151441621259737,0
0,0.008096732647940868,0
0,0.008724538647777664,0
1,0.3358808698137459,0
0,0.008900388291898303,0
0,0.009966768002119715,0
0,0.6480708079710654,1
0,0.009625635034747492,0
0,0.05635104843372828,0
0,0.039955894983323935,0
0,0.014944730650806147,0
0,0.01177442575499403,0
0,0.008466686600985849,0
0,0.06412273987657176,0
0,0.8775659916979675,1
0,0.18438702917345076,0
0,0.013742492655158749,0
1,0.3170324982961664,0
0,0.3681787850838826,0
1,0.8509995090162213,1
0,0.004013564720792686,0
0,0.009130985594334865,0
0,0.4356703276889425,0
0,1.659619580154818e-06,0
0,0.005821065543393683,0
0,4.2980273569442434e-05,0
0,0.005576769088343342,0
0,0.0025369890949844074,0
0,0.38646494891370925,0
0,0.000830972273998272,0
1,0.4640345885962078,0
0,0.4385424531544153,0
1,0.17155092407085215,0
0,0.18166764155305332,0
0,0.23664797904057897,0
0,0.4649898496067888,0
0,0.04451749827462367,0
1,0.8353555887986986,1
1,0.544250765609029,1
0,0.2019227322587975,0
0,0.02422583162051158,0
0,0.00362298860365235,0
0,0.6797183034181757,1
1,0.5017037570262813,1
0,0.01712930887345392,0
0,0.12106008958664828,0
0,0.026419475575590566,0
0,0.1846367854530147,0
0,0.07896500385194545,0
0,0.0005416732953153134,0
1,0.4988042713095757,0
0,0.008841314835189148,0
1,0.7824318692917126,1
0,0.22321636780742915,0
0,0.02066806612092929,0
0,0.3115270670064372,0
1,0.46253274346210244,0
0,0.0032734330069364454,0
0,0.0032525862358483526,0
0,0.08616359055915518,0
1,0.04029007638059158,0
0,0.5053246033266682,1
0,0.03958871972137927,0
0,0.00790290799240515,0
0,0.18389059807407343,0
1,0.8475870953147004,1
0,0.0028244586146101785,0
0,0.014621663243232831,0
0,0.0005434548040116298,0
0,0.017284000651602738,0
0,0.011615433053330794,0
1,0.7605153921467309,1
0,0.023658233172186235,0
0,0.015892560520654117,0
0,0.009875724728037275,0
1,0.4926353491394018,0
0,0.0013072147319502885,0
0,0.41482024818182794,0
0,6.0323734152301675e-06,0
1,0.08184780430425084,0
0,0.2002271657704606,0
0,0.0298513223403561,0
0,0.019075766842513102,0
1,0.9184927791342726,1
0,0.006592651102106031,0
1,0.8001555289624365,1
0,2.9324423765470055e-06,0
0,0.024879917202293347,0
0,0.05129542715077633,0
1,0.598043691393298,1
0,0.07223062778021944,0
0,0.4025644054220534,0
0,0.010533463345367537,0
0,0.7422410982987435,1
0,0.27526851592300516,0
0,0.6395765497285358,1
0,0.07620516880962402,0
1,0.38215327143940747,0
1,0.561723508042081,1
0,0.021116637263958404,0
0,0.3489929636655378,0
0,0.044657971139850615,0
0,0.049226283791981955,0
1,0.406124570896951,0
0,0.043543571778353524,0
0,0.49299727039424707,0
0,0.3667335609819795,0
0,0.009801813559432845,0
1,0.4619013629146071,0
0,0.12563852269391518,0
1,0.5779005857297771,1
0,0.46469358083901596,0
0,0.43790565367440415,0
1,0.8309541235538274,1
1,0.6702074087946942,1
0,0.02594008496211181,0
0,0.032042453929396204,0
0,0.35267715986221115,0
0,0.1529433272388333,0
1,0.6606811985150088,1
0,0.3315468167934455,0
0,0.06197915988937408,0
0,0.3877316958618513,0
0,0.30631932960238323,0
0,0.02121788235006688,0
0,8.193813486803432e-05,0
0,0.10720668604798435,0
1,0.41166711944276274,0
0,0.39319642375739733,0
0,0.03474589251109179,0
0,0.643583839678094,1
0,0.08812647406481826,0
1,0.7314527283801205,1
0,0.0003133140598881235,0
0,0.008814349828509217,0
1,0.30200910930618624,0
0,6.724388455874471e-06,0
0,0.02383274695334719,0
0,0.020954807903585105,0
0,0.00018775074920797329,0
1,0.38250723292999933,0
0,0.19093189971826985,0
0,0.2222051834807022,0
1,0.7450056311467368,1
0,0.16572034120367246,0
0,0.39390097965864157,0
0,0.05857302001585078,0
0,0.05638709498292582,0
0,0.3066840124850791,0
0,0.0010060088886065684,0
0,0.559365006357445,1
0,0.21524432138277988,0
0,1.025852760047376e-05,0
0,0.00614665186551969,0
0,0.13439173058513185,0
0,3.542484545327584e-05,0
1,0.6274999673509399,1
0,0.01245110455637492,0
1,0.33187599062891465,0
0,0.0016563535579158656,0
0,0.07838143975109621,0
1,0.7792885722717192,1
0,0.026658303260321356,0
0,0.0883378099798284,0
1,0.3121334546830028,0
0,0.012724320718065079,0
0,0.3724178641203348,0
0,0.2584226212668388,0
0,1.7126279920562402e-05,0
1,0.04861654050268881,0
1,0.5348945992721162,1
0,0.36966503665328904,0
0,0.1296443089561194,0
0,0.011022059295146752,0
0,0.14127483665074478,0
0,0.19959406348370234,0
0,0.042484957563137686,0
0,0.6491224754812143,1
1,0.7988895938009255,1
0,0.0741935821448367,0
0,0.00031861364103269414,0
1,0.47570318734240624,0
0,0.042843671013457936,0
1,0.7414876058936617,1
0,0.3904232095996861,0
0,0.1486351853054916,0
0,1.9165053881871397e-05,0
1,0.5872955183540673,1
0,0.031853032051195225,0
1,0.8289915876379799,1
0,0.15184286847100753,0
0,0.09114582655565878,0
0,0.028875635929905403,0
0,0.007583571365769885,0
0,0.0001120974334546422,0
1,0.42357690824982547,0
0,0.11329337776177412,0
1,0.6760603430692016,1
1,0.7742899876857618,1
0,0.009164841852476489,0
0,0.022864930800081795,0
0,0.3232097386886617,0
0,0.021125458828942484,0
1,0.7982544967906153,1
0,0.36912880858695984,0
0,0.24915910177146758,0
0,0.2772096553486966,0
0,0.07437626494391807,0
0,0.004263666945572414,0
0,0.00010862210646127288,0
1,0.08504188978572552,0
1,0.5592517581055815,1
1,0.5057581578419484,1
0,0.001245957512659802,0
1,0.6985408883042656,1
0,0.007031557016784142,0
0,0.04820244532374882,0
0,0.0005122277339726282,0
0,0.010792341803712392,0
0,0.023841343429975,0
0,0.06524586434417934,0
1,0.7484559459504457,1
1,0.2627738812845795,0
0,0.02519386195924726,0
0,0.2883187174983588,0
0,0.5775336971961407,1
0,0.0003374237283877001,0
0,0.01980819993980215,0
0,0.9099078156011888,1
0,0.27479519435173577,0
0,5.1803077738167425e-06,0
0,0.14375749479324787,0
0,0.012597466681508704,0
1,0.8555423537258717,1
0,0.01148713281081698,0
0,0.0681331255815531,0
1,0.3330052259818445,0
0,0.7380593487574433,1
0,0.6826526020379815,1
1,0.5638078713743211,1
1,0.8034581583920909,1
0,0.000148674495520016,0
0,0.30097870577567004,0
0,0.04290953635057704,0
0,0.03034419183537471,0
0,0.5488081462185901,1
1,0.30503121247890136,0
0,0.008858418528541405,0
0,0.34388046614317713,0
0,0.012844781786417174,0
0,0.026908931456508613,0
1,0.9472787386441596,1
0,0.03632747705059044,0
1,0.8007671187221286,1
0,0.5303562104767974,1
0,0.00010658144329672587,0
1,0.7745371372143794,1
0,0.05865238473950547,0
1,0.37849016475087094,0
0,0.8168516312081391,1
0,0.060730024991739504,0
1,0.7501358476072019,1
0,0.0466211762480836,0
0,0.0008648008715933822,0
0,0.022996720166267248,0
0,0.4843829101402386,0
0,0.09859174065081223,0
0,0.049590341709552524,0
0,0.1975791086502961,0
0,0.024768594740050547,0
1,0.6861883273045817,1
0,7.831138200287068e-05,0
0,0.12020283214818517,0
0,0.44358792936119096,0
0,0.3052765310306235,0
1,0.3006814576527456,0
1,0.3397816445959234,0
0,0.20309448431445712,0
1,0.739538260899827,1
0,0.005150961204672072,0
0,0.2732161239120858,0
0,0.05800449756143157,0
0,0.055877669212371715,0
0,0.0007510134934247476,0
0,0.0890300683926719,0
0,0.31365160944690346,0
0,0.06051088707069925,0
0,0.017883165376598287,0
0,0.007610549710406963,0
0,0.06784881901551845,0
0,0.000833374620930641,0
0,0.00016279352482537524,0
0,0.0478422070202997,0
0,0.006608335812995056,0
0,0.0042141366499123265,0
0,0.31436926109890756,0
0,0.36719866825473824,0
1,0.32751172036618537,0
0,0.15552867904185033,0
0,0.10941273117250308,0
0,0.00037092352768401985,0
0,3.687591915581126e-05,0
1,0.26607596913904463,0
0,0.17789690410526968,0
0,0.019632306275425983,0
0,0.1727617865695401,0
0,0.8623217672657691,1
0,0.010795323569608845,0
0,0.0011211981875668528,0
0,0.7345970790413522,1
0,0.20795707637187025,0
1,0.663151180376002,1
0,0.08560808659692166,0
0,0.05335152542809394,0
0,8.618841781244326e-05,0
0,0.036790760920621245,0
1,0.4760063871236514,0
0,0.09643859637924489,0
0,0.22874739788656365,0
0,0.011568837269275736,0
1,0.8532042216046803,1
1,0.08340093280871241,0
1,0.15073867583609868,0
0,0.10211510872140053,0
0,0.0011495790873864117,0
0,0.5359192957325022,1
0,0.053890752242170194,0
0,0.061546003812410745,0
1,0.23044679090427356,0
0,0.0026274404164709094,0
0,0.015376538933529091,0
0,0.5329860552506264,1
1,0.9320249702302575,1
0,0.4448624183188449,0
0,0.10630025818310027,0
0,0.2999330096821265,0
0,0.3423267284708462,0
0,2.2448640449753024e-05,0
0,0.19743599566163783,0
0,0.4176794321378543,0
0,0.0018643649252364676,0
1,0.23699383816579495,0
0,0.01186122127038534,0
1,0.5567076395616745,1
1,0.7678331065347911,1
0,0.0027718374034159774,0
0,0.004139368953649847,0
0,0.0014977130042075006,0
0,0.3554547904437728,0
0,0.19515113272127388,0
0,0.03241745007336564,0
1,0.7558691927581421,1
1,0.8785719596430539,1
1,0.14401751018148062,0
1,0.06864688519590025,0
0,0.2914712106968291,0
0,0.10699450567951387,0
0,0.20765815783913055,0
1,0.561449854458844,1
0,0.03249088147883332,0
0,0.020930397419144736,0
0,0.028171302789155212,0
0,0.0015901118105661274,0
1,0.2362751797101205,0
0,0.01745579300929894,0
0,0.01766727144038552,0
0,0.07592659858258652,0
0,0.09939890008840169,0
1,0.7628402478108781,1
0,0.42606798038720095,0
0,0.208237870538855,0
1,0.7057783915960448,1
0,0.048736151650055834,0
0,0.33666523701001255,0
0,0.08126582222168681,0
0,0.2613723236522305,0
0,0.2488199912294961,0
0,0.1982819159965812,0
0,0.0028709438161545493,0
0,0.06697635893950932,0
1,0.8324634765323033,1
0,0.014339658095681515,0
1,0.6871727151739498,1
0,0.44607704557056405,0
0,0.00040428240078873976,0
0,0.004663251995157997,0
0,0.3771844004593999,0
0,0.053636429264633634,0
0,0.024540697962907313,0
0,0.043493780666956576,0
1,0.7099961967481603,1
0,0.05103958091970242,0
1,0.10139022901942082,0
0,0.0013250689395410055,0
1,0.10589615489558012,0
0,0.024277499616772957,0
0,0.042238297370317715,0
0,0.10807471560184176,0
0,0.13619454674464898,0
1,0.9542305042350065,1
0,0.004588963812339602,0
1,0.15780774242406112,0
0,0.0016668228618660363,0
1,0.39791870217594205,0
0,0.27025763043800793,0
1,0.9018920800368474,1
0,0.00836261501651734,0
0,0.4585027334763114,0
0,0.001171615170361274,0
0,0.007595502388052473,0
0,0.03849124439158433,0
0,0.0006703464410340118,0
0,0.0065622273073097405,0
0,0.005075144859652265,0
1,0.8019233486093589,1
0,0.001772320178071838,0
0,0.18995119349826273,0
0,0.015647334300363407,0
0,0.04844276786304355,0
0,0.017618521598030876,0
0,0.05008224574529134,0
0,8.983020392235627e-05,0
0,0.03145795737368105,0
1,0.9383859866597646,1
0,0.2819714022268564,0
0,0.39025497756205363,0
1,0.47436183197732873,0
0,0.0032656603291813632,0
0,0.005875664321434595,0
0,0.020315970969653464,0
0,0.027997039224533338,0
1,0.12602339225470993,0
1,0.30384471215420994,0
1,0.48204569485009885,0
1,0.6448099845793898,1
0,0.11363352922198253,0
0,0.6327800643837221,1
1,0.9474817473865863,1
0,0.17666887674348136,0
1,0.558727948319779,1
0,0.09773025156815018,0
1,0.3945267728366938,0
0,0.009157908089943927,0
0,0.011389331045230277,0
0,0.00018820528798056717,0
0,0.023398719769735156,0
1,0.20017212880772223,0
1,0.08569043280004415,0
1,0.7503939154924709,1
0,0.35085571413272426,0
0,0.2900683874698867,0
1,0.7913309407135756,1
0,0.007722387779125083,0
0,0.05517466514501374,0
0,0.007108774383557982,0
0,0.016879040943183456,0
0,0.05485325641502184,0
1,0.8836386582367488,1
0,0.11462270118222646,0
0,0.04155344190546664,0
0,0.012657594728397586,0
1,0.9506423341685158,1
1,0.3132518219429507,0
0,0.03636256754226021,0
0,0.1526054066240167,0
0,0.06308214084810491,0
0,0.0011728875995999245,0
0,0.6772701107333172,1
0,0.00048196584661466075,0
0,0.44088123200040114,0
0,0.01313949875892723,0
0,0.21498567357612564,0
0,0.11656446268049328,0
0,8.879265993228572e-05,0
0,0.2438515260741939,0
0,0.5812196923989748,1
1,0.6701350162021431,1
0,0.48524733243298585,0
0,0.08579610751183049,0
0,0.05705705314349193,0
0,0.19692297242863938,0
1,0.6042797174235492,1
0,0.1548047101285679,0
1,0.39092034239944995,0
0,0.0844239573653547,0
0,2.0699544424574353e-06,0
0,0.008092754349821771,0
0,0.019676067943059494,0
0,0.3342588973720739,0
0,0.09159017284765113,0
1,0.624715236902523,1
0,0.6617304466238944,1
1,0.9656887014515512,1
0,0.798840741956245,1
0,0.011448161195860512,0
1,0.337687675245224,0
0,0.0003387636567817453,0
1,0.8436104001240463,1
1,0.8768274244444256,1
0,0.11546514832990408,0
1,0.5950130881962723,1
0,0.03374568378936695,0
0,0.31838947685086094,0
1,0.9088408154961228,1
0,0.0006484893616631325,0
0,0.4661228820027553,0
0,0.06997545869682176,0
1,0.0387579057022917,0
0,0.005971711329634574,0
0,0.08607110763753266,0
0,0.010203555856825478,0
0,0.01713827486258557,0
0,0.022879589021834287,0
0,0.013083889261419132,0
0,0.02914645762907984,0
0,0.42443418574292996,0
0,0.13886103757593293,0
0,0.23031263209852193,0
1,0.0703891392761825,0
1,0.21541995344956164,0
0,4.9646928758269285e-05,0
0,0.15167550260575094,0
0,0.010441220807030164,0
0,0.0024875133321474274,0
0,0.0018516891313645736,0
1,0.7667321506545935,1
0,0.02374786829565182,0
0,0.43801903588911445,0
0,0.16211334433006677,0
0,0.35029548311537323,0
0,0.050606600904720474,0
1,0.28441870891769183,0
1,0.8266886411011025,1
0,0.0353226120176684,0
0,0.14241536498404972,0
0,0.0021952097766668615,0
0,0.03610172849608845,0
0,0.23123354501257481,0
0,0.001080554119364016,0
0,0.016022907035674428,0
0,0.2963445251161531,0
1,0.22157022298972573,0
0,0.003690457249807681,0
0,0.002001838754562313,0
0,7.011355363827096e-07,0
1,0.789996408997796,1
0,0.37781506046963365,0
0,0.0007704530314968955,0
0,0.13839608168578507,0
0,0.48615223418024267,0
0,0.13516239197829624,0
0,0.03231054491208184,0
0,0.009542358299182808,0
0,0.770202905722362,1
0,4.080810071562206e-05,0
0,0.011745729774157247,0
1,0.03010186954009497,0
0,0.11043308323270246,0
0,0.006291819344410695,0
1,0.24269892098388066,0
1,0.5683028380881322,1
0,0.1657939695599031,0
0,0.012577235295526764,0
0,0.13320348694581688,0
0,0.5715601622534738,1
0,0.5288818324525528,1
1,0.8118465791544878,1
1,0.6900770919411433,1
0,0.014533108522097181,0
1,0.2828142014264478,0
0,0.025676719750107834,0
0,0.36052692982810725,0
0,0.3972098414613727,0
0,0.007969080247513085,0
0,0.06829541916697825,0
1,0.6899986032152435,1
0,0.03302127213373565,0
0,0.0012374070580138225,0
0,0.7203334616091858,1
0,1.7547567698457123e-06,0
1,0.48150224373960454,0
1,0.35968226354107663,0
0,0.05140643989062763,0
1,0.3360940468957559,0
0,0.10541310881509194,0
0,0.0843917924559896,0
0,0.5523233213823894,1
1,0.6002372307395883,1
0,9.711000756254774e-07,0
1,0.36975788094540213,0
1,0.6481888709816664,1
1,0.39830472018645313,0
0,0.08844432065201663,0
1,0.3623816137368547,0
0,0.41196359859922316,0
0,0.2937557701650271,0
0,0.16961737219032308,0
0,0.014889195741171665,0
0,0.0011992350207212315,0
0,0.6310446681799007,1
0,0.03565983858153603,0
0,0.08998522038443117,0
0,0.05401100709054727,0
0,0.8770719672853927,1
0,0.018487855801986672,0
1,0.8617715578672497,1
1,0.5481200400908965,1
0,0.30469434215770297,0
0,1.5053914863569505e-06,0
0,0.0005275208423914672,0
0,0.0010337231876078742,0
0,0.0612497866237268,0
0,1.81979611006013e-05,0
0,0.052894347748332446,0
0,0.0008347940789144685,0
0,0.12595263477405946,0
0,0.25068028357433014,0
0,0.00635667956410145,0
1,0.3695045384207567,0
0,0.46840781698042433,0
0,0.10080410383772544,0
0,0.13577453213559657,0
1,0.39226181902045426,0
0,0.00406958819415297,0
0,0.26531836292333955,0
0,0.46489577353188555,0
0,0.0021531480294606,0
1,0.1981911151580745,0
0,0.1666162439572492,0
1,0.8634883743172014,1
0,0.25932108479150395,0
0,0.10461182949414619,0
0,0.3183863987377653,0
0,0.02495869542701419,0
0,0.05755099633959788,0
1,0.16890342287491233,0
0,0.0037096922857248887,0
1,0.7591868160116274,1
1,0.26150080644611884,0
1,0.7963895942506785,1
0,0.5252823767628615,1
0,0.03343878489333232,0
0,0.01788920529631779,0
0,0.11136451699177634,0
1,0.8774301215921255,1
0,0.0294953762782738,0
0,0.004638416315659818,0
0,0.09141825200438135,0
1,0.8406543025261543,1
0,0.014272348025361701,0
0,0.04529091400112658,0
0,0.004843916458426594,0
1,0.5720091096292826,1
1,0.07776901801437516,0
0,0.2353137165454586,0
0,0.45978016948586936,0
0,0.016455130936082946,0
0,0.0010461025794181213,0
1,0.840127744516972,1
1,0.30659905573011287,0
1,0.4318830464641247,0
1,0.8290454757651708,1
1,0.5400654111061857,1
0,0.09737581059881895,0
0,0.07118317614148649,0
0,0.2742489166480715,0
0,0.006525974948067191,0
1,0.6257268185690522,1
0,0.0944573500173307,0
0,0.03774276079079317,0
0,0.5527358189113223,1
0,0.6612675112509682,1
1,0.8788913843653297,1
0,0.11783149508027242,0
0,0.28874950820866657,0
0,0.28959254502241505,0
0,0.00025679656803056144,0
0,0.030608179815267977,0
1,0.5836082103511941,1
1,0.6651497840862894,1
0,0.012353954040558978,0
1,0.8279821518996853,1
0,0.25311475066306977,0
1,0.5734242458215684,1
0,0.00023636537459106,0
1,0.10674365390458053,0
0,0.019100678036317244,0
0,6.822561328443625e-05,0
1,0.7203739868231127,1
0,0.03558503000584783,0
0,0.11639770713560374,0
0,0.01867858201834618,0
0,0.039773244302136156,0
1,0.66495773463989,1
1,0.567351363895325,1
0,0.04809580352477766,0
1,0.7696533804978577,1
1,0.39002037620030955,0
0,0.5030195919128105,1
0,0.3174552953368826,0
1,0.6508220440720776,1
0,0.07170291838629428,0
0,0.09760258581878499,0
0,0.028335811336567648,0
0,0.000892158208481987,0
0,0.16637064895471004,0
0,0.09923447675514929,0
0,0.002408643682394731,0
1,0.605748871623895,1
1,0.4555876368980096,0
0,0.15859165894437574,0
0,0.1819599542541138,0
0,0.005696960322796037,0
0,0.5107414714443111,1
0,1.0771425100724433e-05,0
1,0.6603962363536581,1
0,0.0011745213970698475,0
0,0.33620633702594277,0
0,0.16429758212606257,0
0,0.26039072985606837,0
0,0.7101449490815995,1
1,0.576016809909605,1
1,0.5058605378791595,1
0,0.0028038784484181608,0
0,0.0009356571258697073,0
0,0.07211708439751856,0
1,0.8544677135488216,1
1,0.5419076944349647,1
0,0.011918437282043365,0
0,0.3725546959807801,0
0,0.058044727691209094,0
0,0.058404001357818605,0
0,0.0042624426124839914,0
0,0.0720718968963901,0
1,0.43052003855771576,0
0,0.03275650297362357,0
1,0.8587535054002706,1
1,0.6165680766887861,1
0,0.33537926069573554,0
0,7.76268559728366e-05,0
0,0.19410615428908615,0
0,0.06754373839153244,0
0,0.34059311304662554,0
0,0.013725380750750329,0
0,0.26376673555726343,0
0,0.39828516453022483,0
1,0.8234333753432274,1
1,0.42066378761879386,0
0,0.03266550570951758,0
1,0.30099483788485426,0
0,0.2667860588707139,0
1,0.3739022650155058,0
1,0.33872714940724735,0
0,0.5196523800199953,1
1,0.6236965331441102,1
0,0.3006109952320446,0
0,0.07853345455237169,0
1,0.08119955923067673,0
0,0.08104887141503299,0
0,0.00025637085598905585,0
0,0.001452948518874936,0
0,0.003951592230193732,0
0,0.16376806605232885,0
0,0.06587083181054816,0
0,0.01011926908667551,0
1,0.7059193571471113,1
0,0.008529718074704583,0
0,0.017335467998864592,0
0,0.770155023136583,1
0,0.07126660632578898,0
1,0.7682562907627933,1
0,0.03431375942099021,0
0,0.0007317329710934542,0
0,0.002409084160463663,0
0,0.05765258703308732,0
1,0.7370345764940883,1
0,0.08002436397347211,0
0,0.03546087690954015,0
0,0.0003751401737012501,0
1,0.837931127498446,1
0,0.029970550422994274,0
0,0.019722930848428886,0
1,0.5804949901742632,1
0,0.08809882952975666,0
0,0.019464542454172323,0
0,0.0031059459912764265,0
1,0.24575185746902692,0
1,0.3709174346119428,0
1,0.8793457537518391,1
0,0.0002801986505585268,0
0,0.007469886661469815,0
1,0.2824003920217026,0
1,0.2371322660487321,0
1,0.7600291759307524,1
0,0.012288662960966198,0
0,0.00013607280525714785,0
1,0.49030748148723047,0
0,0.2769582062003692,0
0,0.00028603883299432143,0
0,0.4722557459305748,0
0,0.03745489380175573,0
0,0.007320716032694934,0
1,0.41823555395238715,0
0,0.07724554934879153,0
0,0.0025486087498867915,0
0,0.001817629986231308,0
0,0.00255578351953447,0
0,0.006156646308647162,0
0,0.00012291213291814796,0
0,0.2975622045904933,0
0,0.008460184193494874,0
0,0.03812604498665988,0
0,0.042391883619747724,0
0,0.016384524674481624,0
1,0.3200641368420681,0
0,0.3746110582689682,0
0,0.09366561670890076,0
0,0.3982004923513842,0
0,0.01406077863796866,0
1,0.6621557638801338,1
0,0.0018686179410500993,0
1,0.45812138720098566,0
0,0.06480568646187645,0
1,0.21667722884991514,0
1,0.9028460529976828,1
0,5.296375601269739e-05,0
0,0.3625780179308883,0
0,1.702268183441804e-05,0
1,0.6058746659182435,1
1,0.4355671233988166,0
0,0.2088238880573125,0
0,0.5138995501857346,1
0,0.014524704362616193,0
0,0.00196604373759745,0
1,0.34462697999625563,0
0,0.07853136213836051,0
1,0.7691995269394171,1
0,0.8586177157520309,1
1,0.6846236401501605,1
0,0.6849629731375027,1
1,0.8951256681623387,1
0,0.33444528038870186,0
0,0.10899508724002434,0
0,0.0006409736839074014,0
0,0.0005925011686101324,0
0,0.1093763072444842,0
0,0.019114989525651948,0
1,0.03643991161598823,0
0,0.12177990004112454,0
1,0.11284429930602412,0
0,0.3148010575166017,0
0,0.09604096561363781,0
1,0.3558452123793233,0
0,0.04912896035746142,0
0,0.020229501675343424,0
0,0.0028414471487622083,0
0,0.4482264481505181,0
0,0.009606652368923791,0
0,0.16637018056880426,0
0,2.5037584265085305e-05,0
1,0.3421622587779683,0
0,0.24173008977403437,0
0,0.01768827070853264,0
1,0.8376733363619803,1
0,0.6116456727874248,1
0,0.10261091102803342,0
0,0.008934635765744573,0
1,0.7016219667400629,1
0,0.05420154783513448,0
1,0.4265317509190308,0
1,0.4922014011448622,0
0,0.10119551525059776,0
0,0.018677670012274383,0
1,0.8269099920186743,1
1,0.7030296843872953,1
0,0.32885714029396373,0
0,0.04639138502250125,0
0,0.016052798097338766,0
0,0.016374342847369536,0
0,0.15308752962901623,0
1,0.6681761235012125,1
0,0.04497396161272897,0
0,0.27571672596395885,0
1,0.7518292447853607,1
0,0.49609241187862657,0
0,0.29752184903178025,0
0,0.01653606521406579,0
0,0.759566792353217,1
0,0.22574133337664454,0
0,0.20514724063746353,0
1,0.6418133596170112,1
0,0.26394881937137854,0
0,0.3353928201033838,0
0,0.04860556030512771,0
0,0.0037296654078965213,0
0,0.3624423040100189,0
1,0.8288393789857657,1
0,0.43647781699583454,0
0,0.002139225753532675,0
0,2.1697405492287255e-05,0
0,0.22278425955935202,0
1,0.31186000068565667,0
0,0.02703160483216344,0
0,0.29031908009339724,0
1,0.24470540386468062,0
0,0.03350474347402285,0
1,0.8263588966994511,1
1,0.16752508453442205,0
0,0.20418424800579926,0
0,0.02232052737856605,0
1,0.4540131247911399,0
0,0.03174282121126643,0
0,0.02390399614994775,0
0,0.023005764314336728,0
0,0.037715410972294,0
0,0.012850884393898015,0
0,0.0011814485710860728,0
1,0.8209186175876518,1
0,0.003928332954841932,0
0,0.281583245230938,0
1,0.9139280783251812,1
0,0.0449492210863345,0
0,0.3373935437757893,0
0,0.0006404548482749294,0
0,0.09261168338432918,0
1,0.6861614373684849,1
1,0.5064584557803694,1
0,0.018479508357033658,0
0,0.07345310286706395,0
0,0.20364291753831554,0
1,0.19512260209493468,0
0,0.019502770441945774,0
1,0.6272276739776584,1
0,0.22705679667906972,0
0,0.0017284468812677131,0
0,0.29660166645394903,0
0,0.04436568955584791,0
0,0.08654357750843793,0
0,0.06972888639693077,0
0,0.8640370852062421,1
0,0.6823876584829326,1
0,0.16251708917559038,0
0,0.2794700726944518,0
0,0.050401453079795086,0
1,0.8397386242881288,1
0,0.34904303237753065,0
0,0.06114497906179044,0
0,0.24308077916544038,0
0,3.8025760098359736e-06,0
0,0.0048292920949204446,0
0,0.4653998315680836,0
0,0.3302748319784297,0
0,0.4134532200199722,0
0,0.05412345684659992,0
1,0.7864301832515418,1
0,0.321203508978739,0
0,0.13189520279728728,0
0,0.010217382686547757,0
0,0.3002663711024354,0
0,0.01612069441847076,0
0,0.05116458982740068,0
1,0.16683785360516745,0
0,0.050152698674842525,0
0,0.0019488204906696817,0
0,0.029079494026307717,0
0,0.3199190679576463,0
0,0.0007308990110857152,0
0,0.03190203088299471,0
0,0.09116968469339788,0
0,0.30041785374471003,0
1,0.8279959604044447,1
1,0.7914921304945476,1
0,0.09480705636403834,0
0,0.35473108899962924,0
0,0.03150571251096918,0
0,0.38727043383250637,0
0,0.15435564894518372,0
0,0.0013079360252182465,0
0,0.000825967384456856,0
1,0.6450719836947441,1
0,0.01611898672668704,0
0,0.1429442093113817,0
0,0.11022207932438106,0
0,0.08888187526853136,0
0,0.1537439783831325,0
1,0.2421009941357172,0
0,0.7976876457740327,1
0,0.10812337986373216,0
1,0.6575139225517586,1
0,0.03259989748226318,0
0,0.0025743422585268335,0
1,0.16086952717514155,0
0,0.16449967624380168,0
0,0.05336775252833275,0
1,0.7143144950241193,1
0,0.0014796395971794062,0
0,0.010959699762572479,0
0,0.1271714289782947,0
0,0.26017121961168294,0
0,0.27398536074847374,0
0,0.03706079741544668,0
0,0.2812988846585786,0
0,0.4170058619221251,0
0,0.00806411992769776,0
0,0.003730143301300176,0
0,1.9971990028772612e-05,0
0,0.17775544475879396,0
0,0.16631434690902827,0
0,0.6120315796284095,1
0,2.1753018694427298e-06,0
0,0.6897304589360774,1
0,0.22830804764505946,0
1,0.8760284409974496,1
0,5.918621751134999e-05,0
0,0.3155992715850009,0
0,0.0002831386846694455,0
1,0.3078401335639263,0
1,0.24126849263386024,0
0,0.13666956535189698,0
0,7.089504800621656e-06,0
0,0.04014221516391035,0
0,0.09769784491794542,0
0,0.0009894885680564376,0
0,0.27752419138820095,0
1,0.31437971588374386,0
0,0.02284939495003911,0
1,0.441298556060261,0
0,0.5399949317818671,1
1,0.8973582495514304,1
1,0.5967196043968463,1
0,0.25093678939319797,0
0,0.0006697773032496822,0
0,8.458870176651817e-05,0
0,0.010058057600334208,0
1,0.9391808924128535,1
1,0.23340391382805875,0
0,0.018614841840337484,0
1,0.32115640766142806,0
0,0.012647665167994836,0
1,0.4595467565678091,0
0,0.36124403367063695,0
0,0.04557083326218343,0
1,0.806607992931294,1
0,0.6510822295400707,1
1,0.7299124765059166,1
1,0.7879068566459952,1
0,0.157916638229097,0
0,0.0012394504147373471,0
0,0.2259922686451412,0
0,0.7729037646677455,1
0,0.023533724040670025,0
0,0.005066584784030401,0
0,1.0869484288676102e-05,0
0,0.06659008667232756,0
0,0.0042499763427797065,0
0,0.3582338973819773,0
1,0.6420693707549074,1
0,0.005987404240678476,0
0,0.6594334604371537,1
0,0.0019206658815861947,0
0,0.10489141486505714,0
1,0.9393967466491221,1
0,0.00821441162783616,0
1,0.45358957292057667,0
0,0.3124913164905997,0
0,0.0024489490718808712,0
0,0.0008467283587208785,0
0,0.05551671577267586,0
0,0.0042788218308614035,0
0,0.14068169009008122,0
0,0.27199270394795033,0
0,0.021406118893908616,0
0,0.039149967157395146,0
0,0.004824124576041028,0
0,0.002802159806127273,0
0,0.0008019183472573068,0
0,0.7995827734406561,1
0,0.042266061280218994,0
1,0.7008556851232065,1
0,0.16126268715730688,0
0,0.03102478116709497,0
0,0.007940717996450896,0
0,0.0037036403215910236,0
0,0.3648931168324034,0
0,0.0016078783187059365,0
1,0.8956604735061211,1
0,0.28408131048866925,0
0,0.14569292226413952,0
0,0.009703576055144499,0
0,0.02968669704278084,0
0,0.0357951134313647,0
0,0.03687412866119726,0
1,0.4223323733024761,0
1,0.07708881253693389,0
0,0.0004119617395801854,0
0,0.16443860490889212,0
1,0.6976494256563972,1
0,0.018013100723470274,0
0,6.387340113771516e-05,0
0,0.3716010257265836,0
0,0.3900271490267433,0
0,0.1731328710783634,0
1,0.7763637458157878,1
1,0.44552191726204404,0
0,0.004412566140431882,0
0,0.3364171073191587,0
0,0.29624570343256534,0
1,0.5387083869052548,1
0,0.023263435232558635,0
0,0.7152343820982894,1
1,0.04612893159761128,0
0,0.09252860477377321,0
1,0.3579406573803718,0
0,0.05504299829445097,0
0,0.15252418327041434,0
1,0.8413919435793382,1
1,0.5847628682137507,1
0,0.084311051111677,0
0,0.0006039783555889001,0
0,0.14808353753725978,0
0,0.013053905472971708,0
0,1.8081559904139231e-06,0
0,0.000779702971413366,0
0,0.09244819478773737,0
0,0.01574436179024761,0
0,0.4913295055497156,0
0,0.057686164370100435,0
1,0.796957498505332,1
0,0.042744950100274154,0
0,0.05344075009447945,0
0,0.011804696809849555,0
0,0.40702441419715635,0
1,0.2873994630941229,0
0,0.022668906406081463,0
0,0.04185710073259928,0
0,0.0497627335858017,0
0,0.6383734930692002,1
0,0.013379352441001503,0
0,0.01816913490859752,0
0,0.33819126462561666,0
1,0.8400888992846526,1
0,0.43831727042862534,0
0,0.019739882971556696,0
0,0.0007323076008280492,0
1,0.40091687474904997,0
0,0.7990975957119175,1
0,0.006288780568620952,0
1,0.3822351815320304,0
0,4.089255217752174e-06,0
0,0.19970008525604724,0
0,0.023322518298374263,0
0,0.03137130691476466,0
0,0.0038981407915389715,0
0,0.4513329089871097,0
0,0.01547696006991368,0
0,0.01881081254449436,0
0,0.0019366315437853853,0
0,0.00347719543135367,0
1,0.8135371868256625,1
0,0.00531629205054318,0
0,0.4868009020964624,0
0,0.055767538884122524,0
0,0.034526833011875264,0
0,0.0006734194293622247,0
0,3.076506308571802e-06,0
1,0.6990703083016729,1
0,0.04889020219996469,0
0,0.024552866824133088,0
0,0.017082417942091907,0
0,0.3658758115357521,0
0,0.02640747665312029,0
0,4.2286728573527836e-07,0
0,0.0001958432146009115,0
0,0.20078364819198294,0
0,0.013492893379492603,0
0,0.002611056472329991,0
0,0.1541455224315692,0
0,0.004133801529662101,0
0,0.5015742198010361,1
0,0.0006578040236605026,0
0,2.7929920794818753e-05,0
0,0.1598118860679018,0
0,0.028060170536896738,0
0,0.1572395525329408,0
0,0.017472482367082817,0
0,0.19087457640011146,0
0,0.10001482249685988,0
1,0.3850931768517347,0
0,0.10815861959052402,0
0,1.4187888865335784e-06,0
0,0.16301294068586178,0
1,0.6116176984559369,1
0,0.025471659299568218,0
0,0.09496665191841158,0
0,0.06672211520612432,0
0,0.010494815877777097,0
0,0.04408275594451775,0
1,0.8055519838723441,1
1,0.722609498851129,1
1,0.21743428427342756,0
1,0.38623119461790223,0
1,0.28321062163447047,0
1,0.7194238538894182,1
0,0.01728514358936156,0
0,0.022668815542673398,0
0,0.0010027479090061148,0
1,0.0996382116071562,0
0,0.3446277333645418,0
1,0.6518685016556955,1
0,0.06893969492594193,0
1,0.6976142148237732,1
0,0.006329098151451965,0
0,0.004758829965784313,0
0,0.0020474331488145483,0
0,0.2506476140468635,0
0,0.5005375984662556,1
0,0.008648279779090844,0
0,9.10591572898204e-05,0
0,0.017322349920566766,0
1,0.732221710674633,1
0,0.046847873062107095,0
0,0.44745790089780907,0
0,0.07868903516187613,0
0,0.0953544585650938,0
0,0.01845958187388406,0
1,0.888483617934862,1
0,0.25766804898456863,0
0,0.0013907013969978097,0
1,0.14769614783894158,0
0,0.00223800663427651,0
0,0.06647566326358402,0
0,0.054121477569295785,0
0,0.0023892097698287934,0
0,0.24489955499283717,0
1,0.6711305232701206,1
1,0.4478659877110518,0
0,0.024337287180291888,0
0,0.017812303898842575,0
0,0.0035258647237375322,0
0,0.34820263754606157,0
0,0.04600936116030705,0
0,0.05472564255776192,0
0,0.6318783566269752,1
1,0.7223247561097667,1
0,0.7017966455569038,1
1,0.8871201565552808,1
0,0.020252394507747826,0
0,0.16950976284499453,0
1,0.5597550766486175,1
0,0.0030074343428413293,0
0,0.22394088876562718,0
1,0.6525621368663073,1
0,0.0038364437758012797,0
0,0.48810300193435424,0
1,0.2876058534449101,0
1,0.08541334366058427,0
1,0.11401302679231501,0
0,0.040522732237779656,0
0,0.560636091857153,1
1,0.8525523727096741,1
0,0.010112007347398437,0
0,1.7944731979848905e-06,0
0,0.0554492740093406,0
0,0.004387030948155158,0
0,0.005205448402433491,0
0,0.7810599681357886,1
0,0.007039786906233716,0
0,0.403616855102904,0
0,0.11985348312417535,0
0,0.09157163665547394,0
0,0.13243208153503894,0
0,0.0702024950833913,0
1,0.6534139115558503,1
0,0.09448324653660144,0
0,0.31699658204059505,0
0,0.2983107496385439,0
1,0.7854438468989484,1
1,0.18967618544225404,0
0,0.2975230643970009,0
1,0.35469320402058985,0
1,0.8164466645539391,1
0,0.014598251440383155,0
0,0.0017373355926226831,0
1,0.49125574182407733,0
0,0.0009706353683388868,0
1,0.6240175973500888,1
0,0.28323859361550735,0
0,0.162414530276113,0
1,0.4521662307786242,0
0,0.15766472249457258,0
0,0.013425314253634397,0
0,0.2470999325596244,0
0,0.004009537084598301,0
0,1.848043804783015e-05,0
1,0.7495439507648685,1
0,0.16543829522806977,0
0,0.021162281734086717,0
0,0.1178497544906422,0
0,0.38449938065858713,0
0,0.0075393006268997245,0
0,0.0004926006018873869,0
0,0.27304046345270866,0
0,0.11749540894020173,0
0,0.0002715301535276644,0
0,0.0009004065480718927,0
0,0.011314257947547727,0
0,0.007453427191044772,0
1,0.1451598930730387,0
0,0.5675257241342885,1
1,0.8202840735073447,1
0,0.1694379392623073,0
0,0.03787160344554505,0
1,0.5578940023603021,1
0,0.0012100423143691977,0
0,0.0001184122401044497,0
0,0.6251431356373077,1
0,0.10056002878479058,0
0,0.001770215892575799,0
0,0.04226440069707389,0
1,0.6721835374428511,1
0,0.002000082144943252,0
0,0.10888111906363247,0
0,0.012470380503765494,0
1,0.5167861905263071,1
0,0.0004962457302889,0
0,0.454589105836848,0
1,0.7859465864981926,1
0,0.2999900986723984,0
0,0.01865361401474775,0
1,0.40446756040677506,0
0,0.002155276250404931,0
0,0.3038876899347996,0
1,0.8545313562236714,1
1,0.726678956574466,1
0,0.4907114045674416,0
0,0.00013983134958734972,0
0,0.02055015719067697,0
0,0.4864596565977891,0
1,0.2805653380388425,0
1,0.7301374590349378,1
0,0.025149951515011496,0
0,0.1559344602067368,0
0,0.0508773007495444,0
0,1.8902072406353602e-06,0
0,0.33361167057015334,0
0,0.002150303656440369,0
0,0.013173284899647567,0
0,0.07934816788531808,0
0,0.1493828772963771,0
0,0.05627061208290282,0
1,0.6123636990032978,1
0,0.2305139782306877,0
0,0.16160494474049275,0
0,0.3260209360569276,0
0,0.002470591045547013,0
1,0.27687968953592934,0
0,0.0012536305887881187,0
0,0.16018778799926742,0
1,0.8529773615788674,1
0,0.08325531646508838,0
0,0.5268556323475372,1
0,0.1896520501244376,0
0,0.0813207025972145,0
0,0.15598814605821096,0
0,0.0013451376272477062,0
1,0.43487437141316193,0
0,0.06034332352794359,0
0,0.07517691534421098,0
1,0.45345115089670984,0
0,0.1265629788834858,0
0,0.04180604389974551,0
0,0.016436136692762057,0
0,0.3153175420021609,0
0,0.00582260092655178,0
1,0.3058358349267571,0
0,0.010815981339506045,0
0,0.033424597398631226,0
0,0.06175213073192406,0
1,0.8468550701425768,1
1,0.8256498003455663,1
1,0.7952007893695012,1
0,0.045851929073834015,0
0,0.0037340513862638438,0
0,0.13567057682265804,0
0,0.006895932326254135,0
0,0.19158293488385653,0
1,0.8340619985526132,1
0,0.6381792356984249,1
0,0.3819651821864416,0
1,0.5874610032011818,1
1,0.3535851285221397,0
0,0.9252838349844648,1
0,0.039260787120585255,0
0,0.0470498087323567,0
0,0.016708261272211776,0
0,0.31897929281583703,0
1,0.24556338655500684,0
0,0.017265709926173607,0
0,0.5220880153029954,1
0,0.04003738982649638,0
1,0.39984261707755026,0
0,0.2672410539709067,0
0,0.45049285779884657,0
0,0.2848176987501007,0
0,0.21928618471434147,0
0,0.00010912357441933445,0
1,0.15502119561958577,0
0,0.061109835920131444,0
0,0.0003861351226302241,0
0,2.6995486508640746e-06,0
0,0.1499201744108141,0
1,0.2028819410184769,0
1,0.7766397516688073,1
0,0.3910098256731564,0
0,0.0020730882531415913,0
0,0.4583979717842125,0
0,0.26215407238515026,0
0,0.005483568638413831,0
0,0.0019638805240429096,0
0,0.35267297370838363,0
1,0.9006538430696739,1
0,0.108552324435064,0
1,0.005879838105251246,0
1,0.661962252958638,1
0,0.016739204980509306,0
0,0.002820527370275638,0
0,0.0009824872258331315,0
0,0.034586484175887146,0
0,0.0177350996507748,0
0,0.7740348401419205,1
0,1.494226117441584e-06,0
0,0.03837656311770129,0
1,0.19761089037431778,0
0,0.12238607663840965,0
1,0.2736831882342029,0
0,0.07848722906427305,0
1,0.6464501067725221,1
0,0.02324882574691711,0
0,0.0005186399587932848,0
0,0.005843254370547631,0
0,0.002140634119161178,0
1,0.7184041807548379,1
0,0.2176587476609791,0
1,0.5585195290898696,1
0,0.006295855934286566,0
0,0.1713885989460376,0
1,0.8592359199564292,1
0,0.0003297226287405707,0
0,0.6795311788845025,1
0,0.04739311967328792,0
0,0.03716929769726901,0
0,0.1338061608827533,0
0,0.39333987661057773,0
0,0.4697334849350725,0
0,0.0006777198407717837,0
0,0.00036243702281092254,0
0,0.0036010727941396207,0
0,0.0009965890707062952,0
0,0.6144947240372663,1
0,0.0002400700010576379,0
0,0.05237091528097836,0
0,0.18630777489673475,0
0,0.0023407145840494414,0
0,0.1502753153658969,0
1,0.25217534652613854,0
0,0.562609139142095,1
0,0.19875940026915584,0
0,0.035541601378561154,0
0,0.114082074200892,0
0,0.011547697675434551,0
0,0.05037758702800381,0
0,0.007022449871948913,0
0,0.06603934164791979,0
0,0.003857961544650636,0
0,0.02784930122447341,0
0,0.0012458334761696046,0
1,0.647500696033763,1
0,0.2848619471175267,0
0,0.00027883136729259646,0
1,0.8523679660093669,1
0,0.0026627309810039043,0
0,3.493854129655278e-05,0
1,0.9311702589023353,1
0,0.2766611680421118,0
0,1.31958306518058e-06,0
0,0.029335259337373798,0
0,0.022586980646565575,0
0,0.03279887513528578,0
1,0.9294896566643746,1
0,0.149972992098478,0
0,0.2600783312686868,0
1,0.38376309148598153,0
1,0.5079292554039428,1
0,0.0053114203825881615,0
0,0.4521491474489798,0
0,1.9341288191434546e-05,0
0,8.538197796430343e-06,0
0,0.12899875783157264,0
0,0.39242099228799393,0
0,0.3221478820395888,0
0,0.051634501835487345,0
0,0.2641269410864957,0
1,0.5508946685485223,1
0,0.00261846676387483,0
0,0.03178063678411203,0
0,0.06629449616909318,0
0,0.0065094850513836185,0
0,0.026841707494825517,0
1,0.06217327805918034,0
0,0.25553766327115374,0
0,0.03472039892085579,0
1,0.6336567113211219,1
0,0.03150882680113949,0
1,0.23591425452299394,0
0,0.13719793068689418,0
0,0.03364022959949746,0
1,0.421543539133392,0
1,0.42663185130802717,0
0,0.00015397331806311798,0
0,0.03351617344407296,0
0,0.11010083540550301,0
1,0.8601952383533855,1
1,0.07029932323976436,0
0,0.06229304208507244,0
1,0.7432411319232359,1
0,0.21691916521390098,0
0,9.882166758945218e-05,0
0,0.08825767761859912,0
0,0.005547839112913793,0
1,0.7925231165582108,1
0,0.00615796028524091,0
0,0.014368812313739295,0
0,0.005918561072087851,0
0,0.0014216049883051204,0
1,0.8668833588810057,1
0,0.04992892222913216,0
1,0.7793861440083408,1
0,0.1559876566521298,0
0,0.0016191506175072235,0
0,0.00016044086762721105,0
1,0.7364663956404393,1
0,0.05763114848324769,0
0,0.04718895866917822,0
0,0.04505363802323009,0
0,0.0027890026763564674,0
0,0.019314991360432708,0
1,0.13326177405967626,0
0,0.1292048932559545,0
0,0.017551292117704342,0
0,0.0070056985911103485,0
0,0.11255294058657876,0
1,0.7024539669555264,1
0,0.1091132303299066,0
0,0.15802889712490079,0
1,0.4965102426771417,0
0,0.0007994948685534142,0
1,0.46410665555550107,0
0,0.24522832186752713,0
0,0.0005572439694675467,0
0,0.13186783022939297,0
0,0.2810236150449905,0
1,0.761326077611005,1
1,0.5912152605730393,1
0,0.0931071577086018,0
1,0.5459208591384878,1
1,0.28067088181003086,0
1,0.37925350474562036,0
0,0.003835620782781853,0
0,0.004240630031412408,0
0,0.0001500007980066794,0
1,0.9430991378366239,1
0,0.31200399839946297,0
0,0.0009220013191940753,0
0,0.47675497703829084,0
0,0.31070790417025956,0
0,1.3551767849986405e-05,0
0,0.0029085640092750124,0
0,0.5999228447713959,1
0,0.16834530105294504,0
0,0.08021128027489756,0
1,0.3696876786231277,0
0,0.8780022251318346,1
0,0.00018948436655041322,0
0,0.6604495543166681,1
0,0.0284881655750019,0
0,0.006105600072664915,0
0,0.32112069508682445,0
1,0.14180090929485015,0
0,0.0006765702179627811,0
0,0.261393453674428,0
0,0.01677753400473028,0
0,0.3559810236942678,0
0,0.23611806055782927,0
0,0.1266514100660724,0
0,0.17589192577221954,0
1,0.7706403664303091,1
0,0.575008128191435,1
1,0.7905425536169226,1
0,0.03834916304400594,0
0,0.05573712740029471,0
1,0.059751569492310155,0
1,0.2604373387742358,0
1,0.06564059538785738,0
0,0.4950777973917849,0
1,0.7538886345241144,1
1,0.12658501218250245,0
0,0.19113276013916466,0
0,0.002403355478945395,0
0,0.015630760640966936,0
0,0.0022985272121444147,0
1,0.5282856735816922,1
0,0.38729432761436516,0
0,0.0033298464874213624,0
1,0.7755346346704545,1
0,0.07565921978978098,0
1,0.018885351818723257,0
0,0.0016912360326284375,0
0,0.1790199012693175,0
1,0.7518517730947508,1
0,0.4336661377520396,0
0,0.07271766895608747,0
1,0.20968940313957596,0
0,0.48451191192764675,0
0,0.0495198795765032,0
0,0.003713158624463802,0
0,0.2283186460215299,0
1,0.09878621873972715,0
0,1.9493604463733896e-05,0
0,0.07829587571287543,0
1,0.5075631966053962,1
0,0.042945236572521854,0
1,0.6581378010442047,1
1,0.6624328441612339,1
0,0.050374038236711854,0
0,0.0007042234907931919,0
0,0.36659478256654154,0
0,0.08260459346712291,0
0,0.15066444902064374,0
0,0.0022862483932388654,0
0,0.1392185912865731,0
0,0.5891309080637426,1
0,0.001225090654482175,0
1,0.8826472543475428,1
0,0.19728797599360842,0
0,0.419278321330341,0
1,0.7036157542646766,1
1,0.8110710823237035,1
0,0.38726090181263706,0
0,0.028816442157440707,0
1,0.5277490465184541,1
0,0.5263217705307894,1
0,0.014457350518596816,0
1,0.5316328757466164,1
0,0.23740918799932875,0
0,0.027978243568525366,0
1,0.3536929289772918,0
0,0.005734266141069499,0
0,0.35931484452435947,0
1,0.8538770300262339,1
0,0.4241632292765471,0
1,0.8273484264409472,1
1,0.8303697352992615,1
1,0.2634615803370128,0
0,0.1999202864266469,0
0,0.20789949424593596,0
0,0.5196807927131639,1
0,0.041955076614507286,0
1,0.7858197072727404,1
1,0.2260606345311714,0
1,0.19307045814186566,0
0,0.1320177021029233,0
1,0.2414422896281099,0
1,0.5974388115213379,1
1,0.4884898106471773,0
0,9.006615431972295e-05,0
0,2.4990960350639553e-06,0
0,0.026703759531431667,0
1,0.29611546348395235,0
0,0.1034521885739526,0
0,0.022406547517070437,0
0,0.3618042555943403,0
0,0.038771930536600364,0
0,0.015108834528933895,0
1,0.5547193539896556,1
0,0.1307468779801628,0
1,0.30218564980676305,0
0,0.03264783608772907,0
0,0.22882542069496517,0
0,0.4439215689126653,0
0,0.0018853324575439994,0
1,0.5883831416174843,1
0,0.0355516135525979,0
0,0.4622513026823832,0
0,0.042926493230957076,0
1,0.6480347066604915,1
1,0.4679802193866456,0
0,0.3261506285770227,0
1,0.7737091953064145,1
0,9.112451731865666e-06,0
1,0.647356173485944,1
1,0.7816031399228123,1
1,0.082432103303695,0
1,0.29758310238390817,0
0,0.43116149237443563,0
0,0.0004465449006875644,0
0,0.2591441672283217,0
0,0.007204449924825622,0
0,9.923923649287761e-05,0
0,0.0025181267479021247,0
1,0.1479476470964297,0
0,0.043215959498514964,0
0,0.6302845094965528,1
0,0.000999002662948402,0
0,0.001725722171735845,0
0,0.04495934417120447,0
1,0.8353384416140337,1
0,0.0954321089014372,0
0,0.2821657976271849,0
0,0.08406573983865652,0
0,0.39743926072257574,0
0,0.6021609019561941,1
0,0.0012546351137785305,0
1,0.9194981417852977,1
0,0.0008470274372861601,0
0,0.006124908238494383,0
0,0.004926640083307315,0
0,0.18936295599578584,0
0,0.22277848386397112,0
0,0.027984736377382163,0
0,0.4067244295012048,0
0,0.3641173785521015,0
0,0.08960679159070747,0
0,0.047887058790469665,0
1,0.9192411161686509,1
0,0.03725199722218391,0
0,0.17752202641308293,0
0,0.4418291483214017,0
0,0.0009110469271556741,0
0,0.011750144970051784,0
0,0.028993011689886907,0
0,0.00023092784128573833,0
0,0.027514075454496256,0
0,0.1785655556383828,0
0,0.1168770306888404,0
0,0.05825355399825994,0
1,0.818976073810118,1
1,0.6566856925261553,1
1,0.5592459314576065,1
0,0.3368584765698997,0
0,0.08707348426660746,0
0,0.021910469509217597,0
0,0.16750116344319552,0
1,0.33807023808681474,0
0,0.08805759497436899,0
0,0.13608993515430684,0
0,0.09739084159427502,0
1,0.4705388651540187,0
0,0.014894358901122564,0
1,0.8564390985931755,1
0,0.03936163981744676,0
0,0.02393956966437284,0
0,0.33726565677271686,0
0,0.010158231040777536,0
0,0.4055227412210548,0
1,0.5820367880925468,1
1,0.6765404979271922,1
0,0.001986038158400365,0
0,0.000893827872876411,0
0,0.39105830047314827,0
1,0.6162568705931456,1
1,0.9266098425979331,1
0,0.1326301119805761,0
0,0.4837804327073149,0
0,0.11086492609498581,0
0,0.33346611047709585,0
0,0.004198395126398556,0
1,0.27437360585667586,0
0,0.30483188419942364,0
0,0.07398566586691789,0
0,0.34979573468476544,0
0,0.09831540208126711,0
1,0.5549389241612831,1
0,0.04471433044544048,0
0,0.01126660529179036,0
0,0.0725036693417474,0
0,0.054446576973487856,0
1,0.14633488691710236,0
0,0.3412431742309302,0
0,0.13849894665014734,0
0,0.0007388456425999906,0
1,0.7749455725505474,1
0,0.0061620743898889,0
0,0.10151359627257756,0
0,0.614276069870362,1
0,0.05187114330310583,0
0,0.03704103215007927,0
0,0.038777994745032816,0
1,0.39287584822628874,0
0,0.06568502992271003,0
1,0.8582329618738072,1
0,0.00812081602740008,0
0,0.02897351830050671,0
0,0.12212183794462812,0
0,0.014655280801025603,0
0,0.0307365482553687,0
0,0.07930221775504649,0
1,0.6957782744186145,1
0,0.13680687155270393,0
0,0.3338000862498601,0
1,0.7399679660379865,1
0,0.4572484613816198,0
1,0.7265560379175439,1
0,0.021326143991844907,0
0,0.034638723891464426,0
0,0.08569775166660688,0
0,0.033955448258742096,0
0,0.4782150782366992,0
0,0.04920076883656996,0
0,4.136365523706392e-05,0
0,0.4312573230678388,0
0,0.28174437278537323,0
0,0.0167500990961976,0
1,0.22948731960980118,0
0,0.008298880625229021,0
0,0.5046032689020851,1
0,0.011949396346980359,0
0,0.0030050304142924685,0
0,0.01115556291581127,0
0,0.00834736571383237,0
0,0.0032823883397106813,0
0,2.861323379323299e-05,0
0,0.007537648057284119,0
1,0.661873050724087,1
1,0.7725352672142832,1
0,0.07259028117496209,0
0,0.27942982365136504,0
0,0.008702925595004149,0
1,0.6159077013447121,1
0,0.05007768229670156,0
0,0.07382597703223384,0
0,0.03561244240049983,0
0,0.015480792422400717,0
0,0.0005211780393391807,0
0,0.0013656596641535494,0
1,0.8164257466529963,1
0,0.025507625593483765,0
0,0.006684324586661995,0
0,0.012196499225955155,0
0,0.49466511936359436,0
1,0.29293986093427044,0
0,0.10172810847994797,0
0,0.002494287115082427,0
1,0.4612848405963548,0
0,0.013965192876633385,0
1,0.8793703239317938,1
0,0.01754487294572582,0
0,0.0009965884636457542,0
0,0.010610652434370425,0
0,0.007420489966657837,0
0,0.03778290574239647,0
0,0.024895098161671143,0
0,0.01408320700579866,0
1,0.6923597540869457,1
0,0.032839290040323425,0
1,0.13436969216275632,0
0,0.34340245437247724,0
1,0.4617378308065327,0
0,9.270692328994518e-05,0
0,0.0003912181983571726,0
1,0.7503956094611507,1
0,0.0030190017444145186,0
0,0.008031980825910237,0
0,0.0014291480445349266,0
0,0.21886160829784923,0
0,0.025843078640012288,0
1,0.06798066222974009,0
0,0.00658005115015201,0
1,0.44233558585541427,0
0,0.7939500949907285,1
0,0.004601571972229339,0
0,0.020111215498461364,0
1,0.8478585220310088,1
0,0.008318281527136632,0
0,0.012542726459361948,0
0,0.024302930047328565,0
0,0.05808329880764112,0
0,0.09795475147073848,0
0,0.006090322726166645,0
0,0.06946521288051022,0
1,0.04885742873347064,0
0,0.026990247967723098,0
0,0.11826904046137691,0
0,0.0033841270246541,0
0,0.19400248987868154,0
0,0.2938385525545329,0
0,0.0009601359608697618,0
0,0.06679277259567126,0
0,0.036652215881200344,0
1,0.521689183272339,1
0,0.08229990636192051,0
0,0.03431330684083716,0
1,0.4309914591665966,0
0,0.0016277536328313344,0
0,0.010557933206852938,0
0,0.06202457193637863,0
1,0.5019227200235336,1
0,0.012952382254533623,0
0,0.2991118852864475,0
0,0.007449424972618181,0
1,0.34232057286684586,0
0,0.09121576294744353,0
0,6.727751773012235e-06,0
0,0.10775402176885433,0
0,0.08044408647916962,0
0,0.11046148375395677,0
0,0.0002902092845313832,0
0,0.01916407441774973,0
0,0.36480366719124285,0
0,0.013268104960825797,0
0,0.009966690603242125,0
0,0.8772432290271209,1
0,0.028791829116322942,0
0,0.1471813938187834,0
1,0.4625840628588265,0
0,0.06153775956428582,0
1,0.7423116364241787,1
0,0.04033068055607462,0
0,0.0022255690785446137,0
0,0.010872730533280545,0
0,0.30503024855779337,0
1,0.38112581107235494,0
1,0.6022561711525398,1
0,0.5621963512704451,1
0,0.25460887563661205,0
0,1.8407516652177375e-05,0
0,0.042387346823694036,0
0,0.23026061501310185,0
0,0.114681429938414,0
0,0.1669125649715842,0
0,6.761396839784874e-06,0
1,0.7130699002681045,1
0,0.020836588863165785,0
0,0.10437480502976106,0
0,0.000647294223416366,0
1,0.02629267082470808,0
1,0.2668583991911307,0
0,0.0023913858578903735,0
0,0.12569968489841352,0
0,0.030310455459176672,0
0,0.00039684976809718667,0
0,0.030405898104911167,0
1,0.6905631005614931,1
1,0.2674945488378977,0
0,0.006301160126178425,0
0,0.14165057859321634,0
0,0.0010953732507412016,0
0,0.2846627603323197,0
0,0.02301546189499089,0
1,0.20810216677400664,0
0,0.4338388601568434,0
1,0.13121018249523697,0
1,0.693742071585766,1
0,0.6390742537520229,1
0,0.07942165886280086,0
0,0.03968168389327311,0
0,0.00024750714197827614,0
1,0.03151103037533386,0
0,0.033431906950706226,0
0,0.017480379330774787,0
0,0.01015096000649667,0
0,0.0029193925979888336,0
0,0.06321180964283926,0
0,0.0009433169313739871,0
0,0.07018428792887346,0
0,0.00031958265640375357,0
0,4.879486159883914e-05,0
1,0.6792482897693487,1
0,0.0008260603350139405,0
0,0.023162147590404254,0
1,0.4853283161838097,0
0,0.06873462475175039,0
0,0.03455315883038648,0
1,0.7691411041265436,1
1,0.09354543469383257,0
1,0.18917448565717437,0
0,0.3400656111592159,0
0,0.04246489750695839,0
0,0.26773894759747596,0
0,0.05127849725921018,0
0,0.10109713035295284,0
0,0.42799093016263884,0
1,0.5920641025239819,1
0,0.1319805884956928,0
1,0.5330015064927273,1
0,0.4711830663051967,0
0,0.35412790839881036,0
1,0.7722945658122511,1
1,0.6224900890411972,1
1,0.929744168700163,1
0,0.3493733928511272,0
0,0.09496288270405985,0
0,0.7293365682463957,1
0,0.007805013848786313,0
0,0.002324767010922347,0
1,0.5602550906344196,1
1,0.27290646357533194,0
1,0.4845227945064468,0
0,0.4393358356376161,0
1,0.8349359571088423,1
0,0.03823081538578921,0
0,0.37742523219443597,0
0,0.0015896300960866032,0
0,0.18097219160302616,0
0,0.514127662955655,1
0,0.01747106779341149,0
0,0.0162144232863546,0
0,0.000220505435257386,0
0,0.07634229445505021,0
0,1.6836960665511434e-06,0
0,0.05192544326709538,0
1,0.522666249998902,1
0,0.017681151753911262,0
1,0.9104127616314202,1
0,0.08167455787875004,0
0,0.06878503306386215,0
0,0.014012343579505914,0
1,0.7997779786561464,1
0,0.5419469645674067,1
0,3.8317564890553414e-05,0
0,4.1357648707372925e-05,0
0,0.06167670967102022,0
0,0.001077741669357811,0
0,0.0733925524671505,0
0,0.009394621833823415,0
0,0.06418457968122634,0
1,0.6613287378038387,1
1,0.6647996431275099,1
1,0.8167453688248013,1
0,0.0045299330422901435,0
0,0.008239152799159873,0
1,0.49056059259819296,0
0,0.0016396984620792893,0
1,0.09234954542602336,0
0,0.08805679315670059,0
0,0.11226188017608868,0
0,0.04944314412853494,0
0,0.0006545991003990326,0
0,3.5178272147205936e-06,0
0,0.0014643179251958103,0
0,0.008568694564445319,0
1,0.3748115709650903,0
0,0.005681450254108698,0
0,0.03679421347418616,0
0,0.045523257825465305,0
0,0.12283249554542049,0
1,0.09173164843761876,0
1,0.767907379185112,1
1,0.4906097911359829,0
0,0.008972303828405727,0
0,0.01585755385028894,0
0,0.3356951533033313,0
0,0.8215879756842864,1
0,0.6830079928950525,1
0,0.186355636285141,0
1,0.5011652188740553,1
0,0.7468197362000717,1
0,0.011853944055801332,0
0,0.04465966401242685,0
0,0.3119679347255803,0
1,0.7133082236161495,1
0,0.047024069769029384,0
1,0.764907657367864,1
0,0.6116481016870626,1
0,2.494819426597258e-06,0
0,0.0011091360688196337,0
0,0.01408703566622034,0
0,0.038804545957434385,0
1,0.20975038676015717,0
1,0.6242287047612088,1
0,0.8961578602795057,1
0,0.001090022387162592,0
1,0.39882615352026085,0
0,0.05994616528509612,0
1,0.2351425974825154,0
1,0.9213349433496753,1
1,0.6872505989524368,1
1,0.35202931703443746,0
0,0.5405392202642083,1
0,0.04973670620790168,0
1,0.47491173558835686,0
0,0.37579596882430705,0
1,0.7197126665758089,1
0,0.03270975607819164,0
1,0.843809149175835,1
0,0.00998253826703342,0
0,0.01659359218635907,0
0,0.00019677546326099548,0
1,0.5580187241708011,1
0,0.4937617820845025,0
0,0.27522925718967267,0
0,0.4589456717251713,0
0,8.547234047158054e-06,0
0,0.008005814697409065,0
0,0.0010329943816910871,0
0,0.0029592361141478588,0
1,0.3198768186583236,0
1,0.20225520049762438,0
0,0.03928734177996876,0
0,0.018525279984060436,0
0,0.778775587904599,1
0,0.03113432495314387,0
1,0.9301482625631841,1
1,0.6314406365559104,1
0,0.011548832071931548,0
0,0.0014678099434020638,0
0,0.18927367234893708,0
1,0.6568014168902437,1
1,0.17238004106588883,0
1,0.589994140353118,1
1,0.40281797813536946,0
1,0.528756276859736,1
0,0.007641936451914561,0
0,0.0012405014718933135,0
0,0.05504397192697192,0
0,0.7484189022943019,1
0,0.024913959879856243,0
0,0.0025723063128910138,0
1,0.7729663732863317,1
0,8.436190694183956e-06,0
0,0.09083684225631114,0
1,0.5024533137231869,1
0,0.003958805797463488,0
0,0.4755736480076525,0
0,0.10069754803925297,0
0,0.1266123177885938,0
0,0.17856092480527172,0
1,0.49041396090764516,0
0,0.06555422921749696,0
0,0.7736678675661981,1
0,0.03951701857121205,0
0,0.0007100814941356022,0
0,0.07074785198301398,0
0,0.08127357110030016,0
0,0.31873260799924275,0
0,0.01375024437106711,0
0,0.27523533976624787,0
1,0.13497765901591366,0
0,0.28384069224990527,0
0,0.29231270848987984,0
0,0.07582450871485412,0
0,0.09013847382262571,0
0,0.04187584359062919,0
0,0.038936895869520156,0
1,0.5484964591327341,1
0,0.20002035605137194,0
1,0.5964787800736946,1
0,0.00040452484833555753,0
0,0.0013897013546252735,0
0,0.21416408486601882,0
1,0.6888937121503634,1
0,0.05156549893801154,0
0,0.29625327807902185,0
0,0.16593739508624772,0
0,0.27527643205288677,0
0,0.04763692937590562,0
0,0.0014613776300550763,0
0,0.6823781963054759,1
0,0.5303819495402095,1
0,0.47809858829975266,0
0,0.0008809490264280199,0
0,0.14651084982532253,0
0,0.012539998187645377,0
1,0.624469745907468,1
1,0.6778393992090969,1
0,0.012004426031816338,0
0,0.23705409441935765,0
0,0.010472862257524357,0
1,0.5476968663801003,1
0,0.02369076845193833,0
0,0.0903504583647844,0
0,0.1403291906888448,0
0,0.337818167352251,0
0,0.023341747283597718,0
1,0.8600122537716229,1
1,0.18090559351396798,0
0,0.055623488712568996,0
0,1.9720627038034713e-05,0
0,0.09889454230640174,0
1,0.284186083971235,0
0,0.5739286717007979,1
1,0.6987421843625058,1
0,0.3987499654301815,0
1,0.836347057774784,1
0,0.01882724845489326,0
0,0.04722858632740261,0
0,0.4201515292840405,0
0,0.4112241646344456,0
1,0.70162126448172,1
1,0.45942296993271453,0
0,0.7954604155921251,1
0,0.04993794201757528,0
0,0.5080260639184809,1
1,0.12320476620054786,0
1,0.8899822498990119,1
0,0.008827618599953867,0
0,0.007477283427444658,0
0,0.028079109897738756,0
1,0.6506694269440221,1
1,0.18255423951614047,0
1,0.45469140347202613,0
0,0.3761081752364634,0
0,0.7384670553895221,1
0,0.00019462033923229935,0
1,0.7685848378921707,1
0,0.09262229559254113,0
0,7.88481804382886e-05,0
0,0.013201572286256711,0
0,0.0013677365939681679,0
0,0.04668827396302139,0
1,0.1969699652195175,0
0,0.062286463890441256,0
1,0.27066641259387714,0
1,0.8301819486431862,1
0,0.017139161088353422,0
0,0.4573635015553707,0
1,0.6512902657481123,1
0,0.06354464698943915,0
1,0.2617314560033714,0
0,0.10309294731464017,0
1,0.475608043559141,0
0,0.0003107628568412183,0
0,0.3377927978474119,0
1,0.8652165009206837,1
0,8.03430848454238e-05,0
0,0.014928664724783628,0
0,0.4716169498206206,0
0,0.08798816553585546,0
0,0.013452086512693936,0
1,0.7249493765339508,1
0,0.013154722065472569,0
0,0.02230328988297589,0
0,0.06386128710016203,0
0,0.17770656799319715,0
0,0.0014605454295070512,0
0,0.0467192516520931,0
0,0.030747116795726708,0
1,0.1355435242262393,0
1,0.7811724855103697,1
0,0.04703631157937079,0
0,0.012973062287285288,0
1,0.3234612406996599,0
0,0.050928371320372715,0
0,0.8552935186542407,1
0,0.05907937457714457,0
0,0.154481782093435,0
1,0.8132744228459977,1
0,0.006303955584803529,0
0,0.24848556036424352,0
0,0.006392763692371365,0
0,2.388923708625757e-05,0
0,0.017654080186166293,0
0,0.022853429832588423,0
0,0.012804670529703419,0
0,0.018115236748709622,0
0,0.23815633254619187,0
0,0.09778265940485871,0
1,0.7904125930434633,1
0,0.32120242633140994,0
0,0.09189579586408364,0
0,0.006653524578471033,0
0,0.019793580625690907,0
1,0.2686600950964176,0
1,0.8288238596798917,1
0,0.07218976700521898,0
0,0.3192931885128185,0
0,0.0036121566305280096,0
1,0.7461643412662946,1
0,0.6928355905318676,1
0,0.23316107561935936,0
0,0.009294287478601356,0
0,0.005941246029557471,0
0,0.16772529869119518,0
0,0.005421756452160839,0
0,0.05605950991313573,0
0,0.32095820127367003,0
0,0.0012212689077307464,0
1,0.8239873591068243,1
0,3.5942150231813144e-05,0
0,0.4562048024819468,0
0,0.4265331536074391,0
0,0.003943831166875058,0
0,0.003043998107952858,0
0,0.16506243561507442,0
1,0.7803056793060122,1
0,0.0015637068807493263,0
0,0.019306698412330455,0
0,0.20263734356999902,0
0,0.03960940040117132,0
0,0.018532428287082372,0
0,0.11539685530051559,0
0,0.09673844028598964,0
0,0.6029689875964491,1
1,0.12691475717151585,0
1,0.8151955233202705,1
1,0.37241477650815186,0
0,0.017829357911402086,0
0,0.48156374598441787,0
0,0.2173046751175579,0
0,0.0017486802416922078,0
1,0.7034711754155916,1
1,0.27875178663355105,0
0,0.2078321801628457,0
0,0.27120064079353456,0
0,0.8747014336745602,1
0,0.06380309335755907,0
0,0.38327677588289105,0
0,0.00035049433424102626,0
0,0.0019572266381237,0
0,0.26259949309960645,0
0,0.06990355375626897,0
0,0.0026554646387393064,0
1,0.2199658483547091,0
0,0.034581319868322684,0
0,0.013158859469587305,0
0,0.32247593218076287,0
0,0.34929375438615096,0
1,0.8100554864203791,1
0,0.01815782702869287,0
0,0.02942133897272681,0
1,0.6976624625341762,1
0,0.05294134532724267,0
0,0.14452502342775664,0
0,0.23827900937002167,0
1,0.8790000880350255,1
0,0.12042227012387959,0
1,0.5505756237511557,1
0,0.03232168388313169,0
0,0.22329545582729574,0
0,0.26399492116454965,0
1,0.1673433911088678,0
0,0.04849142444416774,0
0,0.1542987051804564,0
0,0.03877753231379098,0
1,0.3290045198044614,0
0,0.7464119217579158,1
0,0.34433273951564736,0
0,0.4413780115736315,0
0,0.3689812909468667,0
1,0.6825496457846555,1
0,0.051255090613293454,0
0,0.3435578840933001,0
0,0.4578140667037394,0
0,0.04503919090008338,0
0,0.00185891859026328,0
0,0.0005748400481151454,0
0,2.282885811120495e-06,0
0,0.012659931586966823,0
0,0.37920870447457794,0
0,0.41127106071919556,0
0,0.19649490584891754,0
0,1.9564002653433355e-05,0
0,0.16306104489393555,0
0,0.006003658302977394,0
0,0.3389344758965856,0
0,0.050463897905729575,0
0,0.11897560537335418,0
0,0.021097417801128296,0
0,0.0003124620142339814,0
0,0.01656164863626795,0
1,0.30117314036244563,0
0,0.06137860688484809,0
1,0.9084542025993114,1
0,0.03285345616467372,0
0,0.007966601878322942,0
1,0.8582896459309995,1
0,0.01485942749758431,0
1,0.6531129356122113,1
0,0.0007409357679294431,0
1,0.7203021471230284,1
0,0.03331598025768865,0
0,0.06481656894957075,0
0,0.8075334262272482,1
0,0.010001234877453186,0
0,0.026509239811411775,0
1,0.9192757647135751,1
0,0.01792112964491661,0
1,0.38205800909912835,0
1,0.24813847555383836,0
0,9.315143216729256e-05,0
0,0.26372547916643735,0
1,0.8451589394932135,1
0,0.03564715385777589,0
0,0.03594851600340842,0
0,0.0012602640732156175,0
0,0.5255004590338088,1
0,0.0012148477600713045,0
0,0.003734408119237887,0
0,0.050303463779349404,0
1,0.9382507343412325,1
0,0.02580190988272413,0
0,0.1456233201688561,0
0,5.8130194370984085e-06,0
1,0.8903564731888851,1
0,0.1999658671731997,0
0,0.0014502916800197784,0
0,0.007679649005961864,0
0,0.5114697899683545,1
0,0.5941992948925906,1
0,0.18545413092443047,0
0,0.1490271438430203,0
1,0.878575677221225,1
0,0.01749305805839689,0
1,0.7811332396672914,1
0,0.3089566689755421,0
0,0.08228147043447989,0
0,0.0061913546292138395,0
1,0.8370765518360536,1
1,0.751718656244115,1
1,0.40566519453418515,0
0,0.00596948100744345,0
1,0.7729715149893063,1
1,0.5475260087541267,1
0,0.0861072918464485,0
0,0.09370578453543585,0
1,0.5905306897082617,1
0,0.5358740296688516,1
0,0.0024601313118144874,0
0,0.042929995233275085,0
0,0.022139099135904124,0
1,0.5330805230539907,1
0,0.6779710494574239,1
0,0.10490112767684603,0
0,8.704378539700248e-05,0
0,0.06447662908208868,0
0,0.0020609964740726074,0
0,0.3032939529187416,0
0,0.6451972994623014,1
0,0.7786660735159212,1
0,0.021490561515946326,0
1,0.8329880728870547,1
0,0.006274426902176424,0
1,0.44711959764732134,0
0,0.4926004936834218,0
0,0.4115482047574153,0
0,0.7147904009145942,1
1,0.6569265109222961,1
0,5.653910262875746e-05,0
0,0.0010155016525758864,0
0,0.21877474761488314,0
1,0.5315601357849711,1
1,0.31460643068730837,0
0,0.3010661589652564,0
0,0.025290912900406096,0
0,0.08955867730931533,0
1,0.5041596931937028,1
1,0.847092562265033,1
0,0.00970997441838113,0
0,0.0025052515538201967,0
0,0.036515196729438,0
0,0.1305672703632023,0
0,0.18153816453277352,0
0,0.22658091537710945,0
0,0.004895066212111398,0
0,0.052785629917184905,0
0,0.0002260271883848882,0
0,0.00026883791461660496,0
1,0.773075470622562,1
0,0.06728225296510418,0
1,0.5725070995940112,1
0,0.005729679653896703,0
1,0.459398743386601,0
0,0.19315162658807547,0
0,0.4483124323901334,0
0,0.8039093032931734,1
0,0.6223268127162703,1
0,0.00017220858996306042,0
0,0.0006137288010623743,0
0,0.06070022683421882,0
1,0.47207769377015973,0
0,0.06027538119844482,0
0,0.6534006490911066,1
1,0.22326503313383436,0
0,0.37009916947907334,0
0,0.29013038679977116,0
0,0.00032379350004404036,0
0,0.046288728459485146,0
0,0.002875618335791827,0
0,0.012153250040268541,0
0,0.0005616504685849567,0
0,0.1592266276627435,0
1,0.6495109090542985,1
0,0.005926029616022085,0
1,0.7715162815141179,1
0,9.007895547923949e-07,0
0,0.01696969657666618,0
0,0.0013585145762069772,0
0,0.004361884898546153,0
0,0.05861641680059341,0
0,0.07524830892096634,0
0,4.035186671650447e-06,0
0,0.014398051128743383,0
0,0.04385836384407596,0
0,0.18631093963463055,0
0,5.645957078118273e-06,0
0,0.01768599516305398,0
1,0.8025581189240842,1
1,0.30828215016674426,0
0,0.07800870844897026,0
0,0.0014306799739140853,0
0,0.06636026784441651,0
1,0.9316973964981267,1
0,0.6977291765239113,1
0,0.2768616766601657,0
0,0.0017135989894506173,0
1,0.679682909479162,1
0,0.11716667618836156,0
1,0.8257080920377602,1
0,0.1426398741796604,0
0,0.8036132421888417,1
0,0.060242803515861136,0
0,0.5586289903797317,1
1,0.7840246719753402,1
1,0.23393198986194066,0
0,0.11959716677320628,0
1,0.5568084729721239,1
0,0.0001902455495405556,0
1,0.6175544563632563,1
0,0.5158691039598163,1
0,0.019869039811941692,0
0,0.0034119281997590702,0
0,0.021057271981517214,0
1,0.8369898562420693,1
0,0.0011677036980668042,0
0,0.014417624054625284,0
0,0.8851741181100417,1
0,0.22249980546843606,0
1,0.557965593098906,1
0,0.026845745287228683,0
1,0.7437514757368556,1
0,0.001982609683216174,0
1,0.6939921859829573,1
0,0.12620079232525014,0
0,7.771788566953238e-05,0
0,0.13280091346288625,0
0,0.33845504357320383,0
0,0.0367740433257687,0
0,0.5088280922386933,1
0,0.3390007416502413,0
1,0.7189452524158032,1
0,0.0026535135978275745,0
0,0.04460711633893334,0
0,0.15973305555280903,0
0,0.06295679659772334,0
0,0.026145934279206345,0
1,0.46998510822003686,0
0,0.01689745240312675,0
1,0.46670276122753623,0
1,0.4993201705366208,0
1,0.3291586054659877,0
0,0.030104154540233075,0
0,0.0015093597027410342,0
0,3.081450350355232e-06,0
0,0.060507018995703724,0
0,0.014782173042439901,0
1,0.0684397108494441,0
0,0.08101798234332533,0
0,0.10456654149182866,0
1,0.39505235989145393,0
0,0.0870483813095556,0
0,0.015666126422608787,0
0,0.3629411422279178,0
0,0.11808873527335009,0
0,0.07808814611189122,0
0,0.12875006067985623,0
0,0.28853081390458324,0
0,0.00799582300213917,0
0,5.231856237414492e-05,0
0,0.0038755277255861937,0
1,0.1439414425078634,0
1,0.3382015133616347,0
0,0.24810451896747251,0
0,0.03739023533050415,0
0,0.4076480519568159,0
0,0.7471090834054674,1
1,0.4673722448859833,0
0,0.09142714484005544,0
0,0.4265281937997483,0
0,0.06886452228638545,0
1,0.7260353189699423,1
0,0.12642221631263173,0
1,0.7515643361848483,1
0,0.07406467963837556,0
0,0.23874968363761329,0
0,0.02057173085423833,0
0,0.5880723347272713,1
1,0.5683479181158668,1
1,0.3075039849793878,0
0,0.03709926447376821,0
0,0.8722517677603826,1
0,3.711272524263527e-06,0
0,0.00011572728079638999,0
1,0.18035382060705907,0
0,0.07014150847910629,0
0,0.0590318708282768,0
0,7.150542439901248e-07,0
0,0.02445042280712259,0
0,0.0017649214943254667,0
0,0.45123438306472285,0
0,0.0828565749053242,0
1,0.05152911863097205,0
0,0.21531677139198285,0
1,0.8713642621925994,1
0,0.3505538204554414,0
0,0.3130424047841553,0
0,0.03256291287597441,0
0,0.21660776663767567,0
0,0.47596033994944836,0
0,0.050877062598942216,0
0,0.026184382638149446,0
0,0.0006017339448625209,0
0,0.005795284874107377,0
1,0.5089842101607113,1
1,0.8686110147531234,1
0,0.005497789342834948,0
0,0.835346662586861,1
1,0.776737427979443,1
1,0.7315737023303032,1
0,0.003765353507995646,0
0,0.06520863835026915,0
0,0.2545125914019609,0
0,0.2368392174969148,0
0,0.11805020163008098,0
0,0.0878291034145288,0
0,0.01789789950946952,0
0,0.43527820075911494,0
1,0.16309014506201994,0
0,0.6622039986115789,1
1,0.7917805368235921,1
0,0.18497323089658832,0
0,0.7893125541615865,1
0,0.055809808336831274,0
0,0.19960506249533308,0
0,0.013036875429195493,0
1,0.897562103275157,1
0,0.2465259276874249,0
0,0.2668853634516958,0
0,0.1146159139584067,0
0,0.0867909807332984,0
0,0.010074155399151212,0
0,0.2901358833157315,0
0,0.00012097720613341625,0
0,0.000992241937617906,0
1,0.06822772368635747,0
0,4.4512845877015015e-05,0
0,0.0625981312137238,0
0,0.029457600717750228,0
0,0.20874424134262917,0
0,6.283745625561953e-05,0
0,0.39104113658578404,0
1,0.38358339912549655,0
0,0.13136951076149672,0
1,0.7818023305085794,1
0,0.0065492745148694855,0
0,0.45758849739003477,0
0,0.27170955274434916,0
1,0.8545795675137448,1
0,0.03472087203041064,0
0,0.2341731566299413,0
0,0.10032881601682785,0
0,0.14247302666650555,0
0,0.0003180264115008912,0
0,0.007390510312204704,0
0,0.4760351314130356,0
0,0.24717522928348237,0
1,0.8751542568299956,1
0,0.00035979034058516106,0
0,0.005304498197601097,0
1,0.6951285198180441,1
0,0.30347333930930565,0
1,0.19443333676633004,0
1,0.06119790006740792,0
1,0.7526067469443091,1
1,0.7777749963977907,1
0,0.766462694170138,1
0,0.015104709200727357,0
0,0.09041260401589016,0
0,0.006802101831501568,0
0,0.0385681844909686,0
0,0.03193234018693971,0
0,0.16079632253647339,0
0,0.00022426084026486355,0
0,5.9889606319404855e-05,0
0,0.2657802225073619,0
1,0.6473103435388021,1
0,0.7722078330837647,1
0,0.008619142132063488,0
1,0.6601039700781538,1
0,0.4919076478151576,0
0,0.1796778647874685,0
0,0.08311958855640407,0
1,0.07432210167342432,0
1,0.8029968446622955,1
0,0.5956699322009825,1
0,0.28115014260792026,0
0,0.27186549370036023,0
0,0.04675647198735298,0
0,0.5141489236991031,1
0,0.03603234161166812,0
0,0.37429458384347064,0
1,0.8352728635963315,1
0,4.153121111699614e-05,0
1,0.2982994780579561,0
0,0.0022967819648004166,0
0,0.033286176627135886,0
1,0.6988138499657712,1
1,0.7795904510006375,1
0,0.0017322222925973286,0
0,0.003433728048931767,0
0,0.7116913122938662,1
0,0.08651179658808135,0
0,0.058618616930876374,0
0,0.08905553153561928,0
0,0.30531548389081964,0
1,0.8463559701350405,1
1,0.7363139034129577,1
0,0.546177804880626,1
0,0.09833181020133958,0
0,0.037350182664913564,0
0,0.06697140163107602,0
0,0.42230764686854183,0
0,0.21301209338778768,0
0,0.2053074194641343,0
0,1.9597781132437462e-05,0
1,0.5597695635278948,1
1,0.4760471456887912,0
0,0.060438519462731564,0
0,0.017167909396969668,0
0,0.6414721789597967,1
1,0.8026401732199663,1
0,0.005358446628267957,0
0,0.09477279806738775,0
0,0.002375281446441473,0
1,0.8605591445033398,1
1,0.5128202173249641,1
0,0.2428093712801347,0
1,0.6843359571390393,1
0,0.01041340962867065,0
0,0.45164657987362705,0
0,0.0004948018575182989,0
0,0.011367675631006805,0
0,0.05154374812982411,0
0,0.2162831619767753,0
0,4.833416963830508e-05,0
0,0.0022095367642300523,0
0,0.001016516704610101,0
0,0.3723737597485539,0
0,0.13047027778738302,0
0,0.0015053614535354887,0
1,0.13630034198445454,0
1,0.18621441116858428,0
0,0.37707835071609835,0
0,0.077149887211717,0
0,0.001339132128372214,0
0,0.3416103175363882,0
0,0.3168971203735481,0
1,0.05530491269045122,0
0,0.27238926767278254,0
1,0.5012628744442603,1
0,0.025203551041379883,0
0,0.04552147864966438,0
0,0.1820366672725776,0
0,0.005179231663165583,0
0,0.5132977963000069,1
0,0.02213011273836348,0
0,0.2904001510902298,0
0,0.21032678418456888,0
0,0.06717917694163618,0
0,0.07128322627166227,0
1,0.7392471415963633,1
0,2.6007832593615756e-06,0
0,0.7236340985487271,1
0,0.0007835214158363231,0
0,0.003918123349938345,0
0,0.06992573071909405,0
1,0.4901574702774017,0
0,0.04132678751837269,0
0,0.021814070933005393,0
0,0.03764937533024511,0
0,0.04115036391045794,0
0,0.008761757800537855,0
0,0.4132515536374554,0
0,0.18838205683456555,0
1,0.3527182627027868,0
1,0.4694287972461454,0
0,0.18715422773015553,0
0,0.4003295749076232,0
0,0.08994318814028918,0
0,0.009788075876205995,0
0,0.27079603102230565,0
0,0.4847435985817948,0
0,0.0002501527118300128,0
0,0.07581996717276915,0
1,0.675077781493672,1
1,0.4413624225723619,0
0,0.4786217169905141,0
0,0.03101449411408646,0
0,0.05132030907259823,0
0,0.7641639739985014,1
0,0.0002040472264353303,0
0,0.018356967076702133,0
0,0.04798192929746916,0
1,0.8494421492964235,1
0,0.0011367604973719536,0
1,0.47269928826763175,0
0,0.13835773759710118,0
0,0.03116237413793242,0
0,0.7130857982265574,1
0,0.33485319003462216,0
1,0.07714734701721276,0
0,0.237499881438532,0
0,0.14990673328176218,0
1,0.11343718807560699,0
0,0.8229483104279086,1
0,0.00021399889841981716,0
0,0.22022457968964218,0
0,0.0033740503399749826,0
0,0.6768824859018674,1
0,0.08189693674315278,0
0,0.001889145411704827,0
0,0.0004379499054826326,0
0,0.1448787368321126,0
0,0.02515738370551925,0
0,0.047227935708199845,0
0,0.004431639007342968,0
0,0.0035613450670324838,0
1,0.7073320219977853,1
0,0.0023428697384530604,0
0,0.005866904926293317,0
1,0.0280762250724199,0
0,0.0009083245581081397,0
0,0.2388864522903299,0
1,0.6349520767858703,1
0,0.2126017410421783,0
1,0.13597247391091416,0
1,0.5866991402718078,1
0,0.003494138575162927,0
0,0.28022385857834375,0
0,0.008717768663021357,0
0,0.023753688651142576,0
1,0.6153970265124777,1
0,0.06852211938762821,0
1,0.3598740668876922,0
1,0.8574911537169627,1
0,0.004639166607529058,0
0,0.004327955465385023,0
0,0.05794633098382173,0
1,0.6501467639156092,1
0,0.49127278141360853,0
1,0.900840344198172,1
0,0.0017646978246602775,0
1,0.3634656027977082,0
0,0.0001737066044960138,0
1,0.4047628890991318,0
0,0.5378464713324241,1
0,0.0004975801241024849,0
0,0.10764625020515362,0
0,0.2784660107843918,0
0,0.7288400183408807,1
0,0.06565071843749819,0
1,0.6724182827565197,1
0,0.00035657745803241783,0
0,0.0002974609351437579,0
1,0.8102000922958449,1
0,0.2583210972641404,0
1,0.28634277078838977,0
0,0.002664569649074753,0
0,0.06632276943763803,0
0,0.11043263879368825,0
0,0.004694185754416458,0
0,0.040297047132538975,0
0,0.23564100061514637,0
0,0.46990769760574613,0
0,0.05760287172233575,0
0,0.6228375229868525,1
0,0.03098222254229016,0
0,0.14982030316546116,0
0,0.055226266383844896,0
0,0.04350993263902245,0
0,2.245218295864925e-06,0
0,0.24185306283251645,0
0,0.05695566776428408,0
0,0.18556559201135142,0
0,0.033386909312074775,0
0,2.9097310303026685e-05,0
0,0.03984213431613651,0
0,0.008096604587995722,0
0,0.006493019215755879,0
1,0.2915019803931521,0
0,0.05561156313567415,0
0,0.004224915166878595,0
0,0.678164007674688,1
0,0.0027167045238948037,0
0,0.06182551225553308,0
0,6.331114703593723e-06,0
0,0.07814555185572732,0
0,0.14089778003323972,0
0,0.002112454751396812,0
0,0.22120263929977163,0
0,0.21877848180257028,0
0,0.011332913936290096,0
0,0.3543926326251759,0
0,0.11614856742045412,0
0,0.01739800538105659,0
0,0.12698278551653674,0
0,0.040415566950950575,0
0,0.13466415297035,0
1,0.44513236707591053,0
1,0.9446281110601722,1
0,0.3169391359191894,0
1,0.2676155221156042,0
0,0.00016412076354617363,0
0,0.01276433657027264,0
0,0.0529881986037801,0
1,0.7154970776753263,1
0,0.5184618860326361,1
0,0.0025152576927528238,0
1,0.11589206796386756,0
0,0.13667839711205043,0
1,0.7799606694581633,1
0,0.09043968233570311,0
0,0.43016217239577414,0
1,0.6108215727305675,1
0,0.04779683066334285,0
0,0.011625058085919326,0
0,0.02148788454288218,0
0,0.01348587638232861,0
0,0.03255649037853421,0
0,0.07330915022153707,0
0,0.024057207068564186,0
0,0.03643460454646704,0
1,0.36803342208931744,0
0,0.034494431105808764,0
1,0.3424758353767625,0
1,0.3315808155691277,0
0,0.00015221458238547962,0
0,0.16400567722116305,0
0,0.07733927933043452,0
1,0.2674698402710736,0
1,0.9328080315220493,1
0,0.3765996031091738,0
1,0.4012363723195977,0
1,0.37037454960979527,0
0,0.0037301236454076263,0
0,0.0005621465497305133,0
0,1.1687018831380565e-05,0
0,9.397309074358656e-05,0
1,0.8348177816498653,1
0,0.049166845933062364,0
0,0.31009979551642874,0
0,0.008180338360666263,0
0,0.03029545097170583,0
0,0.22545467493884738,0
1,0.4344178582802197,0
1,0.708369450135707,1
0,3.5399553156831197e-05,0
0,0.0016156209030806998,0
0,0.4008988643324453,0
0,0.12349085047862443,0
0,0.08710829760414093,0
0,0.0001335056916945067,0
0,0.001630334454255794,0
0,4.676859004321195e-06,0
0,0.27294715977954465,0
1,0.826337266110183,1
1,0.07570580696706039,0
0,0.02263296804970487,0
0,0.002578758640719308,0
0,0.3108860824955873,0
1,0.7713437043001435,1
0,0.04360810751118701,0
0,0.00014716820706885963,0
0,0.09202682684868187,0
0,0.003352156622616555,0
0,0.04038938519027136,0
0,0.13901028727001719,0
0,0.5513888247733532,1
1,0.8009676097278033,1
0,0.49968818652803026,0
1,0.8046633855770949,1
1,0.34173293522001796,0
1,0.9646141802879401,1
0,0.00804145636800798,0
0,0.0250072392897865,0
0,0.12050061796811719,0
0,0.17481078092577973,0
0,0.008623020525993149,0
1,0.8069279798574931,1
0,0.5596232804412737,1
0,0.04917695663684863,0
0,0.41352072824903363,0
0,4.718494825483553e-06,0
0,0.0022317845213637643,0
1,0.8402604163411378,1
1,0.5372202494943,1
1,0.6881264218261728,1
0,0.19965011503787197,0
0,0.3827138880858764,0
1,0.7627660557102073,1
0,0.13143118440994675,0
0,0.0026198833981577723,0
1,0.5233973079028588,1
1,0.14049930047644213,0
0,0.0028653893086005937,0
1,0.0877549470729287,0
0,0.06769043056603102,0
0,0.07327973427386279,0
0,0.0003792238323593525,0
1,0.745463412532964,1
1,0.26550994023142016,0
0,0.36042640364002543,0
0,0.053299684303936015,0
0,0.030533413997462244,0
0,0.11440191397877639,0
0,0.143684860862641,0
0,3.857143175338317e-06,0
0,0.00881918834658261,0
0,0.0069563858282994185,0
1,0.7291284939964525,1
0,0.5313154279970689,1
0,0.0013752975186663533,0
0,0.12876886097348267,0
0,0.23436247092755705,0
0,0.16892256992006344,0
0,0.3617204736314873,0
0,0.006579679843191525,0
0,0.13417517913140534,0
1,0.7168554025371993,1
0,0.004796587214349544,0
0,0.6864130972477579,1
0,0.31157550803940376,0
0,0.015170563613138115,0
1,0.8551609517473399,1
1,0.29679222659941407,0
0,0.3978012119401619,0
0,0.004026740796169141,0
1,0.6296456053235256,1
0,0.14810725285023474,0
1,0.40526281636714423,0
0,0.1398224891201788,0
0,0.0005285637897316988,0
0,0.043364174763403915,0
0,0.054207780491036375,0
0,0.49737878059872864,0
1,0.8157476653689063,1
1,0.3948044124503504,0
1,0.8486412760236621,1
0,0.27459076509442093,0
0,0.0035266327716887316,0
0,2.739888028870792e-05,0
0,0.004907177857216625,0
0,0.12629948100441524,0
0,0.000724452042331911,0
0,0.02561988468815526,0
0,0.0238820592561748,0
0,0.0007917434658639141,0
1,0.3707644442061047,0
0,0.8416516188852011,1
1,0.48314541889743284,0
0,0.18246217279566165,0
0,0.2351462653177181,0
0,0.1414553682345637,0
0,0.1469100913723067,0
0,0.2660548148938733,0
1,0.08492574905252565,0
0,0.6355754630354683,1
0,0.0284312954348276,0
0,0.3083445202448158,0
0,0.015767670981045527,0
1,0.22062585423778178,0
0,0.7111400757368748,1
0,0.009484166507506922,0
1,0.8515418615968092,1
1,0.8740406812487925,1
1,0.543888426648937,1
1,0.2387324901295011,0
0,0.14493031804865003,0
0,0.015628249815188715,0
0,0.051244242309018466,0
0,0.369844410944552,0
0,0.4304255911611385,0
0,0.004489553207342308,0
0,0.6163772848779819,1
0,0.198046349851974,0
1,0.8019976938888143,1
0,0.0005977696157801818,0
0,0.016733023681654247,0
0,0.005408938507393785,0
1,0.8708713655112044,1
0,0.06426618285720759,0
1,0.9219103458352522,1
1,0.601840947428223,1
0,0.03326530997847178,0
1,0.5502455140057828,1
1,0.8577431113973114,1
0,0.4578180893380082,0
0,0.030543081871482653,0
0,0.4387516401212649,0
0,0.15709359714252374,0
0,0.0004335604662027664,0
0,0.010886145348709658,0
0,0.001376776610051081,0
0,0.10545950504710197,0
0,0.2749353009540398,0
0,0.10555150623611001,0
0,0.10155431010699295,0
1,0.713186549226283,1
1,0.8907849658798183,1
0,0.42259070450871716,0
0,0.0006583209690451024,0
1,0.8599966821752653,1
0,0.3096502294652731,0
0,0.49986575249839466,0
0,0.017287512280021837,0
0,0.7466961621312138,1
0,0.2840042559181345,0
0,0.023508815868954425,0
0,0.0972339339905406,0
0,5.659568377330494e-05,0
1,0.6523524066727635,1
0,0.17558356050392881,0
0,0.026673739557650226,0
0,0.06261483870095595,0
1,0.09846724429358429,0
1,0.8013298511186714,1
0,1.7643817649144328e-05,0
0,0.08194279221113455,0
1,0.293125763492946,0
0,0.00033754398499810916,0
0,1.6836021622476212e-05,0
0,0.6480021984833434,1
1,0.37295565641637873,0
0,0.001061443665280512,0
1,0.45547663303152175,0
1,0.8475034482029693,1
0,0.017070434518715746,0
0,0.019573559340835864,0
1,0.8831351377267274,1
0,0.002200126590865751,0
1,0.5607400853356821,1
0,0.6815436971150097,1
0,0.027020248941580026,0
0,0.020081524035397483,0
0,0.11724250745293159,0
0,0.02250682562641035,0
1,0.7306234134103842,1
1,0.7571612804121923,1
0,0.017694264678137804,0
0,0.21021073809764618,0
0,0.5444616040864855,1
1,0.8760751885676186,1
0,0.10681009064838186,0
0,0.011114812318846711,0
0,0.04732876575935486,0
0,8.8170275401914e-05,0
0,0.03979276238345934,0
0,0.03269057292111596,0
0,0.40761317702918076,0
1,0.2981547635793503,0
0,0.003429055859378739,0
0,0.302299413964233,0
0,3.364373506904199e-05,0
0,3.186451155659235e-05,0
1,0.2831448517776792,0
0,0.011666620398522214,0
1,0.2611335152443513,0
1,0.6280593079654417,1
0,0.22396791267665392,0
1,0.09042798909216034,0
0,0.017226452534446622,0
0,0.09127749196090784,0
0,0.20636115342726924,0
0,0.010524167768585207,0
0,0.4847080037167481,0
0,0.020194541763844193,0
0,0.015849500870515773,0
0,0.01284328981965538,0
1,0.4118254002586008,0
0,0.009111583869772543,0
0,0.008692473084717661,0
0,0.18500911087097288,0
0,0.008431659887684321,0
0,0.021671002908556943,0
0,0.8285908565048922,1
0,0.7350013077956873,1
0,0.002026450987264153,0
0,0.0011112998118831025,0
1,0.8287307296505044,1
0,0.023997384927152,0
0,0.6220682257634335,1
1,0.8460036338634627,1
0,0.020138795915557364,0
1,0.6216839829144152,1
1,0.14673352614598406,0
1,0.5085197288046107,1
1,0.6782621742498838,1
1,0.7200835315368663,1
0,0.5554046835235603,1
1,0.3647204672439694,0
0,0.00816990158190271,0
0,0.2632030363741382,0
0,0.008186798163961602,0
0,0.044429076111063545,0
0,0.5598536416477393,1
0,0.011104988192462398,0
0,0.24335128607611092,0
0,0.03300130056121743,0
0,0.04563706485908592,0
1,0.7065529690257576,1
1,0.04637435429845856,0
0,0.004743193171491493,0
1,0.3811011930574893,0
0,0.015135795208789615,0
0,0.005445583247095837,0
0,0.7854704162749434,1
0,0.003927638276204791,0
1,0.6562560468750607,1
1,0.5608171462803058,1
0,0.012939823640064936,0
0,0.002390873274165516,0
0,0.6534562422668015,1
0,0.0006531042124279687,0
1,0.19168498565200748,0
0,0.7210152403293324,1
0,0.0889660306173683,0
0,0.019718709005795143,0
0,0.4566305016572843,0
0,0.050386358587194986,0
0,0.09880861340384894,0
0,0.3660932510748536,0
1,0.9705862076419817,1
0,0.09079260695546987,0
0,0.041753845213105586,0
0,0.04800417540708451,0
0,1.0036437457713398e-05,0
0,0.07664107934235434,0
0,0.01245280976886731,0
0,0.09058033798025222,0
0,0.06459919920407727,0
1,0.446051935742965,0
0,0.004700697760637016,0
1,0.6873440162155349,1
0,0.007931920159239679,0
1,0.7336611812832116,1
1,0.7152122381200369,1
0,0.00930672433666435,0
0,0.07254078478374018,0
0,0.0017958581617970476,0
0,7.686524255440815e-05,0
0,0.01972078918851777,0
1,0.616112246863972,1
0,0.7368193522536831,1
0,0.09053933372177617,0
0,0.03432046142456536,0
0,0.593746227699017,1
1,0.8520564049127749,1
0,0.0008677522297640432,0
0,0.01919293816362598,0
0,0.06150448177671815,0
1,0.81826523873052,1
0,2.927185441624323e-06,0
0,0.008831931272845251,0
0,1.1733213646808642e-05,0
0,0.029082168565051403,0
0,0.01953289569290523,0
0,0.014532917850582187,0
0,0.04796010938873721,0
1,0.6218208006697747,1
0,0.004841975102828432,0
0,0.09512438030352346,0
0,0.09459134553166672,0
0,0.10462462251571998,0
1,0.39685785694622955,0
0,0.32027645827277657,0
0,0.16535251517831498,0
1,0.22022314830636427,0
0,0.007024569994979681,0
1,0.6691220590165121,1
1,0.788819340647607,1
0,0.3355924429928897,0
1,0.7463054307774187,1
0,0.00997988675350638,0
0,0.02992722063740149,0
0,0.5201784842367391,1
0,0.03697665224285444,0
1,0.02482119610531623,0
1,0.762049468499865,1
0,0.06421106030014605,0
0,0.5435558990094224,1
1,0.787976690278417,1
0,0.08056799096821758,0
0,0.010769989486581028,0
0,0.09389246543526819,0
0,0.2466985453814783,0
0,0.07722099194352294,0
0,0.16040243240621793,0
0,0.0816411842954188,0
1,0.8525615287075716,1
0,0.14598162240472057,0
0,0.8677373676847686,1
0,0.5156722172276358,1
1,0.25113820786253,0
1,0.4257044503005294,0
0,0.13369086330739038,0
1,0.851225038454211,1
0,0.020199012864023876,0
0,0.017078682792083213,0
0,2.464632552525668e-06,0
0,2.1516534901678922e-06,0
0,0.005562597416072066,0
0,0.21078351100385112,0
1,0.41977394707819965,0
0,0.0018582442619307661,0
0,0.048715813538533596,0
0,0.04934192992362119,0
0,0.0936459413658302,0
0,0.010627407760838,0
1,0.5740382223978034,1
0,0.0046990853501136815,0
0,0.037107487427724746,0
0,0.0014784543314971979,0
1,0.5523240186784079,1
1,0.552688088253075,1
1,0.8158385465250426,1
0,0.42189484013032547,0
0,0.23583979911420463,0
0,0.0024099001149725514,0
0,0.060524253852375434,0
0,0.030887532248423947,0
0,0.11016674632298461,0
0,0.6031200409634851,1
1,0.8825488239396156,1
0,0.15169047719251924,0
0,0.09696081102323248,0
0,0.1391326358518981,0
0,0.3306764985450756,0
0,0.035076383920574945,0
0,7.788997633022966e-05,0
0,0.0002609060189386815,0
0,0.2914468250802696,0
0,0.19129763135572625,0
0,0.00048449001110327625,0
0,0.1071585200700957,0
0,0.4568032467011064,0
0,0.9135579528533941,1
0,0.23351988586924283,0
1,0.7878230053146522,1
0,1.9282674005335106e-06,0
0,0.01663666448424885,0
0,0.31811509030900004,0
1,0.5355036878642844,1
0,1.8514729015899644e-06,0
0,0.0008514230418857949,0
0,0.625507360492122,1
0,0.0018525095379439212,0
0,0.02652724400109768,0
0,0.19714739941300508,0
0,0.22980631359248455,0
0,0.008185099396485297,0
0,0.25013154381588476,0
0,0.0004343069104018005,0
0,0.03998221141314614,0
1,0.09734852574104515,0
1,0.4022139749733688,0
0,0.14449694147769815,0
0,0.0322593687047486,0
1,0.5302134246687188,1
0,0.04124645479769118,0
0,0.003420030524799979,0
0,0.34692000224241,0
1,0.09478746461574576,0
0,2.3065938392466885e-06,0
1,0.4087708576143567,0
0,0.0010102841350168145,0
0,0.01680758849637573,0
0,0.001496970723721857,0
0,0.1471624808213818,0
0,0.05217373319210111,0
1,0.08434858337024864,0
0,0.3473424024268763,0
0,0.044411049226396854,0
0,0.021675733668508425,0
1,0.808515205776734,1
0,0.0430475849241401,0
1,0.5130119520527838,1
1,0.7993210797073207,1
0,0.1773166430877686,0
0,0.20278998539969562,0
0,0.02116453241851425,0
0,1.108617569424839e-05,0
0,0.06022606144156032,0
0,0.4979412010693313,0
0,0.004923423472532285,0
0,0.1918981499201433,0
0,0.3523203036484765,0
0,0.03413914365022038,0
0,0.13132063582352851,0
1,0.7717932075082773,1
0,0.07153274630071318,0
0,0.050830539211004465,0
0,0.6652529382243917,1
1,0.8200940752073437,1
1,0.04992498609728149,0
0,0.0035063028679998016,0
1,0.6622273291648493,1
0,0.013976078936383717,0
1,0.32149989929623435,0
0,0.37052015541784455,0
0,0.03255679051427364,0
0,0.014406641157417046,0
0,0.04280584850353562,0
1,0.5771287772878575,1
1,0.259555320051941,0
0,0.0020917712544041385,0
0,0.15057276676066045,0
1,0.9124044716528975,1
0,0.011881976818984062,0
0,0.18892012465218244,0
1,0.6960534447212724,1
0,0.03243906006294085,0
0,0.028921001017164036,0
0,0.6355729994399545,1
0,0.005469498907823743,0
0,0.0010686018521117928,0
0,0.2877819891245179,0
0,0.011409340895113796,0
0,0.024276198065445263,0
1,0.5109124425636197,1
0,0.00235816242248321,0
0,0.00043721213559005045,0
0,0.18266626047423984,0
0,0.0002020534990649584,0
1,0.11601239615836585,0
0,0.001563248765719232,0
0,0.001954888046326747,0
0,0.029727098053317223,0
0,0.3394385396594315,0
0,0.3819465447897543,0
0,0.19582406557447757,0
1,0.6736691661276261,1
0,0.014316707796348643,0
1,0.7316430150819431,1
0,0.6252943636583062,1
0,0.009825627397836302,0
0,0.5413486027802308,1
0,0.20071487711754338,0
0,0.2029484930523422,0
0,0.0911693101649928,0
0,0.7851868247127196,1
0,0.45450670189345616,0
0,0.00010736899439328105,0
0,0.45903182377509266,0
0,0.048545585609001095,0
1,0.12035932476451802,0
0,0.09102616668952444,0
0,0.008103685970796116,0
0,0.3766003886968428,0
0,0.08705053999140652,0
0,0.013352989838201944,0
0,0.03830652042164174,0
0,0.19353782449867385,0
0,0.05881804500992328,0
0,0.00038174318434748143,0
0,0.24398057821372965,0
0,0.4357153321340846,0
1,0.7254712092803242,1
0,0.041213273166956096,0
0,0.7758267174683586,1
0,0.1161817198684043,0
0,0.08020376642699141,0
1,0.8737051385665324,1
0,0.00014336100886344126,0
1,0.704955941964599,1
0,0.012316025988961731,0
0,0.690356990074272,1
1,0.6399371385744637,1
0,0.4139113325536355,0
1,0.8894392584438452,1
1,0.23288202985499218,0
1,0.904544360203901,1
0,0.6484495854031923,1
1,0.555179943204421,1
0,0.014235860869091899,0
0,0.08964056500936939,0
1,0.48398882639243423,0
0,0.15339556911691532,0
1,0.2003702590596033,0
1,0.13433681374092662,0
0,0.08904235634442888,0
0,0.00035944416453445886,0
0,0.2902579238541663,0
1,0.5775933454661281,1
0,0.017420005804093606,0
0,0.0008314092143714223,0
0,0.05488504633409302,0
0,0.12505097776524668,0
0,0.16765301156786316,0
0,0.0016559187605919305,0
0,0.0071382045101541815,0
0,0.0039412633782357235,0
1,0.5339438787917004,1
0,0.16674054607319266,0
0,0.04130786675764821,0
0,0.016431958707902004,0
0,0.20492497827137823,0
0,0.016014945658860563,0
0,0.2510973021361054,0
1,0.7651238320832116,1
0,0.019280175187022266,0
0,0.3395649324292426,0
0,0.00043599523630677645,0
1,0.1860345293461408,0
0,0.20915697374276834,0
0,0.0013061330343282624,0
0,0.3054256423833798,0
0,7.352210237774402e-05,0
0,0.11439754265486476,0
1,0.22691259097096944,0
0,0.007610479508123103,0
0,0.0025225351272749647,0
0,0.28115853301566923,0
0,0.14843336328222914,0
0,0.053825025716668196,0
0,0.29486474026650683,0
0,0.0006106325876620693,0
0,0.0012899824452922203,0
0,0.04916646904231261,0
0,0.36587752241582755,0
0,0.2697045293375494,0
1,0.8464113048249006,1
1,0.4580584780210206,0
1,0.7061652014526558,1
0,0.0033824262195487156,0
1,0.6597774540628534,1
1,0.5250170506824171,1
0,0.04610342672676066,0
0,0.2775848021650728,0
1,0.6398822999668263,1
0,1.408139134998341e-06,0
1,0.22171832875671454,0
0,5.14938527547439e-05,0
0,0.7366439678579321,1
0,0.31052178221397053,0
0,0.013060559660147195,0
0,0.06636938484170003,0
0,0.07656305203900557,0
0,0.3589879587841702,0
0,0.016080047397929093,0
0,0.3507789927918247,0
0,0.009449603765075037,0
0,0.2279756293535606,0
1,0.46545771233876687,0
0,0.2660230445541924,0
0,0.28240089917326683,0
0,0.02277047711149487,0
0,0.6032282958948968,1
1,0.11952640010520812,0
1,0.3057390832748039,0
0,0.006142100909277671,0
0,0.20921196216084081,0
0,0.081196063139947,0
0,0.3679020888767266,0
1,0.39287808183174444,0
0,0.07297797833288239,0
0,0.0404398805388301,0
0,0.01919185135795063,0
0,0.0011754575338166274,0
1,0.4244332906905909,0
0,0.015515069158404702,0
0,0.05394885430910303,0
1,0.5267187685702411,1
0,0.004705432297895612,0
0,0.3712737172978439,0
1,0.04701681436299222,0
1,0.7400790014275447,1
1,0.4989237806578271,0
0,0.38446304146803595,0
1,0.7883363711900992,1
0,0.704812775637662,1
1,0.4354428779434432,0
1,0.0863317876257272,0
0,8.114964520669814e-06,0
0,0.13985826022576017,0
1,0.7932858791583349,1
1,0.6604193613042338,1
0,0.7477733605100155,1
1,0.31379687909835124,0
1,0.8083481952240968,1
1,0.47348898630763425,0
0,0.00043340931940127436,0
0,0.4441551571898789,0
0,0.003973678531941289,0
0,0.001762907015722618,0
0,0.15866738283580203,0
0,0.009611083007121218,0
1,0.6075455036371521,1
0,0.002903081301192715,0
0,0.05491118155950165,0
1,0.024240015107247055,0
0,0.8820279169256073,1
1,0.7121539192618898,1
1,0.13148296308521862,0
1,0.857052473464886,1
0,0.005748336591047987,0
1,0.37769179589782537,0
0,0.011412273926346408,0
0,0.03715197824666856,0
0,0.07361417669614645,0
1,0.47494463125258807,0
0,0.00793273582343876,0
0,0.24595837968089293,0
0,0.01714964213288874,0
0,0.12448038313714944,0
0,0.8134106749924079,1
0,0.025186157162422944,0
0,0.8429227020340171,1
1,0.7289222129977153,1
0,0.012982960593142768,0
0,0.03101483667609628,0
0,0.0070653016122032945,0
0,0.2188542565398785,0
0,9.563494318066519e-06,0
0,0.002546468165621488,0
0,0.4032592761795713,0
1,0.7511542701308274,1
0,0.00046046703565198597,0
0,0.1433651946878046,0
0,0.011145345813109137,0
0,0.0001011364055528038,0
0,0.09018682093414349,0
1,0.9320429559846045,1
0,0.1723492058841757,0
1,0.1763485581609139,0
1,0.6818927841347512,1
1,0.4581769417309683,0
0,0.002120921110447924,0
1,0.8895087355462923,1
0,0.006321602041237879,0
0,1.7264357145341942e-05,0
0,0.010513399009736114,0
0,0.000335785054385905,0
1,0.722937839370406,1
0,0.004060706621984889,0
0,0.6275085268522315,1
1,0.2502234562642316,0
1,0.7397387553105894,1
0,0.003920716548340347,0
0,0.003536345389408745,0
0,0.002756842622593811,0
0,0.01776806255443129,0
1,0.6229244620619224,1
0,0.00931006599070873,0
0,0.06118962842076896,0
1,0.5951842964916856,1
0,0.7040648210795939,1
0,0.00010610835662011647,0
0,0.483305234766644,0
0,0.10976228077139695,0
0,0.09586530094282629,0
0,0.008859211730501625,0
0,0.06813538246798859,0
0,0.0691620717920435,0
0,0.267584743615394,0
0,0.0023496940088164123,0
0,0.016304289161212564,0
0,0.01780964042611666,0
1,0.047132762838483125,0
0,0.0030691050787841285,0
0,0.03681931877090962,0
0,0.007367749572562127,0
0,0.08377468374130648,0
0,0.011362078495317307,0
0,0.00011783992211428088,0
0,0.029409200826520716,0
0,0.010286247961456498,0
1,0.7855956159383025,1
0,0.035429208938688006,0
0,0.000362728700701374,0
0,0.08160490517119831,0
0,0.16161545891499804,0
0,0.24193035467174312,0
0,0.025312471428070474,0
0,0.06180471213309017,0
1,0.7431681221161102,1
0,0.7712215532446752,1
0,0.158379268920841,0
0,0.0030602925017302798,0
0,0.09965902040122665,0
0,0.46000484413896175,0
0,0.002077478193628867,0
0,0.021786555633562254,0
0,0.010439218429839622,0
1,0.8233415705086918,1
0,0.00342425634614359,0
0,0.07733414252966908,0
1,0.8806217588263677,1
1,0.2833703869961992,0
0,0.13911686259313163,0
0,0.0005557942131949554,0
0,0.0039677002515830645,0
0,2.7040627619504292e-05,0
0,0.01079000450032171,0
0,0.0979430262445787,0
0,0.36910389832235857,0
0,0.0005377123749727074,0
0,0.0469198714275386,0
0,0.001967770582259091,0
0,0.017917003355202816,0
0,0.3781496363615182,0
0,0.48058794534862914,0
1,0.5976985648766482,1
1,0.3035005166030563,0
0,0.23042252883279007,0
0,0.04233341940152969,0
1,0.16788689102030185,0
0,0.10988780783346407,0
0,0.029865421930762602,0
1,0.8517196966815855,1
1,0.7753121371420629,1
0,0.12283075149433868,0
1,0.21055158993648776,0
0,0.16667206216861,0
0,0.21155130648369616,0
0,0.20247052141555036,0
1,0.6109764455992888,1
1,0.01804230605049744,0
0,0.5202677528049302,1
1,0.597416792065821,1
0,0.5038443462851905,1
1,0.7785759626053882,1
0,0.21752003104799655,0
1,0.7511480782395622,1
1,0.23451331801110542,0
0,0.005032563029041835,0
0,0.07126576109763647,0
0,0.2312131797095442,0
1,0.8447002292740571,1
0,0.021964278936584366,0
0,1.1907198803035198e-05,0
0,0.0031068832982262978,0
1,0.47984155008224155,0
0,0.4468604611087618,0
1,0.6190744360100205,1
0,0.11416431795092769,0
0,0.06159306824779089,0
0,0.014090685425514494,0
0,0.42822482800810524,0
0,0.2750036900797169,0
0,0.0017179280149858998,0
0,0.023497890641901376,0
0,0.1923960310654153,0
0,0.17384718016511277,0
0,0.2460144794232682,0
1,0.4573031807476073,0
0,0.03333481350781959,0
0,0.0349457639150892,0
1,0.31840065706134446,0
1,0.7929071674404865,1
0,0.0005753218108635034,0
1,0.6807812849789765,1
0,0.5243551444548156,1
1,0.9505094390261856,1
0,0.4334106256398133,0
1,0.6240564856353977,1
1,0.669691703605312,1
1,0.14475047746485994,0
1,0.41851973819048005,0
0,0.6434814880891808,1
0,0.1209559338757726,0
0,0.0013952690377946621,0
0,0.03315945349548697,0
1,0.8160506679777139,1
1,0.47392857793179194,0
0,0.2788758376227848,0
0,0.009684993863006862,0
1,0.7400419967404672,1
0,0.0322501902859503,0
1,0.45414682029483405,0
0,0.20347792603046913,0
0,0.008878337561033177,0
0,0.691430261423883,1
0,0.008517906857253064,0
0,0.01681610597742286,0
1,0.5146755564840456,1
0,0.07803224897995908,0
1,0.8669903117158458,1
0,0.17097262839927285,0
0,0.010832382161437115,0
0,0.8214131754423522,1
0,0.09259687323736458,0
0,0.23189913915216626,0
0,0.04621677541349788,0
0,0.04884939634871211,0
0,0.011121844633105863,0
0,0.016320558649658888,0
0,0.00024328811613391155,0
0,0.06505686399033322,0
0,0.8558345913911415,1
1,0.5964679308163956,1
0,0.00026717648247801397,0
0,0.5896755239320348,1
0,0.0058481667013390035,0
1,0.3022332405988326,0
0,0.004675555794064709,0
0,3.057722439340888e-05,0
0,0.37560311404820645,0
0,0.23804262389510236,0
0,0.035936148672585225,0
1,0.4662450853114387,0
0,0.0011116398846793146,0
0,0.014694659267618515,0
0,0.7491041386902426,1
1,0.15194915140418525,0
0,0.39259514207794854,0
0,0.018539669209754278,0
0,0.12707628424021578,0
0,0.2866987713744477,0
0,0.021946116631567644,0
0,0.019372662169910564,0
0,0.5879391219712704,1
0,0.3981837369687249,0
0,0.04835133117334829,0
0,0.052978578768542284,0
0,0.027082271928046478,0
0,0.004749754025581666,0
1,0.5121388378603992,1
0,0.029611292934205745,0
0,0.7169720227240861,1
0,0.09244423207353243,0
1,0.05766274924112113,0
0,0.3978262260682009,0
0,0.011803445716822491,0
0,0.03124874088515628,0
0,0.09435381958185286,0
1,0.5264101866843489,1
1,0.34004467453341775,0
0,0.5780991110490831,1
1,0.9568141540576836,1
1,0.4141963638379351,0
0,0.03291253950595066,0
0,0.007332664037734865,0
0,0.07847237031324,0
0,0.4433323372103196,0
0,0.015253176716078192,0
0,0.36490650287888154,0
0,0.23658075738442305,0
0,0.8616247769374278,1
0,0.16482314411182042,0
0,0.42230644402457107,0
0,0.3255355720232218,0
0,0.0023650102294845493,0
0,0.005992766832456769,0
0,0.5039143491849708,1
0,0.01131554819447395,0
0,0.08985277393837986,0
0,0.7036477554637488,1
0,0.2564716115228352,0
0,0.11073505422854228,0
0,0.12794274083984786,0
0,0.013027474586061124,0
0,0.013111865940832563,0
0,0.010086123844723014,0
0,0.0001928627220423421,0
1,0.45958445906994955,0
0,0.07477587044223032,0
0,0.006262933964378002,0
0,0.001575186508628671,0
0,0.006333857264606026,0
0,0.02249586641696542,0
0,0.01661117631481248,0
0,0.03185979548604395,0
1,0.7329687572764103,1
0,0.012879626156930515,0
1,0.7977838444585867,1
1,0.22021851663763997,0
0,0.6051347634835189,1
0,0.13562998467387818,0
0,0.0008750451075744978,0
0,0.1253886483231188,0
0,0.0005052828562461669,0
0,0.0753199923584245,0
0,0.27674438260871476,0
0,0.1334932181923834,0
1,0.7773764199615592,1
1,0.36060554564679986,0
1,0.3116792008747428,0
0,0.2898386533757134,0
1,0.23060746658570783,0
0,0.33090413613251407,0
1,0.3942325454619985,0
1,0.4906599233903958,0
0,0.19792600506996857,0
0,0.010993402917248617,0
0,0.023549784682158206,0
0,0.3439645641184496,0
0,0.04945634925796831,0
0,0.001610077039275591,0
0,0.10637639480067003,0
0,1.2845375505065342e-05,0
0,0.0005151641377544162,0
0,0.30359769492244953,0
0,0.3975252362927228,0
1,0.8382036485750313,1
0,0.5416666610229773,1
1,0.697098531567087,1
0,0.0003630801480120532,0
0,0.04594396745507626,0
0,0.2173686004798206,0
0,0.023434875985449275,0
1,0.014496123171587804,0
0,0.0010319925510684665,0
0,0.005100435500958398,0
0,0.0005767787864698036,0
0,0.44149074623437806,0
0,0.0013501474226067678,0
1,0.6246143630795358,1
0,0.007061080436103884,0
0,0.8862012518652514,1
0,0.02192138702746374,0
1,0.8125344975024255,1
0,0.38016447925200186,0
1,0.6041825520831581,1
0,0.17336038885314223,0
0,0.27587874942146157,0
0,0.05331622354543952,0
1,0.2079523521835121,0
1,0.9408375291673696,1
0,0.23821044651618248,0
0,0.004349308727440738,0
0,0.015198677202916545,0
0,0.0022563639215349516,0
0,0.33899798546118554,0
0,0.021903766879099316,0
0,0.05954128279867505,0
0,0.016097758634274116,0
0,0.33484471487255907,0
0,0.0027746468599021508,0
0,0.025334153556744024,0
1,0.4849637490417837,0
1,0.8331448930689538,1
0,0.030803498490057375,0
0,0.01468639899183382,0
0,0.08644472413612306,0
0,0.0015537272687818193,0
0,0.016506214439963248,0
1,0.7426816085426069,1
0,0.06456734615666844,0
0,0.29903794732658173,0
0,0.06000589515827364,0
0,0.060111016431735276,0
1,0.23273972775250676,0
0,0.7170645151241278,1
1,0.9017709970030178,1
0,0.004370458274138836,0
0,0.0077929661705524724,0
0,0.2962215095300682,0
1,0.11890246474307124,0
1,0.6196829465862779,1
0,0.012169269508855635,0
1,0.7277587528926025,1
0,0.008977572122415478,0
0,0.20552518742043302,0
0,0.00021045958356860346,0
0,0.6897545792166383,1
0,0.055370426319075794,0
1,0.6236850417150792,1
0,0.007804343450207894,0
0,0.0019211116455448984,0
1,0.030006663154599333,0
0,0.7750783725216187,1
0,0.03557303046980995,0
0,0.01388583333855571,0
0,0.009632363667120827,0
0,1.3644786616746729e-05,0
0,0.09063693850849629,0
0,0.039737576313622555,0
1,0.7208716073932677,1
1,0.9074942079047816,1
0,0.154228792574984,0
0,0.22981882283296587,0
0,5.254842349845404e-05,0
1,0.23026685211371964,0
1,0.09232887638856192,0
1,0.1723372109573061,0
1,0.43409139628923876,0
0,0.014718078204516916,0
1,0.6798143852718781,1
0,0.18150429265777382,0
0,0.24221566517712498,0
0,0.3032960693192781,0
0,0.052783635208711085,0
1,0.20947331040624195,0
0,0.7000822532074145,1
0,0.007019957448963173,0
1,0.3834449940230081,0
0,9.37548894302314e-05,0
1,0.34213231948127054,0
0,0.02252237149670957,0
1,0.7593954233866611,1
0,0.040764959732602885,0
0,0.008859501404175745,0
0,0.15110349581306556,0
0,0.14639240215989302,0
0,0.03346396021455804,0
1,0.6991348806439327,1
1,0.517391770582591,1
1,0.47993077411177065,0
1,0.6730822978813729,1
0,0.03259294173444254,0
0,0.11766786359056836,0
0,0.005430548732063801,0
0,0.2339919957853859,0
0,0.21496709493837868,0
0,0.6688795160520113,1
0,0.03364703191345957,0
0,0.03926595945194021,0
0,0.023988962044548725,0
0,0.585162595440579,1
0,0.04557228468902831,0
0,0.34696100645232375,0
1,0.8545563881378937,1
0,0.26252905286471895,0
1,0.6715752814738056,1
1,0.4610476546999571,0
0,0.09851376505234438,0
0,0.2762763776695853,0
0,0.38938213407220135,0
1,0.0602172420815712,0
1,0.3606083929979095,0
0,0.4547769683561814,0
0,0.013369184606104315,0
0,0.009461708647430952,0
0,0.20692915489713912,0
0,0.01092741487618477,0
0,0.3617651975984902,0
0,0.016761718491900206,0
0,0.15632278825177304,0
0,0.001650832938359339,0
0,0.045839458339492545,0
0,0.0036254450488831702,0
0,0.3137690851946802,0
0,0.24514160937997745,0
0,0.27865912784874897,0
1,0.7697917038753032,1
1,0.8700675524498758,1
0,0.13404935464093276,0
1,0.9107594928381,1
0,0.02001310966947876,0
0,0.027608103871320844,0
0,0.00019564566518729673,0
1,0.015487165687764388,0
0,0.0021041797316066636,0
0,0.057113005878206516,0
1,0.09090768459631066,0
1,0.7420048646464511,1
0,0.019644700805086127,0
1,0.6723022321041148,1
1,0.39973358019814453,0
1,0.595512649642735,1
0,0.3421635820385453,0
0,0.02205939528772667,0
1,0.6640905877182645,1
0,0.47161266743168545,0
0,6.9533374350102164e-06,0
1,0.8892913399397945,1
0,0.00041722136753873757,0
0,0.0008011059526848844,0
0,0.21572380822429574,0
0,0.002196695728752575,0
0,0.09933452820992357,0
0,0.019224574038273972,0
0,0.054849819543816354,0
1,0.19639850831534936,0
0,0.00016031438991270184,0
1,0.6662186390230139,1
0,0.5571409041911108,1
0,0.012388575681630916,0
0,0.0011943060424236937,0
0,0.006547623832760165,0
0,0.617502358392844,1
1,0.5971754739438991,1
0,0.06471084106908744,0
0,0.12473169873183057,0
0,0.06699563792392425,0
0,0.003988213487197733,0
1,0.3065141227080509,0
1,0.716784444025242,1
1,0.4668561905559371,0
0,0.003411157495676797,0
0,0.033457776675940236,0
0,0.14401776122913384,0
1,0.0873486416054298,0
0,0.09706225512813973,0
0,0.018659628058729096,0
0,0.0031818769163845626,0
0,0.11062607512410777,0
1,0.42380399618496,0
0,0.00011280009552982924,0
0,0.006638731385808013,0
0,0.0785498500831053,0
1,0.7167133302190307,1
0,0.10469532537111245,0
0,0.0018641436145412661,0
1,0.2322671611109518,0
1,0.6231815001453429,1
0,0.005454870214974002,0
0,0.00013450004289305843,0
1,0.7064260830489422,1
0,0.011364755279902107,0
0,0.08611794203083918,0
0,0.7881656880312571,1
0,0.0002418492265998774,0
0,0.6622895344394885,1
0,0.025417327714636458,0
0,0.47266238577941744,0
0,0.08726732897654953,0
0,0.1733892467039307,0
0,0.13687175158184925,0
0,0.003429282932121455,0
0,0.33283595519975884,0
0,0.2870300231464715,0
0,0.26550304774886074,0
1,0.6732048279012146,1
0,0.0002542040045274462,0
1,0.7304004152043629,1
0,0.004188227886173966,0
0,0.3208754548509352,0
0,0.3664492695696524,0
1,0.5355964309422904,1
0,0.05621847557567529,0
0,0.013844823076088418,0
0,0.23804062544272386,0
0,0.06729083675243512,0
0,0.011435172024511085,0
0,0.4214293511384814,0
0,0.16488854443806047,0
0,0.031207404538963895,0
0,0.8869444951559652,1
0,0.008070345107148495,0
1,0.06633277374935086,0
0,0.05461970118932501,0
0,0.011519875483380008,0
0,0.003735254156599208,0
1,0.9023067861922576,1
0,0.19329788338080112,0
0,0.018722805863408926,0
0,0.27497807736523316,0
0,0.0071793357286792404,0
0,0.13918884691020172,0
0,0.004268651065142656,0
1,0.11135812552808846,0
1,0.8186946601173424,1
1,0.9213339002177372,1
0,0.0006611231015922775,0
1,0.8869222058931694,1
0,0.21701012469589576,0
0,0.12248285501912654,0
0,0.012242685570676773,0
0,0.1399146239939686,0
0,0.06954595535162404,0
0,9.335023489972422e-07,0
0,0.020692899806565673,0
0,0.028546772343045534,0
0,0.5513239111503159,1
0,1.0621498503586307e-06,0
1,0.32653953438549227,0
0,0.11725875458608202,0
0,0.10658571050045575,0
0,0.0022374514586889715,0
0,0.30851515697855036,0
1,0.2249316793621989,0
0,0.09565227342692252,0
1,0.12913986072483716,0
1,0.7999124170988964,1
0,0.002384726479402991,0
0,0.13638694500667753,0
1,0.5679526587553039,1
0,0.15738868297947037,0
1,0.22391098397543813,0
0,0.0009172278638718336,0
0,0.29284712661630236,0
0,0.28227187807087967,0
0,0.08877152540055569,0
0,0.1338735514379794,0
1,0.5236777247842088,1
0,0.10587672320158975,0
0,0.04743343771065357,0
1,0.2828325897769472,0
1,0.05945410318590846,0
0,0.014779120273240045,0
0,0.021472394733361166,0
1,0.9369003776841408,1
0,0.02936339215731642,0
0,0.11970947737106108,0
0,5.8395511692290235e-06,0
0,0.05132176624005539,0
0,0.012298878341299885,0
1,0.8959865983039842,1
0,0.06475076776448974,0
0,0.5321508497073945,1
0,0.33994210990873336,0
1,0.4151037547852818,0
0,0.8644874617480441,1
0,0.07409227185584542,0
0,0.02356360141321905,0
1,0.15654077271161176,0
0,0.03707510860566575,0
1,0.8244591554048155,1
1,0.2356122171739366,0
0,0.14015373283532942,0
0,0.02365880390328361,0
1,0.20918005907911358,0
1,0.566148106880146,1
0,2.7113315317600205e-05,0
0,0.18225246968312164,0
1,0.5564767678555291,1
0,0.7462668757966,1
0,0.00496790051464726,0
1,0.7362205296622468,1
1,0.697124620945226,1
1,0.22187938383936245,0
0,0.027591759453557012,0
0,2.521725947644111e-06,0
1,0.7818072459087334,1
0,0.18870362684870118,0
0,0.0066755866729006135,0
1,0.7767460104927065,1
0,0.01189716226190215,0
0,0.3026627278156705,0
0,0.00046068871447562797,0
0,0.03550392837892601,0
0,0.21879108934929767,0
0,0.6947951420334411,1
1,0.8822542150639914,1
0,0.05015269065808444,0
0,4.782069755771489e-07,0
0,0.5645520927443958,1
0,0.20407709193862042,0
0,0.23552654627110386,0
0,0.2524749222692791,0
0,0.20520507630247425,0
0,0.01560051234537018,0
0,0.05872158833341343,0
0,0.07186441706347559,0
1,0.47908181471339273,0
0,0.04432079124380947,0
0,0.7197150490449516,1
1,0.21650483661065517,0
0,0.00786436561118002,0
0,0.6480880486105252,1
0,0.2509292580309255,0
0,0.30603273412021337,0
1,0.8651542274385648,1
0,0.213762067309314,0
1,0.455078899051712,0
0,0.05915015857818285,0
0,0.26008354768420794,0
0,0.008625537341785979,0
1,0.052429806466030945,0
1,0.07156021481258988,0
0,0.190454211099044,0
0,0.07121467382550307,0
0,7.606879719378556e-05,0
1,0.6092562697232289,1
0,0.01309019581242719,0
0,0.33434254514733774,0
0,0.02358890622616868,0
1,0.49568826631224566,0
0,0.12463272545613396,0
1,0.9293709539175978,1
0,0.6831622303498607,1
0,0.016600623637881604,0
0,0.10322135208674815,0
1,0.6590934962267524,1
1,0.38566991008183615,0
1,0.44498182518657864,0
0,0.06326532749258144,0
0,0.06926153236438028,0
0,0.4634056181131153,0
0,0.08539529590292873,0
0,0.05202330175540637,0
0,9.95106126715901e-05,0
1,0.5609086037387517,1
0,0.0606303502111666,0
0,0.4031747217612602,0
0,0.31963635511683813,0
0,0.362777050244662,0
0,0.0023722167952253846,0
0,0.11319319754020589,0
0,0.0483755145158771,0
0,0.05974856284941565,0
0,0.011560975001309865,0
0,0.07421689630800228,0
0,0.0172617554176378,0
0,0.8867885111596214,1
1,0.824282644685754,1
0,0.33774017018836067,0
0,0.10235079608326389,0
0,0.032962797089104004,0
0,0.10645279406341814,0
0,0.3964587071303036,0
0,0.20485105830439165,0
0,0.09306620610753005,0
1,0.7719437449014384,1
0,4.992111336214535e-06,0
0,0.0003297312608290832,0
1,0.30003089192139093,0
0,0.06725551731643435,0
0,0.05441730351831113,0
0,0.021130387901109125,0
0,0.5475291865642864,1
0,0.15129712428932515,0
1,0.46150769134785724,0
1,0.21039029919137645,0
0,0.3790389814029555,0
0,0.03710639062617826,0
0,0.020427845944276577,0
1,0.11774879515641923,0
0,0.05089818770027241,0
0,0.16882783856485642,0
0,0.0068369975538825865,0
0,0.23661705548973938,0
0,0.00038804853001825644,0
0,0.007048968029619767,0
0,0.2596936625615257,0
1,0.808681185316432,1
1,0.11889020077531835,0
0,0.12064521689296435,0
0,0.0012167484626426628,0
0,0.01829575294251134,0
0,0.2020684192064549,0
0,0.06197432130132629,0
0,0.1851827361056958,0
1,0.6285872391871137,1
0,0.008042502187935717,0
0,0.22331162854652606,0
0,0.03771834237843176,0
0,0.37753853348571736,0
0,0.05998556955119728,0
0,0.8483401923046463,1
0,0.029048562695648577,0
0,0.0037476154753975474,0
0,0.008921999479583356,0
0,0.1579235699721793,0
0,0.057855800090031766,0
0,0.2675847315516038,0
1,0.8643008284912134,1
0,0.0005368192868275226,0
1,0.2887600114706992,0
0,0.023123348047540227,0
1,0.3894760800705839,0
1,0.522659278509418,1
0,0.00244512677983495,0
0,0.001645442593715455,0
0,0.810019540939834,1
0,0.2778465723347381,0
1,0.08451298752101497,0
0,0.002216536495353021,0
0,0.5090149267691132,1
0,0.007053356323883135,0
0,0.47583961657043483,0
0,0.0011118777768871892,0
0,0.05306486053016458,0
0,0.3277074464585948,0
0,0.2139264495657424,0
0,0.03329910594099433,0
0,0.10306659564777648,0
0,0.07627019343160261,0
0,0.054320430899902475,0
1,0.22975185893331396,0
0,0.07136578619693447,0
0,0.005096382463023659,0
0,0.23065955638739047,0
0,0.38075592233946054,0
0,0.032827426041340105,0
1,0.8310005936505467,1
1,0.8445233865378793,1
1,0.5432209257163916,1
0,0.21339619114650688,0
1,0.5384954192679225,1
0,0.0034888500388802197,0
0,0.10889603570123707,0
1,0.8047070520140148,1
0,0.015128201830359919,0
0,0.062212130574449034,0
0,0.3267106461812983,0
0,0.0003509514762559076,0
0,0.009476306858079545,0
0,0.010685908084102446,0
0,0.013980187271374301,0
0,0.01426207022959041,0
0,0.0024235122306804084,0
0,0.0570555185101366,0
0,0.1789142899737603,0
0,0.006539353661534981,0
0,0.09382453482914316,0
1,0.2535572112972561,0
0,0.23841109774008357,0
0,0.09665483836168322,0
0,0.02681032676411731,0
0,0.1193575322062107,0
1,0.3764112978328308,0
0,9.200174303020787e-05,0
0,0.021728568608484457,0
0,0.012375291177372358,0
0,0.5118785844502548,1
1,0.7541349099342,1
0,0.1980826613463644,0
0,0.5550032845082574,1
0,0.20260347803328246,0
0,0.4847537403445151,0
0,0.6000405887247039,1
0,0.13449939878470502,0
0,0.002775269546766092,0
0,0.016675272222422478,0
0,0.0059107931550919516,0
0,0.06694687748287309,0
0,0.00020373650153863288,0
0,0.009915696052813982,0
0,0.0008742371299525154,0
1,0.5808269001810936,1
1,0.07325860812391771,0
0,0.5984209346920174,1
0,0.03541126030494707,0
0,0.11891488340565502,0
1,0.45207817682278706,0
0,0.05599940093517378,0
0,0.11478922442161976,0
0,0.16780473192950351,0
0,0.79888707324653,1
0,0.3367686408359762,0
0,0.0005594687574263437,0
0,0.0445157471070509,0
0,0.0030994766019522423,0
0,0.011142206362014967,0
0,0.026570930804260255,0
1,0.8070717650152961,1
0,0.8711199203679388,1
0,0.09521621496519712,0
0,0.0007735212728317909,0
0,0.0020930689004282866,0
0,0.19370836587183526,0
0,0.7982474699432642,1
0,0.030229936458175486,0
0,0.37380692910453345,0
0,0.025344095695275758,0
0,0.11889160370318767,0
0,0.07004749067741019,0
0,0.0027572126667086117,0
0,0.0017199237846717056,0
1,0.6962264529205157,1
0,0.005092682686847044,0
1,0.20140423747748187,0
1,0.10356342741296642,0
0,0.1458112850105211,0
1,0.22424713441817132,0
1,0.9546931438213311,1
0,0.03974489680396188,0
0,0.0009091786855863914,0
1,0.5325450102170063,1
1,0.8175030900601179,1
0,0.0003903410236128702,0
0,0.04389707346600975,0
0,0.07562432056543276,0
0,0.40856023727960744,0
0,0.018503236938830592,0
0,0.1511896887095305,0
0,0.04482040756763506,0
0,0.003919381918556121,0
0,1.598725844034441e-05,0
0,0.049880869344300055,0
0,0.0024902661832584727,0
0,0.006982912595837096,0
0,0.028593012514200638,0
0,0.6125983371229,1
0,0.05653756086507717,0
0,0.1230489108913798,0
1,0.6531897045183551,1
0,0.000841173373595566,0
0,0.0010387768661672269,0
1,0.8033839305023935,1
0,0.040329524341390456,0
0,0.030349498703538612,0
1,0.7333986090479245,1
1,0.345734780234465,0
0,0.0961736130455759,0
0,0.21277068613719513,0
0,0.09809745726471379,0
0,0.04949589478607471,0
0,0.0004606209439517463,0
1,0.5733815881114835,1
0,0.003925828846600959,0
0,0.30072934266148965,0
0,0.299845454146753,0
0,0.06112920922027779,0
1,0.29543322074919853,0
0,0.002078037967142221,0
0,0.2521804475469325,0
0,0.0010212321536128921,0
0,0.06565204927828902,0
0,0.37829495664326235,0
1,0.6179931243085397,1
0,0.5999753561185753,1
1,0.5460217572652976,1
0,0.6557635649932326,1
1,0.8005613751723339,1
0,0.8621190551904281,1
0,0.022655712780419963,0
1,0.5175291634851752,1
1,0.6687084839198238,1
1,0.8980288865066659,1
0,0.1884936193498849,0
0,0.3591664828174322,0
0,0.0064178254660263,0
0,3.674834509957667e-06,0
0,0.018542349279268417,0
0,0.13675992148780794,0
1,0.7252808701130796,1
1,0.7981350409292286,1
1,0.6960092362473278,1
0,0.14410547879471475,0
0,0.0014304841683284856,0
0,0.06415034728121788,0
0,0.315760275644598,0
0,0.01817498030684002,0
0,0.004337517169739536,0
1,0.5205547473248124,1
1,0.8434726379821075,1
0,0.3149859098377637,0
0,0.06703178171130376,0
1,0.1751531619765811,0
0,0.01625835164115511,0
1,0.8304612648134536,1
1,0.20871842308836516,0
0,0.27329046738156254,0
1,0.4577572874234741,0
0,0.003022826681985176,0
0,0.39277381564090497,0
0,0.008113884994126666,0
0,0.014746583060226751,0
0,8.886925197769421e-07,0
0,0.2876434308553143,0
0,0.0029045178123086055,0
0,0.048548706950794364,0
0,0.5774009744285857,1
0,0.0026638636172782782,0
1,0.5779740222050425,1
0,0.01898812926576865,0
1,0.7871268090446452,1
0,0.6254836612718994,1
1,0.40895816973479,0
0,0.26581188884528306,0
0,0.15689413479522346,0
0,0.026081406331217603,0
0,0.0018322322066991537,0
0,0.044717162719080925,0
0,0.015669542052987862,0
0,0.2422180046089271,0
0,0.0017468013983514938,0
0,0.03898529278047195,0
0,0.4302603493304648,0
0,0.130379261994639,0
0,0.49219154562944273,0
0,0.21445891409005147,0
0,0.023196868119636768,0
0,0.00017828236597783532,0
1,0.7116822966460347,1
0,0.06743520638139833,0
1,0.011337005298774716,0
0,0.07922763650525719,0
0,0.5787100239190806,1
0,0.002771567271008362,0
0,0.05493212524942813,0
1,0.5771906728718785,1
0,0.07694532513558107,0
0,0.008931482343161832,0
0,0.06184190454012383,0
1,0.8159457608084756,1
1,0.46118410666810106,0
0,0.17504533712945758,0
1,0.6131470912217282,1
1,0.35925297692340163,0
0,0.0006904800584088237,0
0,0.44789972862145333,0
0,0.046789419034146934,0
0,0.28767577394807103,0
0,0.14161573264581628,0
1,0.5255197281860292,1
0,0.23725431373673933,0
1,0.2272595861895812,0
1,0.8791806943975928,1
0,0.00023816640671361252,0
0,0.07362297302560576,0
0,0.19691657977902238,0
0,0.2598316357188985,0
1,0.30866778663310024,0
1,0.43396052818574754,0
0,2.546312983219538e-06,0
0,0.23573490373928982,0
0,0.00040241043654403244,0
0,0.017298636585569113,0
0,0.1812081731384606,0
0,0.008934814480368463,0
0,0.03427848472140468,0
0,0.2859057051644005,0
0,0.03241937289004238,0
0,0.0018350020629926491,0
0,0.0002221887752251933,0
0,0.03731653268001164,0
0,0.02504735962078245,0
0,0.0002112180895523958,0
0,0.26473760021697446,0
1,0.22846787517255135,0
0,0.20604412854985585,0
0,0.0426054211261045,0
0,6.877723370405549e-05,0
0,0.4755255985748842,0
0,6.641885454042723e-06,0
0,0.05954456214087497,0
0,0.03942726375066436,0
0,0.09161801062171128,0
0,0.029543338777902037,0
0,0.002046829533661136,0
0,0.040038794236907295,0
0,0.020413921804338344,0
0,0.15275024460432937,0
0,0.013520701112967796,0
0,0.46549646088356655,0
0,0.00557963837775915,0
0,0.4284380513579947,0
0,0.56182573845797,1
0,0.02252018259444172,0
0,0.0015692327214232376,0
1,0.7402011190293741,1
0,0.059846108420367354,0
0,3.038530739846598e-05,0
0,0.3027431633333015,0
0,0.06411036932122902,0
0,0.47183512826034335,0
1,0.939517927774189,1
1,0.8085073296008608,1
0,0.21951259986742797,0
0,0.09913623415673062,0
0,0.019758607584007597,0
1,0.383844889329895,0
0,0.3118121998069886,0
0,0.005032363528879755,0
0,0.0809757090774224,0
1,0.3981098968661506,0
0,0.037627690067443965,0
0,0.3555121056068789,0
1,0.6033542748426296,1
0,0.0011968008020194526,0
0,0.0495778872348291,0
0,0.023336512827170548,0
1,0.4046804258011218,0
0,0.5552215743625202,1
1,0.39477721042807085,0
0,2.5139495635405877e-05,0
0,0.07351528944276381,0
0,0.02412450760427891,0
1,0.31000255506455626,0
1,0.6943898743533568,1
0,0.0022308570411529,0
1,0.3788867521602196,0
0,0.04186142549570562,0
1,0.3221596406672705,0
1,0.6233766038208906,1
1,0.7132755028867737,1
0,0.06699878227628327,0
0,0.0017673973806480118,0
0,0.11469729670606826,0
0,0.06696399870623922,0
1,0.8144561541709102,1
0,0.6665262638953978,1
0,0.010264083504979822,0
0,2.329932809407157e-06,0
0,0.13357290988864964,0
0,0.596915043017113,1
0,0.08961955477645928,0
1,0.7792340858881089,1
0,0.001961385372045043,0
0,0.10303062644147562,0
0,0.345519042310506,0
1,0.4443616063403447,0
0,0.03454912127443616,0
0,0.44756880144142064,0
1,0.02238493125030966,0
1,0.24607524393563635,0
0,0.0022410730927846702,0
0,0.023783733560263868,0
0,0.39174601094449185,0
0,0.08662051531604681,0
1,0.7433733537884661,1
0,0.2324009811668481,0
1,0.4803519322431545,0
0,0.7586903250050159,1
0,0.034598415403603484,0
0,0.008857286758849994,0
1,0.31210032609110794,0
1,0.790045130815386,1
0,0.045021274804092466,0
0,0.4186782916358352,0
0,0.0012936975405977932,0
1,0.4727097120865805,0
0,0.03326745616122313,0
1,0.4716512261341499,0
0,0.29305063504165857,0
0,0.018936763183486666,0
1,0.28095652701267587,0
0,0.14931784248605132,0
1,0.604871291061646,1
1,0.955884858594203,1
0,0.13296668995919872,0
0,0.00018690235518623374,0
0,0.2020646850030919,0
1,0.7627780330777352,1
0,0.001383661277441141,0
0,0.10962822355684215,0
1,0.6568211541026627,1
0,0.40117834205940167,0
0,0.011355816803577284,0
0,0.7465613564725772,1
1,0.23307965000383982,0
0,0.5413783300254834,1
0,0.1447076101294639,0
0,0.37123349831974506,0
0,0.3899096340905054,0
0,0.04969969840790963,0
0,0.030932607609098998,0
1,0.8617425947431925,1
0,0.7480913661883345,1
1,0.8083351059401231,1
0,0.03378277937232718,0
0,0.07869335891382864,0
0,0.6893460462477153,1
0,0.12664195849764212,0
0,0.27380765782634,0
0,0.04667978561205637,0
0,0.03867378750642802,0
0,0.0002618826206070257,0
1,0.7646335092807718,1
1,0.3165289170690671,0
0,0.0063868297111260115,0
1,0.121997397213028,0
0,0.0008677044375490641,0
0,0.46616432950681724,0
1,0.8013065923212866,1
0,0.6435006514040535,1
1,0.23449287671748242,0
0,3.229563752318164e-05,0
0,0.02586982563979096,0
0,0.015579790337006159,0
0,0.16264695865371193,0
1,0.8983896855517948,1
0,0.1841359447953174,0
1,0.26644925586005047,0
0,0.050323542660843094,0
0,0.014209334572617296,0
0,3.256842102426787e-05,0
0,0.2210882911325094,0
0,0.6946344543766942,1
0,0.04695849258444271,0
0,0.5493914032596801,1
1,0.22040335143176337,0
0,0.6387716471036768,1
1,0.22674403053052566,0
0,0.2672113745908614,0
1,0.9318931116407527,1
0,0.04115943448122171,0
0,0.1752634036581492,0
0,0.00022412892851628814,0
0,9.745215526604977e-05,0
0,0.10851125005757283,0
0,0.00017703183122546578,0
0,0.0026771562429099127,0
1,0.16186392660421944,0
0,0.0008145040091951015,0
1,0.521716865880802,1
0,0.00014061274045798635,0
0,0.332906883639053,0
0,0.3231444578700455,0
0,0.3809485727708723,0
0,0.28202296130025717,0
0,0.3840962697090126,0
0,0.02538843198601331,0
0,0.18485599401881095,0
0,0.027105702942514093,0
0,0.062220567934553564,0
0,0.05030614355062378,0
0,0.01834110921509433,0
0,0.8480999720402493,1
1,0.8557157195986729,1
0,0.007172141067551833,0
0,0.18440199671749527,0
0,0.007649089590202552,0
1,0.13235883912692717,0
0,0.36523188724934963,0
0,0.005752674472018939,0
0,0.033035082110614976,0
1,0.6382374285969993,1
0,0.016802171780771643,0
0,0.49744547594805405,0
0,0.039395907241852234,0
0,0.46169789748605433,0
1,0.7288623084761388,1
0,0.828494992748948,1
0,0.13758392051382964,0
0,0.03121675207707331,0
0,0.021306910574403183,0
1,0.8179751793652492,1
0,0.007139170711276767,0
1,0.5005985626296277,1
0,0.00015159267304281834,0
0,0.44425590694709716,0
0,0.00040287127232856303,0
0,1.0235008553915576e-05,0
1,0.825112595658527,1
0,0.007500508523884166,0
1,0.8148661884242391,1
0,0.0002834516215149278,0
1,0.6488219095541914,1
0,0.0036977885055681234,0
0,0.003274641447981257,0
0,0.06993622734531235,0
0,0.0011933079205247628,0
0,0.02215676555808376,0
1,0.7709734289144856,1
0,0.040913150250831316,0
0,0.010660254908335911,0
0,0.01990988922098027,0
0,0.49058361994575883,0
0,0.002119525178445436,0
0,0.3224946607091193,0
1,0.0053163827763823895,0
1,0.3082032253196765,0
0,0.0016547151708590422,0
0,0.5892608544335246,1
0,0.003962926632360921,0
0,0.04859474163181047,0
1,0.24913318241823076,0
0,0.17684015060047695,0
0,0.0025478189857209717,0
1,0.5267901921943333,1
0,0.022335202367090717,0
1,0.012499415475698224,0
0,0.008502159715434441,0
0,0.018108833757188504,0
0,0.2904859700607108,0
1,0.7600273292111908,1
0,0.01144798040567431,0
0,0.09252300406724245,0
1,0.21250224033450693,0
0,0.081737264943066,0
0,0.0015908029824200282,0
1,0.595049314695339,1
0,0.06244743663598018,0
0,0.08297011350018606,0
0,0.12858737932286987,0
1,0.4755438159712098,0
0,0.00011849892612131546,0
0,0.05255697658226932,0
1,0.6509119460530022,1
0,0.5175300617643432,1
0,0.0006835920357024195,0
0,0.1301291314691242,0
0,0.13589342525551343,0
0,0.0011714119008044178,0
0,3.4440411010015616e-05,0
1,0.6134317934061041,1
1,0.4399737956540364,0
0,0.26227167208035457,0
0,0.5036625426800023,1
0,0.00039440819548091684,0
1,0.4419194059430905,0
0,0.05155689967634866,0
0,0.00010082707563649399,0
0,0.010362409964604503,0
0,0.13023602188249805,0
0,0.1914819800299258,0
0,6.448413602540002e-05,0
1,0.7110111123195879,1
1,0.3790290829912062,0
0,0.009468263315430754,0
0,0.0785498967117036,0
0,0.11221401339314391,0
0,0.001920272287878168,0
0,0.005965619495339556,0
0,0.050601881833758966,0
0,0.01283066671884063,0
0,0.04208125880089922,0
0,0.6347064479734735,1
0,0.048513292218195087,0
1,0.565715160966893,1
1,0.20298686157469215,0
0,0.007805914367375949,0
0,0.08437574091027716,0
0,0.11290633943093112,0
0,0.20152293422541775,0
1,0.7126644698148691,1
1,0.1593577160177494,0
0,0.02291454146449598,0
0,0.22206158884787958,0
0,0.7200889327549754,1
1,0.6428985587788186,1
0,0.02712130125934129,0
0,0.0037932764069117425,0
0,0.07631847453032987,0
0,0.053593894125783005,0
0,0.031056640241481623,0
0,0.07686928869866473,0
0,0.10027012349308295,0
0,0.026755149483689674,0
0,0.7547870521849361,1
0,0.07762213766552584,0
0,2.2400537186165934e-06,0
0,0.29076732700477104,0
0,0.37510514696542263,0
0,0.003021753485683054,0
0,0.0016764927050096194,0
0,0.00016904495362931107,0
0,0.0009278643044550972,0
0,0.5128765387087132,1
0,0.5166778174369571,1
0,0.011284801382063473,0
0,0.11253298792708362,0
1,0.7422197881185336,1
0,4.281611533088175e-06,0
0,0.12610637966174695,0
0,0.31393463278053635,0
0,0.7867540725177,1
0,0.27869060265864964,0
0,0.00031365990617035705,0
0,0.3226979489527645,0
0,0.25802341857826366,0
0,0.4421784689359866,0
0,0.001494486051708254,0
0,0.6832359971393408,1
0,0.057866299878142215,0
1,0.8678810133195789,1
0,0.14121017360910298,0
0,0.10175542958011032,0
0,0.004135778848038097,0
0,0.0686418571112486,0
1,0.8345903616379814,1
0,0.15095454085494667,0
0,0.023579389346588618,0
1,0.20214223512477533,0
1,0.4548341940416069,0
0,0.021078238828430417,0
0,0.28889074581887547,0
0,0.13492388259056126,0
0,0.002676769032134424,0
0,0.025294956016168834,0
0,0.03849585409190788,0
0,0.29249750253331364,0
1,0.1087873293741137,0
0,0.002959300784733388,0
0,0.035154105839677034,0
0,0.06448628066598898,0
0,0.08639699129413339,0
0,0.11290857742862966,0
0,0.03524390190737628,0
0,0.30048294817197796,0
0,0.09574118904260794,0
0,0.024518462605223675,0
1,0.8183390234949632,1
0,0.0033518196415065105,0
1,0.6001800399167359,1
0,0.6735065158558962,1
0,0.660270504310814,1
0,0.06598719150384862,0
0,0.030636290585408763,0
0,0.011750893588177198,0
0,0.01564760888470821,0
0,0.22863809359183937,0
0,0.0036778015830540352,0
1,0.8763065791721752,1
0,0.6863624679073314,1
0,0.13633115744206215,0
0,0.010672761195200636,0
0,0.08315854121116222,0
1,0.2200636219232044,0
0,0.03700657613416357,0
1,0.8069454201769315,1
0,0.42655927051782005,0
1,0.7100731030273606,1
0,2.7856542310302112e-05,0
0,0.017445862007931676,0
1,0.2034911114261744,0
1,0.11084781514773648,0
1,0.3899497820374558,0
1,0.8521895469583552,1
0,0.006456110805611411,0
0,0.1674753842869604,0
0,0.0007470246926951859,0
0,0.435082692564864,0
1,0.492366135982242,0
0,0.21244087944069415,0
0,0.05808384990740095,0
0,0.004906376938705126,0
0,0.06832901106582687,0
0,0.20686499294704602,0
1,0.8617730246058047,1
0,0.24012557547181246,0
0,0.0011600482025425779,0
0,0.0201155140482141,0
0,0.22813015275353682,0
0,0.22832237833228677,0
0,0.065068547847282,0
0,0.1366922707204979,0
1,0.5485943469384837,1
0,0.027988957666404933,0
1,0.7881274873199007,1
1,0.7031016188349695,1
0,0.04018467687177987,0
0,0.045738358375553824,0
0,0.0029848894142988857,0
0,0.02040836206986603,0
1,0.3114895501740402,0
0,0.05153846080464235,0
0,0.12466171944489382,0
0,0.005721456494433332,0
0,0.29845349127773835,0
0,0.13965172995646458,0
0,0.013161283153619497,0
0,0.004153749202650814,0
0,0.18295868980847643,0
0,0.4599925072165588,0
0,0.007208339339504772,0
1,0.8775034269275979,1
0,0.01941159074248669,0
1,0.6055264210573539,1
0,0.42292976981986596,0
0,0.1919112390863089,0
0,0.3067746696884401,0
0,2.8678498189940682e-05,0
0,0.2341273734666292,0
0,0.2020403790925679,0
0,0.2925233407929718,0
0,0.002388789429229376,0
1,0.6274258398834528,1
0,0.04063337566742014,0
0,0.3021464085305243,0
0,0.6075288221412628,1
1,0.5552828782734884,1
1,0.4586722010349438,0
1,0.5974727096237891,1
0,0.08304655561799358,0
0,0.02934725022242032,0
0,0.05350827907876478,0
0,0.5827471815871861,1
0,0.03672697468215929,0
0,0.04617795551033069,0
1,0.07900463007269594,0
0,2.8190124049667404e-06,0
0,0.14676031131501546,0
1,0.5609038256018171,1
0,0.0041910254277109215,0
0,0.4245403297178502,0
0,0.09666792591926439,0
0,0.0002916295230925239,0
0,0.3174959659230714,0
0,0.6751663432674996,1
0,0.026872892068181005,0
0,0.45877230011392317,0
1,0.7418784366808708,1
1,0.8629804074940686,1
0,0.2437908464849176,0
0,0.030595278711706503,0
0,0.004457854391300527,0
0,0.23871729725054427,0
1,0.2009121382526806,0
0,0.5014664669954042,1
0,0.044396898025131186,0
0,0.4273690654306335,0
0,0.20350484773335534,0
0,0.12046654405162548,0
0,0.0019464577571043104,0
1,0.29355735999109384,0
0,0.0021832174892567105,0
0,0.12329473595290392,0
0,0.004849110320637267,0
0,0.15596890115839662,0
0,0.003510850798771553,0
1,0.7760747584490134,1
0,0.0023069049224649805,0
1,0.6691864229578419,1
0,0.4288092299254283,0
0,0.004575216875206728,0
0,0.1018857379978256,0
1,0.7188930246072104,1
0,0.2907302661697644,0
0,0.1743082278011513,0
0,0.42957857771764457,0
0,0.048970940546375796,0
0,0.4564008803031717,0
0,0.8649530969933984,1
0,4.785572933509689e-05,0
0,2.325002516532236e-06,0
0,0.010363220107749312,0
1,0.8227249310847319,1
0,0.4007198404563862,0
0,0.14300630231418685,0
0,0.0077644693506653175,0
0,0.0630924805883258,0
1,0.1964056390380596,0
0,0.2700301593861348,0
1,0.7469025479977179,1
1,0.8712625637733912,1
1,0.7781890258170281,1
0,0.007965160022339875,0
0,0.030492925973214895,0
1,0.8490724624660749,1
0,0.003324774652447624,0
0,0.5005328349202119,1
0,0.048412093856204534,0
0,0.14333246908987782,0
1,0.5113685257285184,1
1,0.3493392769723744,0
1,0.3226625246020488,0
0,0.08866484768029675,0
0,0.22351826524197071,0
1,0.36870990341819737,0
0,0.26434637968111585,0
1,0.859380736795609,1
0,0.5099581127411948,1
1,0.13684696986081743,0
1,0.5409204735111054,1
0,0.21736592869860735,0
0,0.02782199330254809,0
0,0.03755067310664825,0
1,0.7456315750023954,1
1,0.5101403966507125,1
1,0.7475963929583102,1
0,0.012520268552530541,0
1,0.9207833495548379,1
1,0.36688268037279004,0
0,8.008045887962314e-06,0
0,0.08383829770347531,0
0,0.6840386371640879,1
0,0.04080568265120457,0
0,0.0007135902672324305,0
0,0.38479547531650166,0
0,0.39424139917259415,0
0,0.02815943271223045,0
0,0.05055902290067445,0
1,0.9205227831511544,1
1,0.04698741935823733,0
0,4.82894671915556e-06,0
0,0.0071433294037992695,0
1,0.8128189106283952,1
0,0.5784254024830243,1
0,0.05922000989627297,0
1,0.9048792759401268,1
0,0.026903707493679038,0
0,0.4414435297252021,0
0,0.001532173114073794,0
0,0.5420182592615658,1
0,0.01107414609906853,0
0,0.03282153067838821,0
0,0.16844339400074357,0
1,0.7419935419968959,1
0,0.42242258029618956,0
0,0.004712504798968633,0
0,0.11256597796148314,0
0,0.0016713593336016785,0
1,0.7847036138631781,1
0,0.028090195888623,0
0,0.36021866106311123,0
0,0.00214909957879104,0
0,0.0158582633375525,0
0,0.29206593870895015,0
0,0.0056648332245099785,0
0,0.04937832412597098,0
0,0.018604709667368192,0
0,0.014250862030084393,0
0,0.1310868641075834,0
0,0.011307077261557306,0
1,0.7694107034577896,1
0,0.19319737622637234,0
1,0.35563297238616814,0
0,0.0069176044518994605,0
1,0.4209264709014441,0
0,0.0007422335249699991,0
0,0.023276591073833775,0
1,0.7502182296721278,1
0,0.352417917396355,0
1,0.14667190555503418,0
0,0.0022821547031106402,0
1,0.8323247333351862,1
0,0.1712746045136092,0
0,0.06973047332811588,0
0,2.0339522655474957e-06,0
0,0.0015303583915120148,0
0,0.33808473265303146,0
0,0.6558384809800609,1
0,0.11256182738742315,0
0,0.02253383412771635,0
0,0.035565480791801,0
0,0.023186297018207007,0
0,0.07130945966920342,0
0,0.023982736067761523,0
0,0.008334718012880958,0
1,0.6448440151663554,1
0,0.006514245683152414,0
0,0.0016095853002064853,0
1,0.40377707076802105,0
1,0.8107441155588836,1
0,0.0007180778590837632,0
0,0.4102475494603522,0
1,0.6665786165592804,1
1,0.8516969823293815,1
0,0.46208981534023696,0
0,0.3888625304248589,0
0,0.3229365473018006,0
1,0.7583387325991867,1
1,0.7723590988716866,1
0,0.3008660296059944,0
0,0.006401303134433027,0
0,0.010468288658907917,0
0,0.026278262895305868,0
0,0.14631546297376985,0
0,0.43852468867250205,0
0,0.0600240236464968,0
0,0.0816682111106176,0
1,0.4148223888189452,0
0,0.26332621453200883,0
1,0.9561793060434642,1
0,0.08800971028535017,0
0,0.8257602780365949,1
0,0.041413689832277036,0
0,0.11998633197416439,0
0,0.004660627675576313,0
0,0.7760461756594303,1
0,0.5444805298465759,1
0,0.21839162623657676,0
0,0.005942852688166359,0
0,0.10407795832398416,0
0,0.15067086140800995,0
0,0.0065077239199455746,0
0,0.42888270984929533,0
1,0.2954919694070614,0
0,0.45328488280848145,0
0,0.007861563125093401,0
0,0.022578192271812014,0
0,0.00270324907490489,0
1,0.9329107530685876,1
0,0.006729559477211586,0
0,0.006745526811906446,0
0,0.1886042013323669,0
0,0.046695176341784696,0
1,0.5847489412690946,1
0,0.00368997034570805,0
0,0.4003821616571255,0
0,0.08069475685646402,0
0,7.795021694301775e-06,0
1,0.38851804677312973,0
0,0.017220765621207952,0
0,0.5615491069367108,1
0,0.002957815290545745,0
1,0.4723046379929713,0
0,0.002730497175709511,0
0,0.07295730284574757,0
0,0.054913764733427635,0
0,0.49690657088764656,0
1,0.8457038627066291,1
0,0.13301221074907355,0
0,0.02010101327233367,0
0,0.020184495438810263,0
0,0.016672132278909388,0
1,0.8526841670464034,1
0,0.07186413073583589,0
0,0.374317995986027,0
0,0.30102710698304963,0
0,0.17709639291845392,0
1,0.6074825755333989,1
0,0.027291940181447042,0
0,0.6041631313999707,1
0,0.134726047295558,0
1,0.7575050846376729,1
1,0.08251039745338376,0
1,0.09857132781586117,0
0,0.019270965286406056,0
0,0.00981010286045067,0
0,0.015556823972869154,0
0,0.004393985996890485,0
0,0.06183078301293529,0
0,1.11765949175257e-06,0
0,0.020033188029766218,0
0,0.04527428842303032,0
1,0.8690611712929522,1
0,0.08321241026189531,0
0,0.5921164087803811,1
0,0.00022752097308975536,0
0,0.0006491309433231013,0
1,0.13214727658977468,0
0,0.02904849528418813,0
0,0.04898096100763134,0
0,0.3885430688106387,0
1,0.8602345756089863,1
0,0.002490427588109533,0
1,0.45770163147369863,0
0,0.009133119312758713,0
1,0.5166012389177729,1
0,0.09054438254034378,0
1,0.014338731471192733,0
0,0.5724248542441421,1
0,0.034844765506199055,0
0,0.036355778342037126,0
1,0.558669787277751,1
0,0.14707428727419758,0
1,0.19482328679176159,0
0,0.029479994123699883,0
0,0.00022905848945248326,0
0,0.04478131276782042,0
1,0.4177332030264398,0
1,0.10740414598463992,0
0,5.808358254584954e-05,0
0,0.013835631715371836,0
0,0.0021923060537985917,0
0,0.021013684282458266,0
0,0.34230958688093416,0
0,0.26520682291789954,0
0,0.03301454615750826,0
0,0.02432824214600088,0
0,0.006586152957009478,0
1,0.5618512973509823,1
0,0.019832397699710992,0
0,0.14231673019174299,0
0,0.004087850831613022,0
0,0.04670463944579189,0
0,0.0022893354929191118,0
0,0.7731416364932863,1
0,0.004593248964483938,0
0,0.16926232602908284,0
0,0.019443475254775237,0
0,0.04395712508789423,0
0,0.3435266890050603,0
0,0.032858888135173916,0
1,0.4092112755811008,0
0,0.1724231566978997,0
1,0.793503170010619,1
0,0.38287259013575375,0
0,0.3308225416286571,0
1,0.3008827049047299,0
0,0.461154037566243,0
0,0.12276692203098195,0
0,0.010868899452347413,0
1,0.3536759540125242,0
0,9.244929330357566e-05,0
0,0.055094869632518695,0
0,0.2667598011046302,0
1,0.881616041248365,1
1,0.7563636174082933,1
0,0.023834812500350057,0
1,0.7437957899918143,1
1,0.41983039988424986,0
0,0.23899009825653944,0
0,0.3802058460727009,0
0,0.0004835539494169447,0
0,0.24009847801599019,0
1,0.5822333928549213,1
0,0.0001941561522346098,0
0,0.02357111508700056,0
0,0.004790519240421581,0
0,0.472267289237628,0
1,0.18751872913363865,0
0,0.0029272024557796595,0
0,0.00166908318572705,0
1,0.28017147549532234,0
0,3.2346958298135376e-05,0
0,0.03207208596901235,0
0,0.36489469661237967,0
0,0.01203426289887262,0
0,0.01152313014664642,0
0,0.038508344578184535,0
0,0.5083957620248507,1
0,0.010745944240029197,0
0,3.9270257726202786e-06,0
0,0.0249895035969229,0
0,0.015396948825815208,0
1,0.49018996098273837,0
0,0.13851369748618145,0
0,0.6402313677614281,1
0,0.9209108448394852,1
0,0.5489340099141704,1
1,0.5598900398547794,1
0,0.11197948537021177,0
0,0.3807164655328042,0
0,0.021655481376057245,0
0,0.06531874635591925,0
0,0.020585204902300213,0
0,0.3125259684551717,0
1,0.7961142576799694,1
1,0.8532678849656666,1
0,0.008667083700490536,0
0,3.9615621862183464e-05,0
0,0.3906126881758955,0
0,0.0011000214964973236,0
1,0.3780262763515459,0
0,0.6022987249721287,1
1,0.8356364563216381,1
1,0.15670619285981283,0
0,0.01195162595299389,0
0,0.5559646109858563,1
0,0.021891211302335734,0
0,0.1446018142205286,0
0,0.009148339235611504,0
1,0.8511727287393099,1
1,0.8121334411200838,1
0,0.056898778002676106,0
1,0.5849955111356431,1
0,0.0032611517618580128,0
0,0.020588310823311817,0
0,0.022993620676071174,0
0,0.20786990395783558,0
0,0.2342109181234697,0
0,4.6914141446011225e-06,0
0,0.10353661208650408,0
0,0.008325417456419482,0
0,0.22596216104368758,0
0,0.0008214346511321995,0
0,0.42991323883575916,0
0,0.00848439692388002,0
0,0.015693195725928394,0
0,0.031192137045437864,0
0,0.41569460771288397,0
0,0.6019983808656777,1
0,0.003413456909624795,0
0,0.000725900822529674,0
0,0.024746801633624686,0
0,0.5598003782093193,1
1,0.8673401740963611,1
1,0.2548859951710359,0
1,0.25543518279480787,0
0,0.7880939961060522,1
0,0.04218651339734199,0
1,0.32370408129172373,0
0,0.1477048643554061,0
0,0.21732354598989717,0
1,0.907000097614295,1
0,0.2937703264884411,0
0,0.0006527846128226414,0
0,0.020299533992370934,0
1,0.5827724557276864,1
0,0.0019888717151883696,0
0,0.7701501257569136,1
0,0.06126826925769204,0
0,0.048473755963293126,0
0,0.04482020728330207,0
0,0.14372665309970828,0
0,0.01687638986194404,0
0,0.0013525096573295738,0
0,0.013366617041456093,0
0,0.09168991325156683,0
1,0.625588368100476,1
1,0.531205896511509,1
1,0.5436659401035887,1
1,0.3284448120923382,0
0,0.6566669457881108,1
0,0.015841071479657496,0
0,0.07453506355677796,0
0,0.02546491992302629,0
0,0.0624620628161516,0
0,0.0011353800897201257,0
0,2.248250104469487e-06,0
0,0.0138522242324822,0
0,0.001802844205699855,0
0,0.28377220851161505,0
0,0.650809890138829,1
0,0.0013022022656513882,0
1,0.8198520281850009,1
0,0.22362976956205466,0
0,0.03830931876284152,0
0,0.13237368190003834,0
1,0.16260893259486772,0
0,0.022710762931239123,0
0,0.013284708392722512,0
0,0.03529441297118069,0
1,0.13722288182061065,0
0,0.22591018650059497,0
0,0.5556287776176576,1
0,0.004780680772953782,0
0,0.010500167773004705,0
0,0.08442629256930045,0
0,0.681496302344107,1
0,0.5030340149198804,1
0,0.04619092354371419,0
0,0.010858595636234822,0
1,0.8135373671145149,1
0,0.5504278834530663,1
0,0.3029569234639106,0
0,0.12230803397926318,0
0,0.011400394655978445,0
0,0.007391872905144794,0
1,0.4491429776863064,0
0,0.05593121068735822,0
0,0.8047319344265498,1
0,0.13701413673763685,0
0,0.1493461024126803,0
1,0.26029419144711163,0
0,0.0010910594951479627,0
0,0.013929977573056637,0
0,0.03205007394170927,0
0,0.09547392618437586,0
0,0.4262214082412541,0
1,0.028094251336579213,0
1,0.5213997458988539,1
0,0.008643812755216751,0
0,0.18564959783405377,0
0,0.06857864962441566,0
0,0.04330935395514372,0
0,0.08959750592163877,0
0,0.0635778400901507,0
0,0.2070012788462574,0
0,0.022557234837907846,0
1,0.8015935915276553,1
0,0.00877797885692889,0
1,0.5532218285066065,1
1,0.7599344291500585,1
0,0.020191568153618715,0
0,0.005104177516244967,0
1,0.6464118479906986,1
0,0.7074815716965692,1
0,0.00019462537573518843,0
0,0.002672770640723007,0
0,0.18164362402555423,0
0,0.27893599180338824,0
0,0.004147540983478654,0
0,0.02550051402415435,0
0,0.33649294103542227,0
0,0.05377624750530149,0
0,2.996997997566154e-06,0
1,0.5497919722837071,1
0,0.07496337063317549,0
0,0.2017051888103257,0
0,6.301936050526295e-06,0
0,0.23870717332493915,0
0,0.055461787478007264,0
0,0.18378649050903667,0
0,4.0821355546637434e-05,0
0,0.45916420465271535,0
0,0.08996659762611656,0
0,0.0005976802826578578,0
0,0.017480633162259875,0
0,0.0007322027980696596,0
1,0.4767547201577994,0
1,0.8483540969458758,1
0,0.01243561313966856,0
0,0.46970297772560016,0
0,0.010274030315162285,0
0,0.08016332180215278,0
1,0.4853527826222315,0
0,0.005589358171568247,0
1,0.8955503077364931,1
0,0.0026025954320152366,0
0,0.22730174626553515,0
1,0.13453403855371104,0
1,0.7164204599258521,1
0,0.0019182383368299373,0
0,0.035424852917525354,0
0,0.1745074881011538,0
0,0.012451434287148257,0
0,0.23944531355817458,0
0,0.02454752814693848,0
0,0.04849256366121834,0
0,0.016828392709159548,0
0,0.14780971264005094,0
0,0.03813346589831471,0
0,0.24785341869807587,0
0,0.5717705353269597,1
0,8.281785032393991e-05,0
0,0.6533986138872097,1
0,0.6503423178413978,1
0,0.04861754480902669,0
0,0.13206165294377167,0
0,0.008926101571002466,0
1,0.4514912093641116,0
0,0.06994334774806348,0
0,0.003448886253299859,0
0,2.3234516158193716e-05,0
1,0.7721290264590748,1
1,0.5638436505549855,1
0,0.24283105366640179,0
1,0.9034298781147698,1
0,0.1900976217391726,0
0,0.22695168473356636,0
0,1.0832405182875542e-06,0
0,0.03705706755425279,0
1,0.5102027577619189,1
1,0.19631549699128126,0
1,0.7902259571736824,1
1,0.6232023394031969,1
0,0.31611157148307506,0
0,0.014937434549897675,0
0,0.13286049312078826,0
0,0.6939514923676825,1
1,0.25878113903326644,0
0,0.7329798261415723,1
1,0.13895530240769846,0
0,0.16943642008645107,0
0,0.0019779408219899163,0
0,0.09541227963153055,0
0,0.22359250480393864,0
0,0.17176262546011137,0
1,0.5891237415380938,1
0,0.002273462869085165,0
1,0.7452167647187716,1
0,0.006608236036959557,0
0,0.40176747710650534,0
1,0.9027995895455224,1
0,0.008759110168754008,0
0,0.2516878094029752,0
0,0.04054658351717639,0
0,0.019715802941406638,0
0,0.0026707576594498907,0
0,0.011642615520202374,0
1,0.4310837156528874,0
1,0.39046432768183953,0
0,0.016205261851408102,0
0,0.00643540360562606,0
0,0.026766362839412267,0
0,0.22733040784067046,0
0,0.008895644322329652,0
1,0.8377075044482579,1
0,0.05494740172033424,0
1,0.1459355521754559,0
0,0.0010396744281689612,0
0,0.01045893094305776,0
0,0.1261732152103548,0
1,0.3391510151573172,0
0,0.04153002577259886,0
0,0.13849767099284652,0
0,0.41436432307382115,0
1,0.231613756091545,0
1,0.42881197966371176,0
0,0.504431550373932,1
0,0.07805781759468444,0
0,0.12333074544492206,0
0,0.5456585412650532,1
0,0.07750720579468293,0
1,0.007900024825433559,0
0,0.06578914983188706,0
0,0.312179499168103,0
1,0.6466302066824161,1
0,0.14596115513694144,0
0,0.00028055631204212695,0
1,0.847430596000171,1
0,0.0009435647632039527,0
0,0.006794620408389383,0
1,0.8863205026682265,1
1,0.5389096787642934,1
0,0.09817776547490217,0
1,0.25123906823704945,0
0,0.007389817992497084,0
0,0.13955047116470476,0
0,0.0995877468906904,0
0,0.024087493208809534,0
1,0.3386498679901538,0
0,0.08041430706300319,0
0,0.037883890642520866,0
1,0.8736190169635295,1
0,0.007514560309347212,0
1,0.36751131828291617,0
0,0.0704365010724846,0
0,0.01473222605262,0
0,0.004356013305402147,0
0,0.16155248936785493,0
0,0.05050499610446419,0
1,0.6682375003790645,1
0,0.45224722152520314,0
0,0.004755904901731223,0
0,0.2873061940669772,0
0,0.02257433820035318,0
0,0.5322411453285221,1
0,0.0023198843015540273,0
0,0.14405495314842437,0
1,0.3945480146269965,0
0,0.43904979668417676,0
0,0.32145482320775004,0
0,0.1654395410275714,0
0,0.2068424025230766,0
0,0.30545380109748393,0
1,0.7200995809396618,1
0,0.2183451729052259,0
0,0.0007549942828705189,0
0,0.3711177046034375,0
0,0.3006806760395349,0
0,0.6455531754270133,1
0,0.05188295305086954,0
1,0.6934156285397898,1
0,0.009760498715685823,0
0,0.742089684406389,1
1,0.6873019769014332,1
0,0.31094022839881197,0
0,0.04479460546216594,0
0,0.06513085610909326,0
1,0.9529430773337698,1
0,0.0017986757940215436,0
1,0.9121060209443161,1
1,0.32508216157578346,0
0,0.04916052195415924,0
0,0.6087550496999306,1
1,0.6167143089801304,1
0,0.13270571640114512,0
1,0.906597368375623,1
0,0.5433295508222378,1
0,0.0002581061430941527,0
0,0.006901811807700233,0
0,0.1765090818131429,0
0,0.0188327131277862,0
1,0.2630875912902383,0
0,0.17843487696985322,0
0,0.028066461426280526,0
1,0.3894295231327047,0
0,0.020286675306449856,0
0,0.07679352498422114,0
0,0.029968933603958078,0
0,5.691340665989477e-05,0
0,0.44398149674420756,0
0,0.03026366142189827,0
1,0.7940859009063972,1
0,0.35954752255000083,0
0,0.4700548179485554,0
0,0.6295329526304021,1
1,0.12344448877951898,0
0,0.1563115514940576,0
0,0.031557018440383486,0
0,0.035382004885964734,0
0,0.14619973606472333,0
0,0.03523163292139858,0
0,0.015029564042610254,0
0,0.23734365522455808,0
0,0.0011255872500275646,0
0,0.3185552612899612,0
1,0.18680291038989133,0
0,0.3259725237854927,0
1,0.3576526146526233,0
0,0.009631112914440075,0
0,0.054724581606178185,0
0,0.4003927620646333,0
0,0.0054074879955479,0
0,0.07638531133515501,0
1,0.6491794499376234,1
0,0.048917844767699975,0
0,0.004402326423117692,0
1,0.42857682113511886,0
0,0.006826835123929641,0
1,0.9300765631317272,1
0,0.0005322021749919347,0
0,0.5395270213163402,1
0,0.004359539635784999,0
0,9.231139247877951e-07,0
0,0.0015840814729361906,0
0,0.7947904722833238,1
0,0.011982463172820961,0
0,0.0025016112193557267,0
0,0.4596326917519184,0
1,0.606502975494624,1
0,0.18617737645035026,0
1,0.7486202981800728,1
1,0.9434023376446011,1
0,0.011586883743906777,0
0,0.01782027917134294,0
0,0.019550289688339415,0
0,0.2863745620957212,0
0,0.03984661051135799,0
0,0.06973507205938437,0
0,0.05341817015064806,0
0,0.042113799968978544,0
0,0.006929176647243655,0
1,0.8245473536168986,1
0,0.0008750883187225774,0
1,0.08600560274379568,0
0,0.17949362093938448,0
0,0.060034821871744734,0
0,0.08877571221926374,0
0,0.0014040781850073192,0
0,7.102346980080012e-06,0
0,0.10463152713327108,0
0,0.13979444837096897,0
0,0.006156386242202414,0
0,0.3044541558620631,0
0,0.02375596659304859,0
0,0.16132324140323556,0
0,0.48093124226662654,0
0,0.07229489818506624,0
0,0.36605356500348774,0
0,0.059298839941160246,0
0,0.08355999041478086,0
0,0.1714861979445347,0
0,0.03101919843715913,0
1,0.20959944443771797,0
1,0.541957934510826,1
0,0.24855762539930262,0
1,0.5294642339627952,1
0,0.05493676317884584,0
0,0.4671812534690647,0
1,0.8423726229188705,1
1,0.500363553566364,1
0,3.6562443715111733e-06,0
1,0.6737191419546766,1
0,0.06167966742316951,0
0,0.019266672237104668,0
0,0.15624644108977492,0
0,0.00015433189202919694,0
0,0.3377542163482962,0
0,0.0015290890165574258,0
0,0.24403900033236206,0
1,0.3491868569203,0
0,0.009453052189571154,0
0,0.004226398772793265,0
0,0.3389907504846575,0
0,0.08623137760185214,0
0,0.00994150363912809,0
1,0.3004889161990119,0
1,0.6358341615936237,1
0,0.04948729502457408,0
0,0.7189679009217559,1
1,0.3305530443906491,0
0,0.007356901804728431,0
0,0.2194129990605283,0
0,0.15023224817678796,0
0,0.118410049749774,0
1,0.5438082332255524,1
1,0.3714309112474417,0
0,0.1952194120974847,0
0,0.7444660751362977,1
0,0.001786443488482606,0
1,0.9071958865113333,1
0,0.0024588679944325493,0
0,0.5805450466856137,1
0,0.0009168167493764747,0
0,0.051770090540187184,0
0,0.3495731220806545,0
0,0.33286730754424604,0
1,0.43091913404742027,0
0,0.07092617675594302,0
1,0.757550278906758,1
0,0.029586281605128883,0
1,0.04386955613081557,0
0,0.039908031872177355,0
0,0.07715274880424132,0
0,0.4492226012307217,0
0,0.17359466478091096,0
0,0.0013753616326519298,0
1,0.1785187279648209,0
0,0.24418768384452902,0
1,0.3831284061720679,0
0,0.0025717530880757446,0
1,0.6824891575349666,1
0,0.008865560538859603,0
0,0.1658474198828088,0
0,0.004958101176562488,0
0,0.026395766102024227,0
0,0.12684107935952219,0
1,0.06111642949680919,0
1,0.777144659341143,1
1,0.26419873428471363,0
0,0.1749327703920846,0
0,0.05469894618314078,0
0,0.010260578762720202,0
0,0.3638373830303226,0
0,0.4711097979683262,0
1,0.2049513982635955,0
1,0.7363764034809971,1
0,0.6036345857367892,1
0,0.01541854157267601,0
0,1.6839153739684848e-05,0
1,0.6639445105513068,1
0,0.0001589804908723267,0
0,0.10594695239742877,0
0,0.3768335621097724,0
0,0.006885261309094546,0
1,0.3391899299429964,0
1,0.46232507155218366,0
1,0.8246529468602282,1
1,0.18521497258872285,0
0,4.240205345442864e-05,0
0,0.000589109507969284,0
0,0.027355662078169297,0
0,0.00032469407426692116,0
0,0.6568746502890754,1
0,0.02230542079747728,0
0,0.44022995569632384,0
0,0.09680099938752418,0
0,0.0027332733866199783,0
0,0.39508240488690405,0
1,0.2612935443615506,0
0,0.4932315801928913,0
0,0.13396617947904627,0
0,0.007372130354501903,0
0,0.017631685395814996,0
0,0.09229424513176251,0
0,0.09099429267812992,0
0,0.00439788487417544,0
0,0.1394582786681948,0
0,0.06317443233462369,0
0,0.00687238506461924,0
1,0.3524927809884631,0
0,0.0038869899532611666,0
0,0.006959469324050591,0
0,0.10212178259315194,0
0,0.007722611777927536,0
0,0.22135850161315077,0
0,0.014957980779040217,0
1,0.20897609315481436,0
1,0.35596273934287415,0
0,0.11288860964639853,0
1,0.8143782155587417,1
0,0.18824141991439194,0
0,0.6669583819618973,1
0,0.558212421602765,1
0,9.823477805501004e-05,0
0,0.01750892422384204,0
1,0.4751532368378019,0
0,0.02261670256202382,0
1,0.05198016756915516,0
0,0.1282917559097176,0
0,0.363757723344768,0
0,0.44141111015090917,0
0,0.44091035572683557,0
0,0.0015595300435428197,0
0,0.39226864696168945,0
1,0.3365838503611695,0
0,0.40086517357348833,0
0,0.0007866506127511435,0
1,0.3679856264895028,0
0,0.002615412739340449,0
0,0.05855707445144158,0
0,0.0010273285732603024,0
1,0.3720157290358953,0
1,0.05709361715461807,0
0,0.0431723769460306,0
0,0.25509632067991006,0
0,0.00033593750801885617,0
0,0.15939989974311214,0
0,8.26166633902373e-06,0
1,0.6255175782936778,1
0,0.11836146290632044,0
0,8.03449162907658e-05,0
0,0.39797433669961685,0
0,0.10810022266359914,0
0,0.00424090002458685,0
1,0.5118755498984825,1
1,0.6993917625858421,1
0,0.004622085740302883,0
1,0.7974119200517427,1
1,0.9414193577401362,1
1,0.8379056379314891,1
0,0.12605506750165416,0
0,0.019319373586243548,0
0,0.007157947320213082,0
1,0.1291402597573712,0
0,0.00020251156639141047,0
1,0.4654419431441943,0
1,0.3933215926741778,0
0,0.0009622899895022042,0
0,0.21930047444369782,0
0,0.3493513266031035,0
0,0.01658223512678327,0
0,0.0038416202192199296,0
0,0.5183937355458674,1
0,0.01056898762201967,0
0,0.4306722360985169,0
0,0.06448835290941735,0
1,0.8437839291986303,1
0,0.0003647965209564613,0
1,0.5867788114264892,1
0,0.007797855661641154,0
0,0.0011420307153448745,0
1,0.5323703083043712,1
1,0.6389817380428051,1
0,0.0035279255102425443,0
1,0.18212750505515368,0
0,0.03702785767106923,0
0,0.07100373808488725,0
0,0.0003187526231405752,0
0,0.006247226288824533,0
0,0.03231201860570555,0
0,0.2178996899958879,0
0,0.2906034108333874,0
0,0.263016559114353,0
0,0.3098844953293286,0
0,0.4395318665549196,0
0,0.6865844472279282,1
0,0.0024414502302011307,0
1,0.05482632296858872,0
0,0.09383107938400595,0
0,0.4941396338273645,0
0,0.028196160351310926,0
0,0.028551532042915276,0
1,0.7175720877002555,1
0,0.25696602342685154,0
0,0.014887150157362892,0
1,0.11553546024197528,0
0,0.47838500297526015,0
1,0.9202611544243859,1
1,0.20387759854645265,0
0,0.2597507350025015,0
0,0.1292322553494802,0
1,0.7687371813040363,1
0,0.024019965572928115,0
1,0.20867268189742536,0
0,0.35620985215249473,0
1,0.36782686989508623,0
1,0.5874077160536015,1
0,0.5659207386943266,1
0,0.507045767899748,1
0,0.0567889902708304,0
1,0.1172263378322473,0
0,0.2265631557949622,0
1,0.8137677966108051,1
0,0.02468150100196243,0
1,0.4637166077859396,0
1,0.7358136547123895,1
1,0.7652046928195804,1
0,0.006200017153061729,0
0,0.004660306584109976,0
1,0.5420176776737228,1
0,0.007698678045298096,0
0,0.0110713925211587,0
0,0.002859664747558255,0
0,0.0006453148919788054,0
0,0.07281978392454645,0
1,0.6111900406110117,1
0,0.002844807377240279,0
0,0.5990235383786875,1
0,0.0005053346653575313,0
0,0.035938068885367894,0
1,0.4587357575979861,0
1,0.4771529056353392,0
0,0.0378119220618259,0
0,0.026645143548017322,0
0,0.014575589967677887,0
0,0.14271419792213594,0
0,0.0011860249577664162,0
0,0.1149551906537076,0
1,0.3850262774898151,0
0,0.10328733356532833,0
1,0.5728871220701028,1
0,0.004062057683133615,0
1,0.5663493558637265,1
0,0.0012359733425685337,0
0,0.048783558526261234,0
0,0.8405201442309244,1
0,0.11337565673691763,0
0,0.1166335505452737,0
0,0.17462500154777183,0
0,0.15951817620983302,0
0,0.054129734636843556,0
0,0.005517759297687602,0
0,0.0007819060521445556,0
0,0.005639676284964008,0
0,0.0034210140288727913,0
0,0.047241180222032615,0
0,0.09745717803050022,0
1,0.17879481401741337,0
0,2.681036309593595e-06,0
0,0.08823618520626084,0
0,0.003826550413324785,0
0,0.25271714607706125,0
0,0.01644507461175112,0
0,0.43134835208171945,0
0,0.13651219402353681,0
0,0.3488551755254991,0
0,0.16984713856163675,0
0,0.4974538326992814,0
0,0.11870588651001905,0
0,0.0014757745152701209,0
0,0.04961353595768564,0
0,0.11267184000905214,0
1,0.9154019447817254,1
0,0.4402679724201305,0
1,0.41664712131363013,0
0,0.0005115028468290831,0
0,0.010419994952938116,0
0,0.08942566197561458,0
1,0.8503344900896175,1
0,0.17423715619460892,0
0,0.04299371739743339,0
0,0.002187552762997648,0
0,0.5844366379079247,1
0,0.02985658350616988,0
1,0.4152999399240986,0
0,0.00023875424660882178,0
0,0.25327414564507056,0
0,0.02435124853667289,0
0,0.1697098987657088,0
0,0.00010365668599703568,0
0,0.011697717196587031,0
0,0.03385395174655979,0
1,0.5669729530568743,1
0,0.24882200502798865,0
0,0.004042159828533266,0
0,0.008066531563123822,0
0,0.019469640291864314,0
1,0.2280747664229184,0
0,0.20320499533090533,0
0,0.02314010882769021,0
0,0.17835692215352705,0
0,0.09706274098774996,0
1,0.4575705890766446,0
1,0.7070432243399962,1
0,0.027906918542612666,0
0,0.22639620431775326,0
0,0.018012665245909894,0
0,0.497781958009326,0
0,0.02239350630479659,0
1,0.9290118337388754,1
0,0.6243952813068246,1
1,0.29127646763016285,0
0,0.01049160012193908,0
0,0.6817996704178858,1
1,0.17559364360981766,0
0,0.43826692285228236,0
0,0.0024301977809744195,0
0,0.0017879520036646378,0
0,0.005650086986529534,0
1,0.15012781626324861,0
0,0.016365543813500017,0
0,0.05579875572539939,0
1,0.755611510428751,1
0,0.6495104406950675,1
1,0.8164826688514355,1
0,0.059968725145675535,0
1,0.4928177563363538,0
0,0.6800555164213841,1
0,0.2054149447745292,0
0,0.1750876592274649,0
1,0.6694371771687453,1
0,0.0012087032414797205,0
0,0.04777687943218204,0
0,0.026757783397633936,0
1,0.8845927274266169,1
0,0.09214222851124107,0
0,0.0719880651364971,0
1,0.6506429601420431,1
0,0.4054685176700266,0
0,0.16015264142268917,0
0,0.1206761254781961,0
0,0.00015455746364057604,0
0,0.5316631918843714,1
0,0.02764137994156477,0
1,0.37375104670683357,0
1,0.7233222944858503,1
1,0.6341039432716312,1
0,0.030052571299722438,0
0,0.032401487020895715,0
1,0.4082875572889848,0
0,0.5126544260465273,1
0,0.0016488550483986927,0
0,0.07223200607395062,0
0,0.3993362192793288,0
0,0.0552168939560549,0
1,0.5913011083132989,1
0,0.09399375197470979,0
0,1.0034886617773332e-06,0
0,0.09920870916423834,0
0,0.06751834789554463,0
0,0.06449188336978959,0
0,0.03904478951296864,0
0,0.001144196464610059,0
0,0.033511348889500546,0
0,0.00013812038799750485,0
0,0.037017653767634905,0
0,0.08264481141728777,0
0,0.0017726855332088622,0
1,0.8409847979703476,1
0,0.025414263508743228,0
0,0.6197872638870253,1
0,0.2276153690190156,0
0,0.07191400217509153,0
0,0.2722196519563862,0
1,0.908009697748118,1
0,0.03485164354446208,0
0,0.22351628902084356,0
1,0.4730544232617141,0
0,0.43596660807376314,0
1,0.3995619771601478,0
0,2.9861030434384228e-05,0
1,0.18682952022865923,0
1,0.8979779072922304,1
0,0.0032766247232808915,0
0,0.007030166785974868,0
0,0.4845579093609421,0
0,0.2802202068774322,0
1,0.9176427854870829,1
1,0.3816236302338013,0
1,0.41357333641009225,0
1,0.7985452529355824,1
0,0.30867521849451895,0
1,0.379664031132291,0
0,0.017505453771133116,0
0,0.17246176785036055,0
0,0.0005014479186829303,0
0,1.9796945220278412e-05,0
0,0.003124494343408517,0
1,0.3152911833714457,0
0,0.05899683745738908,0
0,0.16982632176010323,0
0,0.040933435944977434,0
0,0.001979272475122453,0
0,0.10217855907543166,0
1,0.4595708586330644,0
0,0.03310412624028314,0
1,0.82883209843409,1
0,0.2146548624091624,0
1,0.27880174063971286,0
0,0.182908210369588,0
0,1.2814992802850355e-05,0
1,0.3911604413437527,0
0,0.14911927205775863,0
1,0.5362645749464893,1
1,0.7999347228922467,1
0,0.041069497480653534,0
0,0.3936646923868689,0
1,0.40560205384669984,0
0,0.0024604379922929394,0
0,0.3660408038882197,0
0,0.4314659087136692,0
0,0.0578086741880742,0
1,0.7558091297428191,1
0,0.5398620423822438,1
0,0.4781534556315523,0
1,0.36421667191677937,0
1,0.7790323723656092,1
0,0.08396171665177526,0
0,0.19696497481435193,0
0,0.01106705311809978,0
0,0.3127286355535907,0
0,0.000350548372058245,0
0,0.0023530718673715617,0
1,0.3222406245748819,0
1,0.2509408020054822,0
0,0.37142803114572226,0
0,0.0008082685248678806,0
0,0.003073014749537708,0
0,0.031048134669559937,0
1,0.41627577212212696,0
0,5.156127897708898e-06,0
1,0.5008089567497828,1
0,0.016227241468866338,0
0,0.05161587858956057,0
0,0.4141387288027304,0
0,0.33708316861874094,0
0,0.4002261910899768,0
0,0.10697808736499714,0
0,0.009506842708416393,0
1,0.08825555754009606,0
1,0.4069296150669196,0
1,0.7218891106445191,1
0,0.09234564292498215,0
0,0.0688911349174472,0
1,0.5775244062456908,1
0,0.30490089802212483,0
0,0.026001146886346076,0
0,0.27738574922737524,0
0,0.4785806943066769,0
0,0.6883879423152452,1
1,0.6774637106229355,1
0,0.02296733740432924,0
0,0.13899672518262793,0
0,0.0025977984644333825,0
0,0.005212372406454507,0
1,0.6315098354817664,1
0,0.00016757779814030854,0
0,0.008376888488847972,0
0,0.0006407823629838477,0
0,0.422857960043694,0
1,0.5715241995233915,1
0,0.010438039616188406,0
1,0.28479179467631266,0
0,0.01691386863743396,0
0,0.1460890202117849,0
0,0.5100504827217364,1
0,0.06939153356034539,0
0,0.002473775212463265,0
0,0.1635434186834822,0
0,0.4566253341560222,0
0,0.012771139147281502,0
0,0.7736430001371398,1
1,0.32322683214500064,0
0,0.012619731690424877,0
0,0.1755107689547871,0
0,0.40656247688898267,0
0,0.3434123428607453,0
1,0.6898644267564222,1
0,0.22041833742839265,0
0,0.18452507232043724,0
1,0.32212381466040246,0
0,0.04888231985156451,0
0,0.016407159061327673,0
0,0.0001443134177160712,0
1,0.7906543470480675,1
0,0.4547391150048403,0
0,5.905351103440671e-05,0
0,0.25501980507397437,0
0,0.0544663553736501,0
0,0.0329393395878136,0
0,0.04931621704882078,0
0,0.29620687161403286,0
0,0.25883037996873226,0
0,0.15975790934214662,0
0,0.2200247194216172,0
0,0.2782889946907715,0
0,0.3281772486115256,0
0,0.5119612491096168,1
1,0.8578276065416646,1
0,0.0003793830410970939,0
0,0.029337502081336744,0
0,0.013551858135046857,0
0,0.11138735531122643,0
0,0.004067343880551389,0
0,0.5256871041372638,1
0,0.00824287689384686,0
1,0.7462785386066396,1
1,0.8971301366781346,1
0,0.2832962496207899,0
0,0.2354540494399702,0
1,0.31812905159015303,0
0,0.2678993876697359,0
0,0.3807958523831318,0
0,0.029974047524049998,0
0,0.0023693867569036524,0
0,0.3403945398810052,0
0,0.06356443465377926,0
0,0.5312990605716261,1
1,0.9129926991557117,1
0,0.0005657512201022433,0
0,0.15677577546904922,0
0,0.0020395539764718443,0
0,0.0003167425385676073,0
0,0.286370586690788,0
0,0.4344398991989572,0
1,0.7926852332576112,1
1,0.37819330168877374,0
0,0.03550021999996007,0
1,0.18198443610495274,0
0,0.045998966335831455,0
0,0.04928329554133758,0
0,0.011078290102035229,0
1,0.6890757489378406,1
0,0.3887913831063094,0
0,0.05759173522485268,0
0,0.06442025853760379,0
0,0.06570513016834785,0
0,0.0014475275434580486,0
0,0.14073874957719767,0
0,0.0590059891049754,0
0,0.8429020013146188,1
0,0.1908221959688355,0
0,0.2101875567872519,0
0,0.2648816218749739,0
0,0.030624545931818396,0
0,0.6413374066627692,1
1,0.5569018735139714,1
0,0.0035465198175500257,0
0,0.23517605478042614,0
0,0.013542213889258485,0
0,0.19617938210395744,0
1,0.1649849889316136,0
0,0.005693714301452125,0
0,0.5953170738582739,1
0,0.5803418111114512,1
0,0.01866463545082924,0
0,0.010023012294218016,0
0,0.02386883709419375,0
1,0.3462854313755404,0
0,0.027838790811130377,0
0,0.025744919629787612,0
0,0.31958965229280994,0
0,0.011281493789618102,0
1,0.8490762994867327,1
0,0.27996734271795065,0
0,0.4345065566901446,0
1,0.46292857717071434,0
1,0.6353836423755975,1
0,0.012405037469474385,0
1,0.36592513329625703,0
0,0.7678354918269006,1
0,0.042947597938873525,0
0,0.42536086581042487,0
0,0.05069827502159081,0
1,0.6150489983372734,1
0,0.040504409952886386,0
0,0.3881059746675555,0
1,0.6900811902440717,1
0,0.22635307200899746,0
0,0.4281178478844259,0
1,0.8595069908703887,1
0,0.005860791881530567,0
1,0.14185858220532532,0
0,0.01936874688277656,0
0,0.46743820773924316,0
0,0.4368525080050699,0
0,0.09867352525755807,0
1,0.1537000885205408,0
0,0.014148943790130724,0
1,0.4024029435023934,0
0,0.0017096022116706716,0
0,0.0021118186256665465,0
1,0.41908726832790816,0
1,0.6111679342049751,1
0,0.4712086266727731,0
1,0.8460739857752904,1
0,0.003304587802340232,0
0,0.0002610947631167465,0
0,0.04057965809382135,0
0,0.001567480525111531,0
1,0.21819013059833478,0
0,0.0743821297607809,0
0,0.05826302822502246,0
0,0.008246715163087306,0
0,0.27871863807289965,0
0,0.20769049306732515,0
0,0.3220909773493324,0
0,0.08239172511644216,0
0,0.07318479931032391,0
0,0.0063006806883375704,0
0,0.001647907153436586,0
0,0.19957578964926898,0
0,0.31095524140926784,0
0,0.018701489522392235,0
0,0.04036111686669699,0
1,0.3258985720106145,0
0,0.18251672830193724,0
0,0.07257666840891691,0
0,0.18839266088382872,0
1,0.5963640123187064,1
0,0.17753187368078746,0
0,0.22651746603415557,0
0,0.02027802334608324,0
1,0.04349121663533155,0
0,2.5006701383042893e-06,0
0,0.3879075219866863,0
1,0.05381686173627978,0
0,0.5062528372953322,1
1,0.6099168278137005,1
0,0.15728808618263465,0
0,0.34015646836499497,0
1,0.061497025527219605,0
0,0.01859460565418934,0
1,0.7531455897459068,1
0,0.287242210518658,0
0,0.06371772239414861,0
1,0.833702419299241,1
1,0.37111693131237594,0
0,0.44678449903874484,0
0,0.3483476976786937,0
0,0.19907057168274025,0
1,0.7189670886304229,1
0,0.051111514842006614,0
1,0.9354868026661348,1
1,0.4368722304013555,0
1,0.26277208281719344,0
0,0.6759625917690533,1
0,0.0016387644738830218,0
1,0.041087423839700224,0
1,0.2350350914768824,0
1,0.7661234975497788,1
0,0.010749621570228674,0
0,1.1247835578085094e-05,0
0,0.6123121531664055,1
0,0.16617491502038745,0
0,6.851967297139392e-05,0
1,0.7608456883863355,1
0,0.11071808427142196,0
0,0.002434261413585674,0
0,0.001150086177991108,0
0,0.7374180939121512,1
1,0.5164590919278554,1
0,0.03224441697584109,0
1,0.7374553019283856,1
0,0.0033834393311387282,0
0,0.11131260054174427,0
0,0.0030746465973836663,0
0,0.09557919327649714,0
0,0.8823869757135182,1
0,0.005413680468021334,0
0,0.4950663328200237,0
0,0.001562178128949114,0
0,0.00048805824875009857,0
0,0.020382876129685455,0
0,0.07866725482641009,0
0,0.028711257052220912,0
0,0.05283645280262202,0
0,0.05102733296524981,0
1,0.037404136294093886,0
1,0.5450873446639476,1
0,0.10008494170753485,0
0,0.0854276639952481,0
0,0.014052327349902537,0
0,0.5603471058087748,1
1,0.745982989082546,1
0,0.05421381103424726,0
0,6.252570905264682e-06,0
0,0.02478055087819094,0
1,0.4280422533514414,0
0,0.3056929421874617,0
0,0.38392701390314304,0
0,0.7980137658209734,1
0,0.6437139250599135,1
0,0.0009139374615537512,0
0,0.04622970932548579,0
0,0.16616167305125948,0
1,0.6719391568687608,1
0,3.5537704436216174e-06,0
0,0.020023019340143316,0
0,0.4722528517064228,0
0,0.008219578980248297,0
0,0.09521596937278254,0
0,0.19355149286429105,0
0,7.595276676764792e-05,0
0,0.1856271633550907,0
0,0.3659014587836907,0
0,0.18259973639787022,0
1,0.7478830190271502,1
0,0.016109188745916523,0
0,0.0015312192979482179,0
0,0.17280059015947427,0
0,0.8389041291617507,1
1,0.8923597535005927,1
0,0.18755248481381098,0
1,0.9097938569189815,1
1,0.4648112871649754,0
0,0.009558102584952575,0
0,0.029921020005367206,0
0,0.06386469286802243,0
0,0.00128596936245728,0
0,0.003409005469073593,0
0,0.6455140125860866,1
0,0.013714200179151485,0
0,0.5230997000892744,1
1,0.6185163596660758,1
1,0.5779573453845369,1
1,0.2720959807482175,0
0,0.07979913836666286,0
0,0.01279692133372142,0
0,0.0714113323898246,0
0,0.17102391994865354,0
1,0.621138559650704,1
1,0.8887489596305101,1
0,5.753831686379639e-05,0
0,2.2531736967291786e-06,0
1,0.7903908078943936,1
0,0.1834834346007416,0
0,0.1609032400556637,0
0,0.3317115756786076,0
1,0.6029342009331584,1
1,0.2819874327584259,0
1,0.7356683421133479,1
1,0.7588820322718212,1
0,3.3657803407560056e-06,0
1,0.8605279684114935,1
0,0.29771299263293777,0
0,0.021175094120960348,0
0,0.009068295273812648,0
1,0.40501339614069304,0
0,0.0034589180946428756,0
0,0.008348879951468461,0
0,0.5988702523803141,1
0,0.15348770612535653,0
0,0.27998480782987667,0
1,0.8457591914782575,1
0,0.003504737419168208,0
0,4.5290733570141665e-05,0
0,0.35584707937676274,0
0,0.15355139536569115,0
0,0.09094811300644655,0
0,0.02004544113223912,0
1,0.3050331935848711,0
0,0.003474446382911334,0
1,0.5654217315984558,1
0,0.0028152137020049876,0
0,0.12288772115003167,0
0,0.0029652476523319487,0
0,1.5723553830103802e-06,0
0,0.01502655220200934,0
0,0.17871661305533837,0
0,0.13935406175455797,0
1,0.7978087223697099,1
0,0.13764497361852762,0
0,0.02908180552376429,0
0,0.005333609662003575,0
0,0.000685079414121497,0
0,0.02544088703295527,0
0,0.07846663292147367,0
0,0.08561069248909314,0
0,0.1020470222971162,0
0,0.0024768817647449594,0
0,0.3994612913893175,0
0,0.10305360624148724,0
0,0.14368656850099315,0
1,0.574606847784526,1
0,0.14378546172120274,0
0,0.05765707343220962,0
1,0.3694995228786577,0
0,0.13907467214217342,0
0,0.021826033887536057,0
1,0.3084996642181117,0
1,0.06180361070094229,0
1,0.953267123208462,1
1,0.4702546219065821,0
1,0.46942539547434825,0
1,0.21019245158631916,0
1,0.47821939682287395,0
0,0.028701676495300293,0
0,0.028521600009891623,0
0,0.019517631394152104,0
0,0.1836700853861957,0
0,0.43102554389920694,0
0,0.049772696045686966,0
1,0.5328409365252265,1
0,0.23227021935510783,0
0,0.004897779683786314,0
0,0.24251304607712712,0
1,0.6330483452745219,1
0,0.030938849671739103,0
0,0.0031955017617829803,0
0,0.034736751287179374,0
0,0.012846756867012329,0
0,0.005012809970643469,0
0,0.27441976895100645,0
0,0.017153225895601282,0
0,0.01775737928222686,0
1,0.6014489413757594,1
1,0.2976101589114574,0
0,0.0001677502023011384,0
1,0.8147559668366053,1
0,0.3117310942118198,0
0,0.09311395192854248,0
0,0.0018773175129886883,0
1,0.7935432631383916,1
0,0.08975039569188047,0
0,0.011939886565511804,0
0,0.054516398455319894,0
0,0.07062534577729125,0
0,0.08546658510482652,0
0,0.035665372108911145,0
0,0.003500415054407242,0
1,0.18959143293587072,0
0,0.04090408779137929,0
0,0.12117245225271167,0
0,0.001321483583872897,0
0,0.3602237021325735,0
0,0.4560467053931788,0
1,0.5412137621966643,1
0,0.024102534315115994,0
1,0.6085491990000971,1
0,0.03580009955118255,0
0,0.009410182415844246,0
0,1.1188491303381594e-05,0
0,0.6561091796764174,1
0,0.7133301928714009,1
0,0.03866748155035665,0
1,0.368244351657325,0
0,0.6031531442639781,1
0,0.364844242914826,0
1,0.9378110760762643,1
0,0.03365877761795645,0
0,0.0791558919884945,0
0,0.017060070656544624,0
0,0.4992212672893622,0
0,0.015461427405536311,0
0,0.005401166021126605,0
0,0.060902856868076845,0
0,0.045447203930633694,0
0,0.005060198704430012,0
0,0.43820307195997704,0
0,0.00018916842322037674,0
1,0.40948633166763565,0
0,0.01939273420579298,0
0,0.11008003188846212,0
1,0.7821874163039063,1
1,0.1732326527483273,0
0,0.3431457614560892,0
0,0.021991682229953725,0
0,0.611882753222021,1
0,0.1133241527457454,0
1,0.028346737471484692,0
0,0.0009951167829798486,0
1,0.9489287897113418,1
0,0.056417623833905674,0
0,0.00804105744591435,0
0,0.011249758667140371,0
0,0.017506473291564722,0
1,0.5625690065009648,1
0,2.4632119551268245e-05,0
0,0.470353817481087,0
0,0.0746955270961224,0
0,0.05618860467081749,0
1,0.7497972444122593,1
0,0.01516597025236899,0
0,0.4486821414651118,0
0,0.03806730144557378,0
0,0.005729811594105001,0
0,0.001626415022933928,0
1,0.4438127609732279,0
0,0.7813981896322487,1
0,2.1381869244479815e-05,0
1,0.7333400098507438,1
1,0.7995689918823126,1
0,0.8144572278967226,1
0,0.04094807671840035,0
1,0.558592420041937,1
1,0.09367183545095174,0
0,0.04730599393594873,0
0,0.153067640686261,0
1,0.7578005318093721,1
0,0.0835890501252917,0
1,0.7985830124358764,1
0,0.0025435351813404457,0
0,0.01996430967187178,0
0,0.021315590762488075,0
0,0.24115147681009577,0
0,0.0003414406477047765,0
0,0.10869814725572843,0
1,0.7718713572569528,1
0,0.45976779225161096,0
1,0.8542736560251643,1
0,0.11251894066028052,0
0,0.02062742288892404,0
0,0.002779185317009352,0
1,0.9118285427013609,1
0,0.04004071034556133,0
1,0.8659844508208505,1
0,0.21013634442316548,0
0,0.0011900618237821237,0
0,0.034786929928611474,0
0,0.35700002485201976,0
0,0.0002015825181073976,0
0,0.03184968291284593,0
0,0.010678154022650542,0
0,0.08291798167711371,0
0,0.5812834933452805,1
0,0.019845219509538093,0
0,0.029076830831160753,0
0,0.002166602292298641,0
0,0.19680113351031264,0
0,0.0050077568176314065,0
1,0.7712812828338783,1
0,0.0010671402151296299,0
0,0.008085639963469494,0
0,0.3146037598497287,0
0,0.32503627935138774,0
1,0.5008681785579144,1
0,0.05244219288494687,0
1,0.1002356809067789,0
0,0.08785519611142704,0
0,0.5208089683117861,1
0,0.2556955452000207,0
0,0.00044846500155906597,0
0,0.4088723456533496,0
0,0.056050653060829896,0
0,0.07148571434701756,0
1,0.6976421896222335,1
0,0.06761936180970911,0
1,0.32861898126539646,0
1,0.818700999807288,1
0,0.007811649902317615,0
0,0.23680840248071938,0
0,0.0008695902520602414,0
0,0.02978979654266408,0
0,0.07656004948657598,0
0,0.01555873327210347,0
0,0.9032947035905883,1
0,0.029543973872919245,0
1,0.731590948986694,1
0,0.004556200533583715,0
0,0.003183159666471581,0
0,0.36771866966205896,0
1,0.35572266248930157,0
0,0.055504417654593984,0
0,0.03988917264543108,0
0,5.334363332107414e-05,0
1,0.2374956522876227,0
0,0.5749982096143703,1
0,0.009556372499609191,0
0,0.0011349009699568636,0
0,5.73694604426039e-06,0
0,0.04569957341549834,0
0,0.11957788069358992,0
0,0.04526493415114729,0
0,0.006961912644898145,0
0,0.01696955366183947,0
0,0.0612558964834702,0
0,0.051091181149081365,0
0,0.05629726841169537,0
0,0.2613954602067291,0
1,0.2552781801999497,0
0,0.29990995082739896,0
0,0.016209607365130472,0
0,0.08063985333550394,0
0,0.06821529209965685,0
0,0.0977631246400088,0
1,0.4564279669679714,0
0,0.7946939380092041,1
0,0.16834867834618186,0
0,0.03795696287601195,0
1,0.4584824964073706,0
0,0.08310926295466307,0
0,0.04169297646002529,0
1,0.014077496521541678,0
0,0.07670546237210678,0
0,0.0008983441944116653,0
0,0.08755827163136157,0
1,0.6704834272203408,1
0,2.932921365776548e-05,0
1,0.8552711452453274,1
1,0.8636793874959678,1
0,0.5370435826949557,1
0,0.0015371544896699198,0
0,8.858162044590281e-07,0
0,0.002029484960222529,0
0,0.809545962417305,1
1,0.19248070710208945,0
0,0.05181892956240505,0
1,0.937704186790619,1
0,0.550035857551194,1
1,0.700183250860377,1
0,0.32380667064673907,0
0,0.6776117043036503,1
0,0.4070821773251739,0
0,0.0001023822359111429,0
0,0.016354058057713398,0
0,0.00014168636044787974,0
1,0.9573371758743207,1
0,0.07180732631213767,0
0,0.6114686602720296,1
0,0.7689971374441712,1
0,0.004514487776308408,0
0,0.028520249714819642,0
0,0.11616712480200549,0
1,0.07377443714894488,0
0,0.005591102990390592,0
1,0.5970460948700674,1
0,0.00012242759844558092,0
0,0.03292499637697589,0
0,0.18247358653224632,0
1,0.8754834758061181,1
1,0.7101445793122004,1
0,0.013338949658741104,0
0,0.3320117044713007,0
0,0.0018118967378157936,0
1,0.107781627817032,0
1,0.4391328130964354,0
0,0.3150568421577869,0
0,0.27957524408976075,0
0,0.07745337697331892,0
0,0.02627089662145653,0
0,0.1942753673968088,0
0,0.1216943530022609,0
0,0.0627975363010899,0
0,0.12434369946754346,0
0,0.8172577513975171,1
0,0.005930083494845982,0
0,0.022035841787195462,0
0,0.011836009930489833,0
0,0.00572935624900498,0
0,0.28874279338316705,0
0,0.018450304561003144,0
0,0.6032669805439603,1
0,0.023358656421768514,0
0,0.16804706693084925,0
0,0.10405969475241159,0
1,0.8382831136700926,1
0,0.3454840020225515,0
1,0.3767598798000544,0
1,0.30817443948953094,0
0,0.007615299591247631,0
0,0.1178114359262041,0
0,0.5192569770312739,1
0,0.22114001620369356,0
1,0.5061819061099584,1
0,0.008664437363387754,0
0,0.011671482404050621,0
1,0.17947161189008307,0
0,0.2217908679892701,0
0,0.45741692870702994,0
0,0.0019592089608126365,0
0,0.2251180408495007,0
1,0.5207805305629067,1
0,0.0025640541571684905,0
0,0.004490761517959846,0
0,0.3455186163808028,0
0,0.014712063665312233,0
0,0.00027398467866141413,0
0,0.10889834326579857,0
0,0.0022481667718813967,0
0,0.0004223166133686216,0
0,0.11379081726716507,0
0,0.09062647660777426,0
1,0.594868266420954,1
0,0.0006586186470036032,0
0,0.00424286593134734,0
0,0.13316955318745413,0
0,0.36906762564723744,0
0,0.05521898910502743,0
1,0.5524463137293588,1
0,0.24596130442812028,0
0,0.005452806836387444,0
0,0.0009456913351730179,0
0,0.14878677271867832,0
0,0.0002561678961813034,0
0,0.014008118866863647,0
1,0.9366516766417731,1
0,0.06799303021330837,0
0,0.004167509433480058,0
0,0.41186411280136404,0
0,0.007556686013325873,0
1,0.7695909934457396,1
0,0.08263278753885285,0
0,0.04016132900653128,0
1,0.7343109513868026,1
1,0.6801892584949685,1
0,0.006733792912986171,0
0,0.00666217444849924,0
0,0.020986531165431855,0
0,0.0008314084771472221,0
0,0.007396114816754363,0
0,0.08896359666845176,0
0,0.034693427319903804,0
0,0.06759491035291697,0
0,0.08043300991022369,0
0,0.4311488209039934,0
0,0.34304889491638857,0
0,0.000811325462717865,0
0,0.0001287467275481547,0
1,0.15595983775043573,0
0,0.18875456179546632,0
1,0.4950549265777042,0
0,4.5056491413353284e-06,0
0,0.006999887655692375,0
0,0.005144055555687936,0
0,1.6019883370040222e-06,0
0,0.11331984686661578,0
0,0.021332791697026,0
1,0.648141827941734,1
0,0.003384615819758076,0
0,0.5047588956956652,1
0,0.6773440141849387,1
1,0.6126346544093284,1
0,0.5085226410297696,1
0,0.5291011245813821,1
0,0.07487628162320258,0
0,0.31576010705218444,0
0,0.21951273758323187,0
1,0.464071204788635,0
1,0.40162883136024613,0
0,0.04831938091580459,0
1,0.3737599152207253,0
0,0.23291536016484296,0
0,0.0545006935406518,0
0,0.07310456172731776,0
0,0.009874356986176435,0
1,0.38610609193612744,0
0,0.09319172273772089,0
0,0.06971828697950222,0
0,0.06592735195911902,0
0,0.0002844195890843759,0
0,0.012890381617192064,0
1,0.5432301404593199,1
1,0.28505718401034896,0
0,0.005268270708387445,0
0,0.1169913967642374,0
0,0.19957425498722764,0
0,0.012960253665846076,0
1,0.30861366472165536,0
0,0.07826585734293957,0
0,0.02460325103616694,0
0,0.015591681113775421,0
0,0.00559135835782691,0
0,0.17184074296844437,0
0,0.035774440413595086,0
0,0.006801222682708304,0
1,0.30807799510678874,0
1,0.7236098602862756,1
0,0.047588648364557624,0
0,0.2978467871486551,0
0,0.0003994814412627416,0
1,0.6565119042954324,1
0,0.16179972472777762,0
0,0.05892019275320086,0
1,0.35831577200727965,0
0,9.842897511092624e-05,0
0,0.7937227777063496,1
0,0.04300306054295255,0
0,0.08882337262677827,0
0,0.31953122891209207,0
1,0.7105650225047083,1
1,0.4435931539514977,0
0,0.22051654008951518,0
0,0.5056337423212791,1
0,0.0032177994054068955,0
0,0.2799361529069704,0
0,0.010010344901260864,0
0,0.21046265344774687,0
0,0.10634705768155812,0
0,0.010839341098984361,0
1,0.7390322093762507,1
0,0.6828897740942169,1
0,0.23937517210580275,0
0,0.03909221589247254,0
0,0.11464791924716092,0
0,0.058555084587320075,0
0,0.0098012807413478,0
0,0.05969735725375467,0
0,0.0017672856993440028,0
0,0.009460489863562786,0
0,0.006662372972043402,0
0,0.49072486793443454,0
0,0.14205479673670982,0
0,0.0023309734469499927,0
0,0.001154368207548231,0
1,0.6532724101235066,1
1,0.8127530140537241,1
0,0.03185899252667939,0
0,0.06907455440505568,0
0,0.0003251260721091114,0
0,0.24588920854776256,0
1,0.5162364273526671,1
1,0.8160014526859282,1
0,0.08251303425889218,0
0,0.14081261151915872,0
0,0.5638335170845761,1
0,0.0012782077607859982,0
0,0.03198874948364991,0
1,0.43093722641611665,0
0,0.2718922183708369,0
0,0.3086455085472306,0
1,0.7721108683169082,1
0,0.2194273805331189,0
0,0.0716395999011636,0
0,0.0005571025100254207,0
1,0.8073930917906014,1
0,0.0037373494331931945,0
0,0.00024722698283788293,0
1,0.556796871093552,1
0,0.0017512213225407535,0
1,0.9488717621333942,1
0,0.0003813890503088145,0
0,0.6366795060464455,1
0,8.927732552074219e-05,0
0,0.006345744713771216,0
0,0.005091963121757493,0
0,0.05160074953848364,0
0,0.00021302504802335435,0
0,0.015409808748073319,0
0,0.08383294794601678,0
0,0.016021619805341437,0
0,0.003691472505486427,0
1,0.8280179929158038,1
0,0.21692896824974206,0
0,0.09189601374501133,0
0,0.0005392130500195334,0
0,0.8361678080163082,1
0,7.88621479190692e-06,0
0,0.137003318217573,0
0,0.005626083987572142,0
0,3.845179087263356e-06,0
0,0.0812229293877311,0
0,0.6582639370285774,1
1,0.24713941583875543,0
0,0.006598901912563403,0
0,0.2432737742997923,0
1,0.10607162279847564,0
0,0.0010914530055352286,0
0,0.45610744668996034,0
1,0.7319281844991224,1
0,0.00016398510425569545,0
0,0.09934830502680654,0
1,0.08687178639298691,0
0,0.07779669700590276,0
0,0.595950334041216,1
0,0.4851087634039057,0
0,0.007591058993372882,0
0,0.5703446811920525,1
0,0.39117307889514913,0
1,0.32314619159482294,0
0,0.11854952719713693,0
0,0.00031066538735758845,0
0,0.5083069506375569,1
0,0.0008034333400521618,0
0,0.3341908911300054,0
0,0.06245710218385996,0
0,0.09255941886522015,0
0,0.000263836604561806,0
0,0.5542960615627497,1
1,0.3686376688890232,0
1,0.007863443934181783,0
0,0.2846368327196,0
0,0.007641558518135799,0
0,0.39110147930656686,0
0,0.4361216428310485,0
0,0.19750351486151865,0
1,0.8520422286037846,1
1,0.5565274325413427,1
0,0.6788359873812191,1
0,0.05609711632506959,0
0,0.008734786977847181,0
0,0.642516192395287,1
0,0.00205629251061653,0
0,0.0639500336560118,0
0,0.15778388470775243,0
0,0.00032693370614619133,0
0,0.0008151603703292337,0
1,0.41211327330665426,0
1,0.6696351056113736,1
1,0.554182587123794,1
0,0.2721412994047797,0
0,0.004243212582242665,0
0,0.0021092591929917958,0
1,0.7059079693005101,1
0,0.055533012711427895,0
1,0.4109195838799651,0
0,0.00612273497915015,0
0,0.033970817753811444,0
0,0.002337603305146506,0
1,0.42126936041581925,0
1,0.6835852332450636,1
1,0.4663830030438574,0
0,0.42035124178249395,0
1,0.89949346855966,1
1,0.13397391002989825,0
0,0.12606655224038765,0
0,0.0380815081426141,0
0,0.0018706591616040919,0
0,0.24403634784992279,0
0,0.504055160769559,1
0,0.07113041420082715,0
0,0.0023168785067005275,0
0,0.0011749969731852576,0
0,0.015799566052985273,0
0,0.07774916603536164,0
0,0.6102579666200911,1
0,0.0560681326759694,0
0,0.018127802325513385,0
1,0.6276835423886798,1
0,0.036844263685278246,0
0,0.12812046498594598,0
1,0.33973437702564174,0
0,0.12823049798239836,0
0,0.012760019704646276,0
0,0.15621531924528004,0
1,0.22187128041973941,0
0,0.3345974698434339,0
0,0.015527337859961597,0
0,0.7648086067754356,1
0,0.09387511880364358,0
0,0.23464301737012097,0
1,0.6536433642786866,1
0,0.007877282968985688,0
0,0.0003623184868850401,0
1,0.07885225305144843,0
0,0.010019473837049674,0
0,0.058844124418162724,0
0,0.04062984314275176,0
0,0.0023757992340480375,0
1,0.040380292693287446,0
1,0.7876757347785152,1
0,0.8640459869286152,1
0,0.04059349444957726,0
0,0.298385991432553,0
1,0.6345871073436787,1
0,0.5500924968604181,1
1,0.9084062090544522,1
0,0.0005753202632889534,0
0,0.005088862157069017,0
1,0.8321776194845505,1
0,0.00562587748179,0
1,0.6342702155618124,1
1,0.4523191453561813,0
0,0.15700060453425568,0
1,0.3006653769960245,0
0,0.1088510677220833,0
0,0.0019984526928218914,0
0,0.46620446446043773,0
0,0.4670949803124319,0
1,0.7612660240048466,1
0,0.5532322577192659,1
1,0.22770576829754566,0
0,0.001988500032139637,0
0,0.70953584617472,1
1,0.8944511978996269,1
0,0.02121588831339729,0
0,0.0002105986726790934,0
0,0.053189166068587104,0
0,0.6267511745448566,1
0,0.3369164161903919,0
0,0.020359855884226657,0
0,0.24289762192621356,0
0,0.0596501312799451,0
1,0.7258308410557127,1
0,0.04010780728277195,0
0,0.2892019380361514,0
0,0.39780269978006416,0
0,0.4963181206541867,0
0,0.4623486447590711,0
0,0.06732231006590639,0
0,0.011118428601053372,0
0,0.22450564421557,0
0,0.2767039820555454,0
0,0.0006978839545251335,0
0,0.000408052945305582,0
1,0.29989008573738074,0
1,0.6868415523975017,1
0,4.137199577161089e-06,0
0,0.0006812150008778015,0
0,0.015395560990296236,0
0,0.30535567875548003,0
0,0.3382691327556075,0
0,0.01683638890848445,0
0,0.01723821440134273,0
0,0.006873643639648973,0
0,0.12976452300137808,0
0,0.0008019941501582012,0
0,0.0052982740362634865,0
0,0.09738195816875421,0
0,0.16543546297177084,0
0,0.00108716878385805,0
0,0.045047779132252073,0
0,0.2867528503798706,0
1,0.5385523172965956,1
0,0.3804953620696007,0
0,0.44354336148514006,0
1,0.7402225574751446,1
0,0.06239226977657173,0
0,0.004233957642433197,0
1,0.14669890717105855,0
1,0.6761232428298991,1
0,0.1193959683979239,0
0,0.3568128908050553,0
0,0.2619275418691638,0
0,0.0810598605039785,0
0,0.022603410616222876,0
0,0.011098431006371456,0
0,0.003838121860399141,0
0,0.5305330887107903,1
0,0.40042735345540403,0
0,0.001123073293333341,0
0,0.07838087522128084,0
0,0.022347200226719145,0
0,0.0001879803537651026,0
0,0.0839101321754513,0
0,0.22990430677503954,0
0,0.004439906235539205,0
0,0.016325686063266696,0
0,0.00035887960820314165,0
0,0.06960571370989402,0
0,0.012527830460536451,0
0,0.001438169441121964,0
0,0.12350009233111661,0
1,0.9033204113871942,1
0,0.010827256882418784,0
0,0.00010765701696426775,0
0,0.005471712891590872,0
0,0.022887692914489135,0
0,0.002973474084709395,0
0,0.08046698578956482,0
0,0.0005030408856817012,0
1,0.8699301835574104,1
0,0.05169153465620953,0
0,0.1780899059493967,0
0,0.006360594159501266,0
0,0.24553198400702306,0
0,0.09340568750288628,0
0,0.1087109955880721,0
1,0.7547631243375262,1
0,0.02383808313386825,0
1,0.6739389413824921,1
0,0.25856984060658444,0
0,0.2861098823921517,0
0,0.007643778499359602,0
0,0.008284652080024229,0
1,0.4480966299636866,0
0,0.30807352271308686,0
1,0.36640650323949436,0
0,0.0033523971189269646,0
1,0.4365005906401806,0
0,0.04941809460980041,0
1,0.15006524281460734,0
1,0.35484192837295025,0
0,0.10473872231577344,0
0,0.08319993596388352,0
0,0.0029819194035487612,0
0,2.9412006636954226e-05,0
0,0.009356554063139393,0
1,0.8403238274651702,1
0,0.1815392495334093,0
0,0.01793848269653931,0
0,0.0015477119074827764,0
1,0.35637919833468873,0
0,0.13651443053218368,0
0,0.2175854010299158,0
0,0.4431622541450281,0
0,0.06522549301417431,0
1,0.08836865449152441,0
1,0.5394109991575411,1
1,0.7191996585932044,1
0,0.07153497995414174,0
0,6.515928931239487e-05,0
0,0.0003367943302560544,0
0,0.01321490212614369,0
0,0.0022498726689713557,0
1,0.030051450092920245,0
0,0.007048852734405967,0
1,0.6942371697468863,1
0,0.2143534337305027,0
0,0.21766577782388083,0
0,0.1970056211588274,0
0,0.1084422794076351,0
0,0.23364274308821892,0
0,0.06120525051796798,0
0,0.00016970283573111648,0
0,0.007121902727273839,0
0,0.32952449805744827,0
0,0.008453854423032104,0
0,0.4915956826130975,0
0,0.05089539822784049,0
1,0.2987923493524029,0
0,0.0012615955149688962,0
1,0.3348289863673809,0
0,0.5389386578288908,1
0,0.027604548629092666,0
0,0.09879076434712256,0
1,0.3024772906911277,0
0,0.5234550924840893,1
0,0.004305997144234839,0
0,0.6171179575161889,1
0,0.11305151541713733,0
0,0.29930059856693486,0
0,0.06612244706834373,0
0,0.05259158549291374,0
1,0.05145406151079993,0
0,0.0008889570393146556,0
1,0.7739527461590535,1
0,0.24170794799056727,0
0,0.023066057957951865,0
0,0.1178861411273869,0
0,0.09998553583076171,0
0,0.46036840576245874,0
1,0.8517948562823734,1
0,0.6321291539176084,1
0,0.0372652003747587,0
0,0.1972341493771512,0
1,0.743982027775318,1
1,0.4419247558355028,0
0,0.13637843178057726,0
0,0.011885888883245651,0
0,0.06283013165599127,0
0,0.7866659577512839,1
0,0.00013790098495941954,0
0,0.666182283262616,1
0,0.046332589377877716,0
0,0.003603739306779486,0
0,0.0969470031639205,0
0,0.3728591256661092,0
0,0.608870516799461,1
0,0.04317630244041283,0
1,0.8826339368158599,1
1,0.6976158966409132,1
0,0.41354513262415954,0
0,0.25316578322646666,0
0,0.019358583352791663,0
0,0.02264675321534731,0
0,0.681128608599996,1
1,0.47455011150601506,0
0,0.09230622932180572,0
0,0.007328903908409725,0
0,0.06032366233030857,0
0,0.0011884001646008408,0
0,1.7312255189216359e-06,0
0,2.6947179239312455e-06,0
0,0.0006202925050003765,0
0,0.029924518818311697,0
0,0.21590116975689172,0
1,0.7645806572624889,1
0,0.0307429724847676,0
1,0.9074349784934564,1
0,0.002545305715825783,0
0,0.014127161241609645,0
0,0.5452051377126685,1
1,0.7851574633613214,1
1,0.09884439980563663,0
0,0.0110943387094631,0
0,0.20486964266887475,0
1,0.04254487926662017,0
1,0.8900204369680537,1
0,0.09588364627847157,0
0,0.06954363876622595,0
0,0.6337624736225225,1
0,0.43188820559723035,0
1,0.6025354090532321,1
0,0.47610095849741935,0
0,0.0019516531792444687,0
0,0.012455478033035596,0
0,0.07253056181390094,0
1,0.5946773035779156,1
0,0.32483546494331256,0
0,0.00285448673855723,0
1,0.6935950839701449,1
0,0.20623030729967035,0
1,0.8783050405883891,1
1,0.9361407566437381,1
0,0.004552379911406334,0
0,0.03510231940963105,0
1,0.6936487717091162,1
0,0.10598604398715726,0
1,0.5192633037089976,1
1,0.8404635945206728,1
0,0.05765899469017018,0
0,0.0038212949557962766,0
1,0.41982081435456287,0
1,0.26915885553337443,0
0,0.04578309102255034,0
0,0.021250175231287777,0
0,0.002845784514679894,0
0,0.005606166805408919,0
0,0.0055614170232931495,0
0,0.0844331376519792,0
0,0.008745895371498003,0
0,0.03979445133742872,0
0,0.12585362936115918,0
0,0.3368128370924223,0
0,0.06250751536018455,0
0,0.01213747838998913,0
0,0.37107730252212956,0
0,5.6731841181610976e-06,0
1,0.6704176496664109,1
0,0.6738009640407784,1
0,0.36147968004424785,0
0,0.001777340994773952,0
0,0.004556558935614434,0
0,0.16063652363835637,0
0,0.08394087826559278,0
0,0.0050940362828146,0
0,0.007287900880273821,0
1,0.7523058945065187,1
0,0.30539033601235477,0
0,0.0025588480591486828,0
0,0.271040038157269,0
0,0.004879350216519362,0
0,0.09016348189068939,0
0,0.00010282480477594867,0
0,0.01368130961387491,0
0,0.05824730691590553,0
0,0.017566674086906344,0
0,0.02729503163205788,0
0,0.04607379691743565,0
0,0.01346442637776582,0
1,0.8475701791174022,1
0,0.11924306108370472,0
1,0.4566309892746612,0
0,0.09805899923350021,0
1,0.6256020112216735,1
0,0.04031013811847656,0
0,0.015130388931293776,0
0,0.025879622825665215,0
0,0.06763727330678863,0
0,0.13000490863201622,0
1,0.12584144412298942,0
0,0.03165300148714814,0
1,0.37113943657135184,0
0,0.0030873633872634133,0
0,0.03238014569215691,0
0,1.171394937782481e-05,0
0,0.021159499837967187,0
0,0.017726573122269537,0
1,0.2355941296827697,0
0,0.8546084806498377,1
0,0.06040778841864918,0
0,0.21397159498650437,0
1,0.8961601020322335,1
1,0.8893000509373664,1
0,0.030599867379414104,0
0,0.002591219447671906,0
0,0.03698868210105108,0
0,0.4956207128948971,0
0,0.15307288051387644,0
0,0.014834295314703644,0
0,0.035329022423349975,0
0,0.05071350597520038,0
0,0.01053850134504771,0
0,0.03652362995208875,0
1,0.5439597184852063,1
1,0.7764403733745339,1
1,0.379340084628118,0
0,8.59940646821113e-05,0
1,0.5644002591263019,1
1,0.8242941128995039,1
0,0.25917107731558353,0
0,0.0018377723765355739,0
1,0.7614366421259302,1
0,0.2514741931163142,0
1,0.6958345013351215,1
0,6.378119517983474e-05,0
1,0.7153159688659414,1
0,0.3011928067462198,0
0,0.017137000928108874,0
1,0.40185289309275535,0
0,8.666506787292978e-06,0
0,0.2917816291639893,0
0,0.00661552673256925,0
0,0.0019022011703509801,0
0,0.262728079518809,0
1,0.6147666309553438,1
0,0.4564919041425592,0
0,0.022454602554420028,0
0,0.0004037227497990125,0
0,0.2805469996763213,0
1,0.428115464156123,0
1,0.6854717146258781,1
0,0.7834214843265415,1
1,0.1360130032591549,0
0,0.19858801364610917,0
0,0.0014562007985406908,0
1,0.8810529406235287,1
0,0.029488318512757256,0
1,0.2547762660346454,0
0,0.023007273439334015,0
0,0.0034232272631210753,0
0,0.03104605902557084,0
0,0.04800253040986901,0
0,0.03388030256732866,0
1,0.8842579552198433,1
0,0.08101205054433698,0
0,0.0236536980038257,0
0,0.11237287502131335,0
0,0.211807894770323,0
0,0.25783472544218233,0
1,0.9417817293257148,1
1,0.01084859251031166,0
0,0.022003112319435476,0
1,0.8432396149841394,1
0,0.39725982728543013,0
0,2.046033130381103e-05,0
0,0.016279088392097834,0
0,0.005414496091289512,0
0,0.045915568383664035,0
0,0.00030356390812085707,0
0,0.06585076663741661,0
0,0.04762636620406427,0
0,0.44142942408110886,0
1,0.743787319397527,1
1,0.23093722738151976,0
0,0.12143940649434062,0
0,0.010772901693815706,0
0,0.41092657641901276,0
1,0.5011811648787867,1
0,0.06867800307418688,0
0,0.010419657916430599,0
0,0.5481261003990343,1
0,0.013200287436200322,0
0,0.039274356141938,0
0,0.4982094897894343,0
0,0.19655176879933703,0
0,0.004354353305085795,0
0,0.007045703959166477,0
1,0.5893358610040426,1
1,0.8498779386158278,1
0,0.02495691678933372,0
0,0.3507197703088449,0
1,0.35570965539868915,0
0,0.47182541725304705,0
0,0.011902393102109806,0
0,0.03730012970858057,0
0,0.014444137226724569,0
0,0.04191331680966893,0
0,0.17570866015239237,0
0,0.023362486511027254,0
0,0.014670760111766748,0
0,0.0018533025067983995,0
0,0.021879601992289426,0
0,0.3489451357594959,0
0,0.0037699390153829336,0
0,0.0169772488488784,0
0,0.6556350000409003,1
0,0.0321265708602486,0
0,0.008948112530276319,0
0,0.2310659959534869,0
0,0.18296715311700007,0
1,0.5578938103544588,1
0,0.005658188878118532,0
0,0.014954110607662732,0
0,0.021887555955097792,0
0,0.35479877500103113,0
0,0.07591325548543564,0
0,0.05521438466571674,0
1,0.25352709550840585,0
0,0.16178335026693455,0
0,0.3109517753009276,0
0,0.6446757396614443,1
0,7.683875379116238e-05,0
1,0.5311003170354031,1
0,0.2680810787237358,0
0,0.022224734772286148,0
0,0.17138079615714272,0
0,0.8340147021954801,1
0,0.18103184720942478,0
0,0.03131482167550847,0
0,0.0007249703885978999,0
1,0.7598764376428307,1
0,0.019842983517423744,0
0,0.0034133394737417356,0
1,0.7890692908595295,1
0,0.8008905790871965,1
0,0.33637879402398674,0
1,0.5609564461006273,1
0,0.5403323590693844,1
0,0.051398160451441,0
0,0.13843996325411562,0
0,0.019539569508037508,0
1,0.19326588548423948,0
1,0.6484831195655258,1
0,4.055515371622297e-05,0
0,0.004885814430043923,0
0,0.23966309649657966,0
0,0.006305640674888952,0
0,0.003843244805349803,0
0,0.002173820843846015,0
0,0.0751730638978909,0
0,0.40386130579934815,0
0,0.001513730996548361,0
0,0.2192376999514701,0
1,0.7954548273892543,1
1,0.13074490391585716,0
1,0.7038184796307126,1
0,0.2860662724728779,0
1,0.7560659367431831,1
0,0.004143053692275482,0
0,0.0001337082751651269,0
0,0.004486932779662677,0
0,0.02245391932162938,0
0,0.0021021159472045022,0
0,0.15749540624121403,0
0,0.025158513457983107,0
0,0.5339554243680172,1
0,0.021985184087221655,0
1,0.3679701369168351,0
0,0.22331795908471772,0
0,0.2628799295247149,0
0,0.0018345695247191911,0
0,0.016409449137209695,0
0,0.7524426407355116,1
0,0.05167101349978574,0
0,0.0008458402094775755,0
0,0.13665145298070727,0
0,0.09831844376124872,0
0,0.06516361681719642,0
1,0.057319762673308614,0
0,0.21566035211360346,0
0,0.5211765243285778,1
1,0.5229640959350499,1
1,0.3867853220117463,0
0,0.07322568892677876,0
0,0.0005622376851470397,0
0,0.10293786065638562,0
1,0.336022529009178,0
1,0.45064492486239077,0
0,0.19564675197533274,0
0,0.389510123326739,0
0,0.062456270631642906,0
0,0.006283558902035881,0
0,0.44815935606711677,0
0,0.007806354721019093,0
0,0.009768913959328662,0
1,0.06764797082306061,0
1,0.323165593211605,0
0,0.003966213472208328,0
0,0.027249308131043953,0
1,0.4376661294015201,0
0,0.008045764951521168,0
0,0.09239661125186595,0
1,0.653069912753991,1
1,0.37695350277864714,0
0,0.05296968368141412,0
0,0.1279118666261415,0
1,0.7400807911133495,1
0,0.007871222135487889,0
0,0.4413097619082597,0
0,0.0629595260345529,0
0,0.16697009867629556,0
1,0.5026081035554492,1
1,0.7314621561426224,1
0,0.5499850941462735,1
0,0.04852589622244545,0
0,4.292660691968142e-05,0
0,5.5435812751878365e-05,0
1,0.5028301129052276,1
0,0.01267609208222576,0
0,0.009181133079225771,0
0,0.05862463583370629,0
1,0.40354310751228756,0
0,0.2811604377281394,0
1,0.7970701171276552,1
1,0.6802581691134468,1
1,0.3584685287103069,0
0,0.6796183595197824,1
0,0.0017462291105418113,0
0,0.2842377660727853,0
1,0.8340737760634346,1
0,0.0003653995684766781,0
1,0.6067243593932322,1
1,0.9134242317583052,1
0,0.014433708151655624,0
0,0.043501480732731496,0
0,0.06414881050333583,0
0,0.014436666104737858,0
1,0.45865734226124244,0
1,0.7109522226006193,1
0,0.0022960113414820117,0
1,0.8539020298694451,1
0,0.04439506772996426,0
0,0.21385140951731268,0
1,0.5616760434539911,1
0,0.019198389761963718,0
0,0.019080213269721636,0
0,0.4181653505229449,0
1,0.16069956970779845,0
0,0.004194150896619237,0
1,0.3644629072981015,0
0,0.11115676639903407,0
0,0.36867620913194704,0
0,0.40975306212620066,0
0,0.00040051405722647387,0
0,0.0294868556527053,0
1,0.7200040460610893,1
1,0.041962717100466194,0
0,0.0005676781071455274,0
0,0.040327636270551824,0
0,0.06030402265133854,0
0,0.027465797565364884,0
1,0.7829589716071887,1
0,0.015115981903132307,0
0,0.0120997170596828,0
0,0.015795341932479303,0
0,0.33014938988468706,0
0,0.15398205524378958,0
0,0.004976257038661605,0
0,0.20223301803573923,0
0,0.03996057495691783,0
0,0.6202318773227558,1
0,0.6374939718989653,1
1,0.4373539382415464,0
0,0.0004235202155559313,0
1,0.38850615981170816,0
0,0.01223077844366726,0
0,0.00018039103057543288,0
1,0.7579416407675503,1
0,0.21272612434760763,0
1,0.7137575877711777,1
0,0.28626832322879137,0
0,0.04151492730803711,0
0,2.1811944207590137e-05,0
0,0.09463852058381327,0
0,0.0038268627294182913,0
1,0.692975986314026,1
1,0.15947804564489285,0
0,0.00030202415422570216,0
0,0.0035065141238234585,0
0,0.0010723010641226498,0
0,0.08221407373508256,0
0,0.476523128940568,0
0,0.0005458320160588654,0
0,0.013141489622362756,0
0,0.00013444765361222323,0
0,0.2882992414350712,0
0,0.7704112726024633,1
1,0.7275876620437483,1
1,0.4608593823294816,0
1,0.7807793755799656,1
0,0.13593115686918128,0
0,0.19587004117252035,0
0,0.022636253585094128,0
0,0.347491981590932,0
0,0.09222660586389107,0
1,0.6428021315443446,1
1,0.6220476560401038,1
1,0.7332038782475935,1
0,0.015093522965953027,0
1,0.5846277243185996,1
0,0.13158892275936745,0
1,0.7491600638372967,1
0,0.3015550707574521,0
0,0.0844346331784439,0
0,9.195941002921491e-06,0
0,0.005251525122905735,0
0,0.0036492113278952464,0
0,0.02546700662301171,0
0,0.056470016693793715,0
1,0.5957798097018228,1
1,0.44516114675135404,0
0,0.09778878632129487,0
0,0.2087269063159658,0
0,0.09820746893922046,0
1,0.20114900264283625,0
0,0.4127518375053352,0
0,0.03268680589827199,0
1,0.7960780762211973,1
0,0.018992761953969806,0
1,0.29282009024069017,0
0,0.28204653078212627,0
1,0.3546244033855099,0
0,0.00020751551495993398,0
0,0.020343631663755038,0
1,0.767498586719074,1
0,0.016719110481375258,0
1,0.27258899980475026,0
0,0.380751873672733,0
0,0.20407716834257067,0
0,0.004172754571588494,0
1,0.5261711779291703,1
0,0.13439580734774081,0
0,0.38710235261304415,0
1,0.34494649824909857,0
0,0.04003968134395332,0
1,0.5915733685143201,1
0,0.32210966348367054,0
0,0.00024237893487334103,0
0,0.13885044378101663,0
0,2.775065097034949e-06,0
0,0.27787039572712957,0
1,0.45134431496763616,0
0,0.03815836746662067,0
0,0.00785423682946752,0
0,1.8044290224241444e-05,0
0,0.446016165901672,0
1,0.02476666444692226,0
0,0.013344495566454466,0
0,0.035689145500317536,0
0,0.3101346366243372,0
1,0.05696310569144554,0
0,0.021933944886949844,0
1,0.8804734743015379,1
0,0.3396262124350767,0
1,0.42453288713405146,0
1,0.9104449439171182,1
0,0.009833155055448206,0
0,0.039925742169235875,0
0,0.002917104417820893,0
0,0.27908347738193445,0
0,0.004979465612937065,0
0,0.0033786991003826585,0
0,0.4803353379329748,0
0,0.5666072277180091,1
1,0.8194938334839302,1
0,0.6343013731865372,1
0,0.0218387092155298,0
0,0.1761300007602533,0
1,0.6433025086414149,1
0,0.5795470488477722,1
1,0.8097654933709633,1
0,0.0004924546762238735,0
1,0.5908023702559835,1
1,0.43374889156089896,0
0,0.115516587214041,0
0,0.030602846181687945,0
0,0.016007401304133438,0
0,0.4036464729342792,0
0,0.021737191670867625,0
1,0.8361410261858202,1
0,0.009922656629156897,0
0,0.02486774353762885,0
0,0.08001892605656453,0
1,0.5824396623064072,1
0,0.47374999404944973,0
0,0.0013563622881803802,0
1,0.2352467277247359,0
1,0.28647048152394056,0
1,0.5915958779873894,1
0,0.018766796224357053,0
0,0.7039315647264511,1
0,1.2081679473217213e-05,0
0,0.2762454201827486,0
0,0.002653809504908093,0
1,0.8057290951754628,1
0,0.24400160330535092,0
1,0.9064475778437104,1
0,0.13406286209612514,0
0,0.0007765283189770856,0
1,0.513744886042027,1
0,0.1370546283306784,0
0,0.0903865011682163,0
0,0.3753161804771569,0
0,0.07214480810283698,0
1,0.9132471068413759,1
0,0.0649343820807544,0
1,0.23391245989664264,0
0,0.04509470925929631,0
0,0.00748090539180807,0
1,0.44596274610605746,0
0,0.2717847503629141,0
0,0.743807830138762,1
0,0.00020787879925793375,0
0,0.12562773409921463,0
0,0.38327494931535655,0
0,0.02520838610766322,0
1,0.6660354947066577,1
0,0.14653561103403023,0
0,0.02763578312587686,0
0,0.09053949148642591,0
0,0.08966618644269381,0
0,0.006225921971238834,0
0,0.00023842460324436035,0
0,0.022380675979778518,0
0,0.005066578519080466,0
0,0.04798912074273158,0
0,6.729180742703675e-05,0
0,0.05083321513123988,0
0,0.05631170355026616,0
0,3.15923047912729e-05,0
0,0.03687570951811207,0
0,0.0011383189956598384,0
1,0.48689536415647067,0
0,0.08783564477417359,0
0,0.07758596667200214,0
0,0.591226478811442,1
0,0.02086333047134845,0
0,0.38301709521469984,0
0,0.013838998785783903,0
0,0.02396809991395512,0
0,0.07961371810894849,0
0,0.6185424435719273,1
0,0.36376998005939576,0
0,0.07345186174341005,0
0,0.01719182606529718,0
0,0.011701801400268623,0
1,0.4122489951001852,0
0,0.04895010007314763,0
0,0.25747448421801605,0
1,0.1980698752235144,0
0,0.00010391852243902783,0
0,0.28732937114938023,0
0,0.02965212782815646,0
1,0.5734288763922283,1
0,0.0024366500558386764,0
0,0.1700536077350803,0
0,0.14485675704852807,0
0,0.017522278475276813,0
1,0.04618298368631683,0
1,0.7742544958522313,1
0,0.14620496333951452,0
0,0.024342726473709556,0
1,0.13311484308536425,0
1,0.4703526113243822,0
0,0.00033104553266496197,0
0,0.4237155626229283,0
0,0.3475706422012678,0
0,0.12980293660508366,0
0,0.001760209915784367,0
0,0.0011154827984306641,0
1,0.8100999521834802,1
0,0.11868083683116265,0
0,2.7678737990468648e-06,0
0,0.0016872083793963997,0
0,0.001811027210303081,0
0,0.03729535255893328,0
0,0.15992862256058166,0
0,0.311256384693646,0
0,0.011616525387308247,0
0,0.36597700813479034,0
0,0.0028913092540035407,0
0,0.023296464919486105,0
1,0.5570232637776972,1
1,0.18985702409263416,0
0,0.001201569745433306,0
0,0.0035257333426152097,0
0,0.483359887810973,0
0,0.22540500191228824,0
0,0.00011742457259635986,0
0,0.2603803128839053,0
1,0.5068815229723009,1
0,0.0006489643464869238,0
0,0.4854572936129065,0
1,0.32805400495348075,0
1,0.6584266241081548,1
1,0.5745215319439843,1
1,0.6631372017644068,1
1,0.8475268600633,1
0,0.3787269133439765,0
0,0.32195641404675246,0
1,0.7989048096415561,1
0,0.08801403043190421,0
0,9.024352089089817e-06,0
0,0.24936036680697965,0
0,0.2823840570968991,0
0,0.011114356855945534,0
1,0.3393051647326702,0
1,0.8769959185617858,1
1,0.7431306859061002,1
1,0.5343165382372547,1
1,0.22130548712355472,0
1,0.7284001032567032,1
0,0.3264417406048487,0
0,0.025608204639571346,0
1,0.3603753515779789,0
0,0.41604826848529586,0
0,0.0018237675062273767,0
1,0.6700594442950014,1
1,0.7097695603648766,1
1,0.8174738292133173,1
0,0.00013114717802560332,0
0,0.8559042068591838,1
0,0.004071215691064447,0
0,0.06530308477460478,0
0,0.3622341492199399,0
1,0.3889522319549748,0
0,0.09086286606314185,0
0,0.004187745971711104,0
0,0.2856178140936988,0
1,0.6899661198351015,1
1,0.04398356219559889,0
0,0.059381704647750534,0
0,0.06290281740220713,0
0,0.05010423777008986,0
0,0.029749535180481596,0
0,0.023516404649403588,0
0,0.229838404448886,0
1,0.03585913892452025,0
0,0.3310523480170094,0
1,0.7220836057994265,1
0,0.0008684707024577479,0
0,0.0025101568776060745,0
0,0.03799973196345444,0
0,0.014705178174016656,0
1,0.8956841095188695,1
1,0.5452202941959332,1
0,0.21538849039868405,0
0,0.014787157933773054,0
1,0.9201652674947166,1
0,0.4261899328121674,0
0,0.00015350128953279082,0
1,0.7836527133216923,1
0,0.06974144504817012,0
0,0.0030464919537515596,0
0,0.01766234828300186,0
0,0.19861892918812876,0
0,0.1099031956439917,0
0,0.16705910932243803,0
0,0.5239472309521442,1
1,0.36873614079194267,0
0,0.02236553514267249,0
0,0.010715717674659066,0
0,0.029820796430854574,0
1,0.1627805658492826,0
1,0.7701468555882391,1
0,0.004414684646729455,0
0,0.5760031909033604,1
0,0.20737969686372737,0
1,0.3871684897941252,0
0,0.004973955537870479,0
0,0.07509837897425693,0
0,0.1622749292845725,0
1,0.8449330687943429,1
0,0.06981688763102659,0
0,0.2350766537079465,0
1,0.6977731676338019,1
0,0.18654536026047608,0
0,0.002338926226885201,0
0,0.3884482736128939,0
1,0.3207259815574666,0
0,0.0016074402006624575,0
0,0.44232336871142663,0
1,0.7580597329421731,1
0,0.005072135493497071,0
0,0.6877575366501485,1
1,0.2508726996126807,0
0,0.14649491862529537,0
1,0.2091281872161307,0
1,0.7252355632207017,1
0,0.022222214682632597,0
0,0.005782499615131878,0
1,0.45483861399907166,0
0,5.38867301441592e-05,0
0,0.03052190784434681,0
0,0.01601218580056618,0
0,0.04399961137672224,0
0,0.16654062371362888,0
0,0.0005724472241603297,0
0,0.0008662852174990785,0
0,0.0010963843214100476,0
0,0.10453688549512655,0
1,0.5246840451097877,1
0,0.02351244467258094,0
0,0.5075246173916294,1
0,0.06565205041320574,0
1,0.013405721130253567,0
0,0.764669590078133,1
0,0.24956935287287993,0
0,0.3122698101358347,0
0,0.6153353839016904,1
0,0.04989477217531886,0
0,0.6063957667408852,1
0,0.12749781432058385,0
0,0.2923169403518215,0
1,0.8451105968779329,1
0,0.30860923731225387,0
0,0.008543088739785196,0
1,0.6543632232434515,1
0,0.049038210848784576,0
0,0.07537454902603259,0
0,0.44917130723275905,0
0,0.347431510162533,0
0,0.006180835950233337,0
0,0.6244449850065611,1
0,0.23271403088904208,0
0,0.008406659267191956,0
0,0.047384709373555794,0
0,0.004870480885024866,0
0,0.4352405333816568,0
0,0.1942010671854098,0
0,0.017041459405578947,0
0,0.12050781283144141,0
0,0.45535189813236926,0
0,0.07028430219030427,0
0,0.009405412550661447,0
0,0.13268823481570896,0
0,0.035512623899865446,0
0,0.04205636568723783,0
0,0.051859253795913905,0
0,0.0005468190995995872,0
0,0.12618099273496916,0
1,0.29195341095144006,0
1,0.2005802212141937,0
0,0.42385157805710433,0
0,0.051540546656053884,0
0,0.594093506444769,1
1,0.5298883560097303,1
1,0.8191686636928426,1
0,0.06726591662612807,0
1,0.5343652187026553,1
0,0.0023533029705460713,0
0,0.012003444679502524,0
1,0.08961041549836514,0
0,0.02215478753146788,0
0,0.0001775325265488735,0
0,0.016630524808504424,0
1,0.4665235421026226,0
0,0.014033431086160635,0
0,0.006298201379183706,0
0,0.125962135737667,0
0,0.4404373204706661,0
0,0.7745816261438785,1
0,0.04447606080284341,0
0,0.018926384492348205,0
0,2.799509491287637e-06,0
0,3.3650588818516035e-06,0
0,0.02088719229828075,0
0,0.20518135859302042,0
1,0.5295121388647605,1
0,0.3100107967815326,0
0,0.03864233480154067,0
0,0.5782051475142205,1
0,0.05909515518421853,0
0,0.14058608736505626,0
1,0.5324585248825224,1
1,0.5703673065692486,1
1,0.5926943698337902,1
0,0.019585334662051274,0
0,0.0005888062459927706,0
0,0.008101552402726628,0
0,0.13861752017383783,0
0,0.1057807396587344,0
0,0.03490774413422515,0
1,0.4363727584447109,0
0,0.015032343749030187,0
1,0.7208189380373932,1
0,0.054064647411593336,0
0,0.02713281898887172,0
0,0.009627839012769349,0
1,0.764623449077847,1
0,0.12239935479275559,0
1,0.5980404913228035,1
0,0.29279485615575984,0
0,0.22905788002014313,0
0,0.0028011520631816026,0
1,0.48740079550099247,0
0,0.19145511024294712,0
1,0.5266550789598115,1
1,0.4824242538135514,0
0,0.07832977204043583,0
1,0.5204860995295557,1
0,0.36061473406098526,0
0,0.039344412365072974,0
0,0.17391041972297436,0
1,0.7629777739016592,1
0,0.007109421507770475,0
0,0.18052525782343012,0
0,0.060643350566803624,0
0,0.02540142720565572,0
0,0.022137010486831477,0
0,0.016510099129748025,0
0,0.0147841601960371,0
0,0.00120044017868716,0
0,0.021662833035792677,0
1,0.4470589930273542,0
0,0.00041121907718256784,0
1,0.8346707142956079,1
0,0.012187433188081753,0
0,0.009517348671075553,0
0,0.23538112396537333,0
0,0.029083099713642813,0
0,0.07219636225954199,0
0,0.031064009353396507,0
1,0.3747351274818465,0
0,0.0002457760248894086,0
0,0.1175696925607484,0
1,0.5394861528080617,1
0,0.011080842629821652,0
1,0.4956301483595935,0
1,0.5201393000037586,1
0,0.009304253366392547,0
0,0.22947478482966938,0
0,0.050132678798506844,0
0,3.935676759309546e-05,0
0,0.03950062002225536,0
0,0.0707947114785031,0
0,0.03923838209556153,0
0,0.0073361176036468995,0
1,0.5136484590367129,1
1,0.5370079291668298,1
1,0.4068623710353859,0
1,0.2877560322268484,0
0,0.2669135268616197,0
0,0.07726524574801534,0
1,0.49331762377949157,0
0,0.030777595513809684,0
1,0.43608755408251276,0
1,0.0462767255677209,0
0,0.2630761112951449,0
1,0.6880877292147521,1
0,2.032861078094485e-06,0
0,0.015909063072479867,0
0,0.3019124077413015,0
0,0.0022474299363352728,0
0,0.008972067634310856,0
0,0.0008335544004063589,0
0,0.6220197749454063,1
1,0.773894440146478,1
0,0.000604319312069908,0
0,0.07506559321048356,0
0,0.028206838951274956,0
0,0.033953652146500916,0
0,0.11288837499153397,0
0,0.01308686281702434,0
1,0.7694047271731219,1
0,0.06161968899449754,0
0,0.0596489457719333,0
0,0.4225636702935444,0
0,0.010534922333752406,0
0,0.6917349402912685,1
0,0.027252090038791924,0
0,0.0010188650665554574,0
0,0.006895613006108215,0
0,0.10151895586998672,0
0,0.0003823212721005882,0
0,0.0022270299663265047,0
0,0.05303785839044173,0
1,0.13368257866561403,0
0,0.0773441361687911,0
0,0.4521726056879224,0
0,0.025676914606002306,0
0,0.0644690980311008,0
0,0.6173048147467449,1
0,0.25800560155416,0
0,0.3143025154706753,0
0,0.0019470427948003698,0
0,0.10567798256380494,0
0,0.30630918876963703,0
0,0.5613975548610348,1
0,0.07071967190867656,0
0,0.0727334944730212,0
0,0.027488453655314393,0
0,0.019447708268182456,0
0,0.1383434582611529,0
1,0.791871447440371,1
0,0.1890346119344604,0
0,0.463648143426323,0
0,0.34411386186585896,0
0,0.004084323880630537,0
0,0.17443174288352803,0
0,0.8586472806706074,1
0,0.36243494892596256,0
0,0.0008434245688117374,0
0,0.0001389514821663601,0
0,0.08654758966615973,0
0,0.3879893593108654,0
1,0.46281694858526196,0
0,0.04864659514799572,0
0,0.013886319945238826,0
0,0.6931703768636212,1
0,0.6275553564440867,1
0,0.2780832571350123,0
0,0.012290036539882185,0
0,0.12441709579242166,0
0,0.1910855106469334,0
1,0.8055682459453374,1
0,0.2415545136250492,0
0,0.2906639756094803,0
0,0.288110435990209,0
0,0.009878570542078552,0
0,0.3673218985255914,0
1,0.4463184878989277,0
0,0.002242976157598834,0
0,0.009251249162159355,0
1,0.2049928606298102,0
0,0.3614893802576056,0
0,0.0011483679871563642,0
0,0.48858117805375056,0
0,0.0014351403524758847,0
0,0.6254100563742746,1
1,0.0941192080903274,0
0,0.4184224583567491,0
0,0.15180892316892478,0
0,0.20846655420217194,0
0,0.007951500816843527,0
0,0.00917037092164209,0
1,0.6184097153102047,1
1,0.47417176441042197,0
0,0.024272264206823567,0
0,0.0009428763237677521,0
0,0.08605921319089123,0
0,7.974790671096365e-06,0
0,0.008394060275905103,0
1,0.7846954137232971,1
0,0.0018588004315786457,0
0,0.09734546775476516,0
1,0.5219644972186169,1
0,0.033889468282311125,0
0,0.2171656937233906,0
0,0.01874927540585096,0
0,0.0070866048817593355,0
0,0.0008459656703288411,0
0,0.01195372280420779,0
0,1.3399000975287706e-05,0
0,0.26334457512863146,0
1,0.541670165286258,1
0,0.00016962834900630637,0
0,0.025517109408412536,0
0,0.0007356255160308595,0
0,0.41441661792671913,0
1,0.38667141757325296,0
0,0.15148236322067676,0
1,0.18036401626780543,0
1,0.7500937858977617,1
0,0.5656587591903122,1
1,0.8601864974741097,1
0,0.03186688677965739,0
0,0.763873852688241,1
0,1.215812227968068e-05,0
1,0.5708790071435409,1
0,0.004021801801195764,0
0,0.46063311092303005,0
1,0.28524432400292027,0
0,0.1421844138274775,0
0,0.10514804496204921,0
0,0.5712749406678277,1
0,0.0017265381830892292,0
0,0.015536270303348712,0
1,0.24580746908300602,0
0,0.0005333585282839161,0
1,0.5088555876983946,1
0,0.07504614424871389,0
1,0.8475360559808189,1
0,0.7735211835777552,1
0,0.0008869133542999851,0
0,0.297735580725838,0
1,0.5175416245240286,1
0,2.212889931611329e-06,0
0,0.011383071782773271,0
0,0.6954081494988056,1
1,0.7427963156307953,1
0,0.033770821791968254,0
0,0.010795316368244974,0
1,0.6632542302111328,1
0,0.08155876780681484,0
0,0.0016941865171136666,0
0,0.07172699237168775,0
0,0.24703367057783,0
1,0.7021048153122003,1
0,0.11817125024441834,0
0,0.01587188558058428,0
0,0.13294830264855179,0
0,0.1401642666383408,0
0,0.08866844525433455,0
0,0.13409926640005154,0
1,0.8433496334971864,1
0,0.08944465109569089,0
0,0.0417867127566057,0
1,0.3079985182633514,0
0,0.00011543871105393612,0
0,0.16334224283062856,0
0,0.7772130049880297,1
1,0.36886654704856897,0
1,0.4847004107363069,0
1,0.8762863490144661,1
0,0.06244564089086495,0
0,0.19905920903850433,0
0,0.0003863725272662052,0
0,0.06578682536678708,0
0,0.4548965649424055,0
1,0.3929005418736748,0
0,0.0124307950014199,0
0,0.00022332596637444078,0
1,0.31837260642686666,0
0,0.0013533794679309766,0
0,0.4080465374339103,0
0,0.029286453688027313,0
1,0.7035351585680227,1
0,0.05877696240227634,0
0,0.02620054368527304,0
1,0.8024672040031454,1
1,0.47240627794524437,0
1,0.7754611236432747,1
0,0.011672436694595119,0
0,0.46845640879630585,0
1,0.3700103978759342,0
1,0.18495588795355977,0
0,0.25507277588689947,0
0,0.333425105243554,0
0,0.021851553989904866,0
0,0.5271034016936923,1
0,0.0005157058749076909,0
0,0.5292648276516501,1
0,0.29605113116466353,0
0,0.016765204920817907,0
1,0.49184282654890266,0
0,0.02742830877915955,0
1,0.29178176747400525,0
0,0.4599240588221444,0
0,0.5420283877606152,1
1,0.6462405026255051,1
0,0.010828899609939272,0
0,0.03763274228985538,0
0,0.046984804206087895,0
0,0.032623194423450325,0
0,0.24141844910974017,0
0,5.831750408864651e-05,0
0,0.3200175761798509,0
0,0.11895944052781034,0
1,0.053202596041484966,0
0,0.14638853136798738,0
0,0.011423984527961936,0
0,0.07584521959049108,0
1,0.6550316934593454,1
0,0.039953267167306065,0
0,0.11283003128621591,0
0,0.029808311342326595,0
0,1.59650138688415e-05,0
0,0.035526511369719495,0
0,0.002556271929905312,0
0,7.350670833882621e-06,0
1,0.6658801496741877,1
0,0.2741364989430254,0
0,0.01816659206653254,0
0,0.15846074753157735,0
0,0.03089916926424966,0
1,0.20729766253133802,0
0,4.976932263124394e-05,0
0,0.11027330485989617,0
1,0.588196771369249,1
0,0.2474586856770957,0
0,0.2626229194744607,0
0,0.0059162414235719284,0
1,0.8255610555983176,1
0,0.09614158707366957,0
0,0.030243254903047526,0
0,0.023447657387974826,0
0,0.13719434962194763,0
0,0.05509176060868114,0
0,0.10024126743615455,0
0,0.4197427484730867,0
0,0.00886508836418945,0
0,0.0030314624044248985,0
0,0.16044144044490663,0
1,0.667941381021798,1
0,0.08181495916631039,0
0,1.8620462389220718e-05,0
1,0.7896830625485476,1
0,0.4081266745989625,0
1,0.386479433451808,0
0,0.5076732778443621,1
1,0.6862291678369303,1
0,0.16062070877188708,0
0,0.5286230429888681,1
0,0.22533117613289771,0
0,0.17724242279647512,0
0,0.02035557323050864,0
1,0.732801025021263,1
0,0.0008807569228986203,0
0,0.7452762357989436,1
0,0.11254159709626886,0
0,0.2966158486933308,0
0,3.788519499682586e-05,0
0,0.3692262294081527,0
0,0.16062554986403768,0
0,0.2709100383496242,0
0,0.0007971613082579323,0
0,7.087426795565804e-05,0
0,0.026297106251116007,0
0,0.5304192481260009,1
0,0.06043120785830555,0
0,0.00023058417402988524,0
0,0.026233844681270775,0
0,0.08406136430893557,0
1,0.8612871496883242,1
0,0.018770574957039505,0
0,0.028848667517897844,0
0,0.019927270328658802,0
1,0.06799039718780524,0
0,0.6777057713126736,1
1,0.6913429527791627,1
0,0.006634766134156521,0
0,0.2646891727551191,0
1,0.4541838597354264,0
0,0.2232687818269405,0
1,0.8204824444432162,1
1,0.5249551118141024,1
0,1.5970654878133138e-05,0
0,0.5760796895084865,1
0,0.13709895037659392,0
0,0.2743491444593917,0
0,0.17042900485757947,0
0,0.14137380416173853,0
0,0.00034746560465180647,0
0,0.0019082675091143275,0
0,0.3899374146524691,0
0,0.5653027792513998,1
0,0.3412457296617594,0
0,0.39771270416770604,0
0,0.0033181212995573865,0
1,0.14952799287623875,0
0,0.0022934239911910886,0
0,0.12526339376877033,0
1,0.31305473701333303,0
1,0.7466536238111255,1
1,0.8160738367983106,1
0,0.17055793943704575,0
0,0.013626817088612794,0
0,0.01188305187882353,0
0,0.040151737221115966,0
0,0.2876576774921369,0
0,0.18910546101707434,0
0,0.5506980525299252,1
1,0.13501054580532487,0
0,0.0004958703533054891,0
0,0.0008079420852028068,0
0,0.057164650432226814,0
0,0.06311419668150574,0
0,0.00867794690798445,0
1,0.8563743174976832,1
0,0.0007790636302454334,0
0,0.2626394941889211,0
1,0.5792082670408767,1
1,0.6390771543423039,1
0,0.38735394467947276,0
0,0.020329646820193725,0
0,0.004334497742304315,0
1,0.9573593245872856,1
0,0.6267025377269351,1
0,0.0013326001634539467,0
0,0.19039499781717792,0
0,0.3978133081946728,0
0,0.026136737841696987,0
0,0.00023100395790293533,0
0,0.06630121319040846,0
0,0.2200295885183691,0
0,0.03361593604039505,0
1,0.22788674380064378,0
0,0.025193159696954275,0
0,0.00035418839547369136,0
0,0.2142103666308136,0
0,0.40187784749066,0
1,0.5467411953354128,1
0,0.03290394237405069,0
0,0.07180038893035263,0
0,0.0016505857765584137,0
1,0.6481885787787118,1
0,0.03941091359453361,0
0,0.15936781207842932,0
0,0.027351858157326513,0
1,0.08048429278380247,0
1,0.47012615465714164,0
0,0.015836227488490135,0
0,0.03321428624808834,0
0,0.4364398136280484,0
0,0.11977728499881377,0
0,0.01343591364530292,0
0,0.09384077230714742,0
1,0.515257040514135,1
0,0.04652096771858035,0
1,0.5733674071143497,1
1,0.7041759340926181,1
0,0.09147299866155391,0
0,2.2340201291351937e-05,0
0,0.08744308962469469,0
1,0.13934548466721447,0
0,0.0008556746916692876,0
0,0.009789465218800232,0
0,0.06507742966474651,0
0,0.0005693557844962597,0
0,0.024618505530871488,0
1,0.33331861856626926,0
0,0.1692383569402745,0
1,0.21909009685044506,0
1,0.8113685880842219,1
1,0.7647521746850928,1
0,0.051994169121782355,0
0,0.01566636621142404,0
0,0.05369694305432746,0
0,0.020269432179158928,0
0,0.03883831276416006,0
0,0.16474643160192823,0
0,0.04150746953528679,0
0,0.1338500432141699,0
1,0.8293854617508195,1
0,0.11717583188048761,0
0,0.07859384300147831,0
0,0.12541107178010572,0
0,0.12149106917325835,0
0,0.0010403461246835603,0
1,0.8054478265442439,1
0,0.11559855426601975,0
0,0.013502351983147925,0
0,0.27304078863974063,0
0,0.01693786375195853,0
0,0.006342873871578728,0
0,0.012176118739076749,0
0,0.21377741020789834,0
0,0.1387517513377946,0
0,0.015078092247038094,0
0,0.2869300569479514,0
0,0.002901249547400892,0
0,0.003748241856734483,0
0,0.02264727630433563,0
1,0.5166560499063367,1
0,0.0024199156589036833,0
0,0.03206710291778364,0
0,0.3931903073153256,0
1,0.45417532174338326,0
0,0.011957458574536011,0
0,0.24463652249637072,0
0,0.5913919239571267,1
0,4.7212216816056585e-05,0
0,0.178623496611617,0
0,0.47618152471098846,0
0,0.30780197408525195,0
0,0.00010587901181581915,0
1,0.8125802773869216,1
0,0.2268712198349562,0
1,0.7659027647827565,1
0,0.044923086884939595,0
0,0.3642750860340112,0
0,0.0009878642585500665,0
0,0.04986512358736672,0
0,0.06532161498659238,0
0,0.845310916760612,1
1,0.6990206541692608,1
1,0.7474566998962701,1
0,0.15974362907883935,0
0,0.7522173116062183,1
0,0.0901014398101163,0
0,0.04316582493077321,0
1,0.3802173225009448,0
1,0.8630225142914931,1
0,0.25206524962915333,0
0,0.049153053315542594,0
0,0.05348949978186349,0
0,0.4302932392937132,0
0,0.032320924390726244,0
1,0.3919563477632184,0
0,0.02818776040731232,0
0,0.030732200633269896,0
0,0.0032136778489399616,0
0,0.013542489817995535,0
0,0.026051910576026915,0
1,0.6519102891584728,1
0,0.45462613980594346,0
0,0.31202771636205423,0
0,0.5084294996110714,1
0,0.0005531623354582652,0
0,0.5354417737780792,1
0,0.5025082359007069,1
0,0.012399198884636562,0
0,0.28872122818745033,0
0,0.5428132964054398,1
0,0.01848614433907315,0
1,0.46004322866549785,0
1,0.8054784351265959,1
0,0.0003956303360212652,0
0,0.4367938572388206,0
0,4.022411226172499e-06,0
0,0.011056867081592942,0
0,0.024553984088269837,0
0,0.22461167068339866,0
0,0.018760296497079842,0
1,0.5813037292876562,1
0,0.012915574160545971,0
0,0.03715918916375365,0
1,0.1959246638664221,0
0,0.05094743741385885,0
0,0.0004944882388938705,0
0,0.2747513503736486,0
0,0.22447689962110257,0
0,2.7223702916335333e-05,0
0,0.008413137034847121,0
0,0.03905834352492965,0
1,0.8256379121710502,1
0,0.1894436186840356,0
0,0.0030874356713404163,0
0,0.5170841683094622,1
0,0.0008633837493774138,0
0,0.15734770688282987,0
1,0.5352088023509379,1
1,0.8360029085764206,1
0,0.10232040156300858,0
0,0.2279161208520521,0
0,0.05675577586793626,0
0,1.010829869924515e-05,0
1,0.28042119169958135,0
0,0.6017500317163115,1
0,0.1615670535309445,0
0,0.6033218473845173,1
1,0.6082638106172518,1
0,0.013567262059020653,0
0,0.2786614071877968,0
0,0.30892181252190254,0
0,0.0013146759720557366,0
0,0.06047184141094334,0
0,0.16367134168399028,0
1,0.36180468888605405,0
0,0.21194367893437635,0
0,0.014713349276148466,0
0,0.025202800175035175,0
0,0.3742593891890804,0
0,0.24521532952877884,0
0,0.10107825281869569,0
1,0.8405038958691933,1
1,0.16068408248368907,0
0,0.08074222235993597,0
0,0.2423411891575266,0
1,0.5640466755250414,1
0,0.1553002583189467,0
0,1.043584334129766e-06,0
0,0.0075932687319102115,0
0,0.11055818177001406,0
0,0.6908640942435973,1
0,3.714395102661103e-05,0
0,0.03857066042982159,0
0,0.7035743665138836,1
1,0.02254717267712883,0
1,0.30963852931539204,0
0,0.0030853378830667756,0
1,0.6570950585374453,1
0,0.036339158642995445,0
0,0.04420447622222508,0
0,0.21680873821591234,0
0,0.8687797663437614,1
0,0.016720172650309915,0
0,0.5369127191805568,1
0,0.14509514238752264,0
0,0.03417042611136009,0
0,0.1688972245880588,0
0,0.0007076333727183545,0
1,0.6749483884190149,1
0,0.003598255267349757,0
0,0.001865477174694209,0
0,0.003936311282855218,0
0,0.034073899790527606,0
0,0.014106200662643236,0
1,0.7161959705566299,1
0,0.17500243594210607,0
1,0.7554058314941886,1
0,0.0005243383730473576,0
1,0.47615459736521976,0
0,0.0026081167798935804,0
0,0.10836480897966967,0
0,0.0031532524363917912,0
1,0.3929600496810503,0
0,0.07576237501153762,0
0,0.019021303589253854,0
0,0.004356323984108408,0
0,0.2905757414716632,0
0,0.7374760571028022,1
1,0.8451020968483525,1
0,0.075023793586724,0
0,0.2497702926418549,0
1,0.5510331203989288,1
1,0.8656413687341548,1
0,0.055047898475744754,0
0,0.08061536984955286,0
0,5.40711755714725e-06,0
0,0.009663625527956368,0
0,0.05368106835630881,0
0,0.4688100710541641,0
1,0.33517711522081994,0
1,0.8493167523785652,1
1,0.18923650264547653,0
1,0.6867900329710707,1
1,0.4236081732184329,0
0,0.43869741042799204,0
0,8.598043066738451e-05,0
0,0.3777429745092822,0
1,0.34108093932388733,0
0,0.011386029289679198,0
0,0.10499651592405203,0
0,0.015013392225665166,0
0,0.2429473467915225,0
0,0.3167516729562359,0
0,0.0002910911127525384,0
0,0.011938956202631768,0
0,0.155300093016963,0
0,0.004513997299559587,0
1,0.6567621936248856,1
0,0.16875155088597307,0
0,0.3131476630918125,0
0,0.5941484223399395,1
0,0.028435574773925474,0
1,0.887700294519324,1
0,0.060337328833760466,0
0,0.00660930545537068,0
0,2.675921935729779e-06,0
0,0.1687381412590991,0
0,0.030251415289104723,0
0,0.4135090083326115,0
0,0.20680535966569846,0
0,0.05479364775880385,0
0,0.03190722125071313,0
0,0.00010213363984549064,0
0,0.18034894422745829,0
0,0.12865281013708915,0
1,0.5699262497182043,1
0,0.05014679639508528,0
1,0.11044011125698658,0
0,0.022101662054597286,0
0,0.13929956350920347,0
0,0.11438058411493462,0
0,1.6138712326449887e-05,0
1,0.5929856590110286,1
0,0.0034440277868429915,0
0,0.022108585342057712,0
0,0.002438076191497846,0
1,0.2724443898257749,0
0,0.00011919957704751854,0
0,0.3853828823521241,0
0,0.013401846083726632,0
0,0.11640815954396859,0
0,0.06847933979061147,0
0,0.18855969543135184,0
1,0.5733763280548743,1
1,0.6121519983788566,1
0,0.2637647608119473,0
0,1.948582536256884e-06,0
0,0.09574543000289876,0
0,0.07929568126783229,0
0,6.864690264661871e-05,0
0,0.02654175894540598,0
1,0.46093407188148366,0
0,0.08470936897035146,0
1,0.26508660441586923,0
0,0.0981058328401948,0
0,0.017098798856470455,0
0,0.11752299931959206,0
1,0.6071006690604014,1
0,0.43596835942132806,0
0,0.36286577099447825,0
1,0.8571009959422601,1
0,0.1433048860116753,0
0,0.2079020526382598,0
0,0.0031728926611595907,0
0,0.4565647592727756,0
0,0.14314903940165774,0
1,0.6504770364266376,1
0,0.02023535198083085,0
0,0.7226966704811607,1
0,0.16576131674471145,0
0,0.38737346506077575,0
0,0.07503236587347958,0
0,0.621549425250909,1
1,0.8581083999281868,1
0,0.005157952238279119,0
1,0.7014644237312789,1
0,0.0492331776426036,0
0,0.14668928301341766,0
1,0.18497333026508242,0
0,0.10226726767422839,0
0,0.11340352972128885,0
1,0.7714193340079786,1
0,0.3359777195671125,0
1,0.9325039513431091,1
0,0.10830576067992564,0
0,0.0007360501787256156,0
0,0.4193952585185879,0
1,0.5166577697007626,1
1,0.4536932642597883,0
0,0.02029423050452124,0
0,0.00022242257695366814,0
0,0.0003675978810448911,0
0,0.4309679622396087,0
1,0.6267773871556012,1
0,0.284048572311789,0
0,0.0036972229760984456,0
0,0.01935045668529193,0
1,0.8715463992199562,1
0,0.04281448748437832,0
0,0.082286031082776,0
0,0.050028665274885045,0
1,0.6570771828688462,1
0,0.22704969299393923,0
0,0.48172328835017414,0
0,0.19355668763869213,0
1,0.5479091258287234,1
1,0.40154034228904995,0
1,0.3651106348026941,0
0,0.012627276339677232,0
0,0.00470815880452276,0
0,0.010270353181460764,0
0,0.1500590222703283,0
0,0.21345866353644383,0
0,0.05156566633091298,0
0,0.043643537932592,0
0,0.01429776580166117,0
1,0.8200536374090448,1
0,0.030798196822828347,0
0,0.03690890182324286,0
0,0.12776059580685667,0
0,0.5860492921244543,1
1,0.7243304574416153,1
0,0.08553262805660726,0
1,0.7453627165875512,1
0,0.7484694668348558,1
0,0.5296060516833677,1
0,0.18318651994945467,0
1,0.08438461992650098,0
0,0.4057593805762607,0
0,0.17007773908000132,0
0,0.1624300644601628,0
0,0.03670738094205385,0
0,0.007844632872352507,0
0,0.05560136463982591,0
0,8.447254483782534e-05,0
0,0.005482647720257322,0
1,0.22557103010422516,0
0,0.1175737928544144,0
0,0.08713804963033396,0
1,0.5404590903515425,1
0,0.21080965420923847,0
0,0.029109436696356756,0
1,0.79582083625517,1
0,0.3439150036997873,0
0,0.018787915773866716,0
0,0.019517146883769255,0
1,0.9333106824397204,1
0,0.05447114764160813,0
0,0.129116773664494,0
1,0.8083140167926604,1
0,0.2610073210941549,0
0,0.002725873969369202,0
0,0.4769627475687602,0
0,0.0640359394834256,0
1,0.7549385648494854,1
0,0.011121405314724747,0
0,0.002543816540636802,0
0,0.049509068819250227,0
0,0.6846578212026829,1
0,0.005834821108310014,0
1,0.6809306571508646,1
0,0.0436317088768768,0
0,0.011474602251999805,0
0,0.07629935134174093,0
0,0.006448597539593494,0
1,0.6802418507533312,1
0,0.15652312213108335,0
0,0.008939141819444161,0
1,0.5077366199173372,1
0,0.08416312814077669,0
0,0.2737622562371274,0
1,0.4355030991148162,0
0,1.3180273779840904e-05,0
0,0.042811324344420025,0
0,0.08497688866059296,0
0,0.0132045396565592,0
0,0.026738148550211994,0
0,0.27478632328337654,0
0,0.8480751046238473,1
0,0.02401130426732214,0
0,0.010609694238091372,0
0,0.022450246254528267,0
0,0.025186757974245997,0
0,0.006673082342278276,0
0,0.7039162506694583,1
0,0.09306497509576146,0
0,0.02539081730152589,0
0,0.7986524316425185,1
0,0.10768095288119219,0
0,0.14586124503253936,0
0,0.03647429144369251,0
0,0.7234025556629841,1
0,0.37052237611520294,0
0,0.00039562524090347033,0
0,0.050966661524777766,0
0,0.000596962101509927,0
0,0.43784236439285684,0
0,0.0076607271126810225,0
0,0.028200897433264406,0
0,0.22161000104806078,0
0,0.017145154053233566,0
0,0.28630216653564566,0
1,0.5748172363096423,1
0,0.4173206581890504,0
0,0.0009407261442889349,0
0,0.05896906820486376,0
1,0.5617839650900435,1
0,0.20456950706622473,0
0,0.0002365063594848993,0
0,0.3152336212908656,0
0,0.11025809627394093,0
0,0.17164089280413697,0
1,0.8246895904252612,1
1,0.31495481485589644,0
1,0.8841698998596917,1
0,0.31164579845557927,0
1,0.2844457857934549,0
1,0.869842073241633,1
0,0.5501619792004951,1
0,0.000608501499502233,0
0,0.07886578973203195,0
0,0.03163667803033838,0
1,0.5770713490278239,1
1,0.06658728793564596,0
0,0.12947840682578282,0
1,0.9351961316320743,1
1,0.6525421984314879,1
1,0.9086013461538729,1
0,0.23435091975324898,0
0,0.32004004143372966,0
0,0.23662716236559114,0
0,0.18375676649401132,0
0,0.015616982077825803,0
1,0.7707535875850173,1
0,0.2464891928979015,0
1,0.39902915765454566,0
0,0.15608108942204962,0
1,0.036030272415654326,0
0,0.0706764575135936,0
0,0.00011782784822757369,0
0,0.0002945313798075936,0
1,0.3878219366461555,0
0,0.040220492660115126,0
0,0.6394993202195051,1
0,0.06672118866831908,0
0,0.003139842329888402,0
0,0.17191587328195468,0
0,0.24220989870965062,0
0,0.5226829722763185,1
1,0.8816870512227957,1
0,0.0021051145717117838,0
0,0.026701250755837857,0
0,0.026680110190622382,0
0,0.13667850139859444,0
0,0.004883612607179311,0
1,0.69147080155247,1
0,0.2968331197340704,0
0,0.04625341520775018,0
0,0.004125569984718393,0
0,0.1079381539612809,0
0,0.23162853291172075,0
0,0.3410851409240625,0
0,0.03372147720680002,0
0,0.3346748216280751,0
0,0.29302965206677506,0
1,0.704959724160476,1
0,0.013614475861900304,0
1,0.7902177654744593,1
0,0.09432215642769216,0
0,0.018176379190976467,0
1,0.2732976624106495,0
0,0.0020356147218848373,0
0,0.03307588537837709,0
0,0.43411626008874915,0
0,0.02962840060910929,0
0,0.010110232794192153,0
0,0.023973369325908944,0
0,3.3724800658761284e-06,0
1,0.32930840743648027,0
1,0.31175235373418503,0
0,0.03918618607764463,0
0,0.0027328543403811064,0
0,0.0007505712308133324,0
0,0.005248636336960687,0
1,0.5125526509128232,1
0,0.023826603301245013,0
0,0.00034056464470749183,0
0,0.06387876682883148,0
0,0.010965005308989138,0
0,0.001368203220693788,0
0,0.0004194641034519943,0
0,0.39423592624167303,0
0,0.16551752497844008,0
1,0.3496861320825909,0
0,0.3686267569594923,0
0,0.000132612893413521,0
0,0.7378042475941965,1
1,0.7850014543685782,1
1,0.6053432767675726,1
0,0.015261959563037095,0
0,0.07344495394995083,0
0,0.29539021550690936,0
0,0.02911308578279235,0
0,0.015562174471663593,0
0,0.45080894069416305,0
0,0.06348753087601412,0
0,0.045727162362577414,0
0,0.026351471372128458,0
0,0.0014050117549719197,0
0,0.14418512665370273,0
0,0.051652305513882626,0
0,0.021647822534388687,0
0,0.026618628139419162,0
0,0.015090337071821648,0
1,0.8764339931581177,1
1,0.8481453160520421,1
0,0.34095686242598433,0
0,4.8440603186512216e-05,0
0,0.1318317517701026,0
0,0.0033104317602042797,0
0,0.06800692366485692,0
0,0.6186586699227361,1
0,0.5371457100179234,1
0,0.4863840736506932,0
0,0.004482274287952857,0
0,0.004695251508961375,0
1,0.9474440187956661,1
0,0.06226281403111895,0
0,0.43291469950516104,0
0,0.2864839300554894,0
0,0.00659006122808172,0
1,0.3648455458219312,0
0,0.8244169810911978,1
1,0.7154095933906996,1
0,0.002553414014849473,0
1,0.6268347834674849,1
1,0.33116178601159624,0
0,0.4733423848863951,0
0,0.3532047087886588,0
0,0.4166773172695801,0
1,0.679345716684552,1
1,0.1614946519727455,0
1,0.11832372212896364,0
0,0.16340301835229132,0
0,0.48181869521429355,0
0,0.2192991203009655,0
0,0.007518869919167653,0
1,0.5234632209740413,1
0,1.234721879817967e-06,0
0,0.22253080759963112,0
1,0.8403394650075475,1
1,0.4607982768754119,0
0,0.2772647092810046,0
0,0.007402121479651965,0
0,0.24198230830752857,0
0,0.036127709993586506,0
1,0.8071466716137988,1
0,0.18513102312180044,0
0,0.4322720716021357,0
0,0.0034350206805917917,0
0,0.018411639309354143,0
0,0.000841862992388778,0
0,0.22937863092147104,0
0,0.0009524343387399862,0
1,0.5229552744463511,1
0,0.08507182977079407,0
0,0.4895669907589637,0
0,2.2699357321074073e-06,0
0,0.08939852629932347,0
0,0.43619416920771675,0
0,0.0628182355487871,0
0,0.22437131437635358,0
0,0.028539783016508526,0
1,0.8686820718016912,1
0,0.2633938331597184,0
0,0.057403588865625396,0
0,0.08654996096524503,0
0,0.0614430079134319,0
1,0.29700937930652893,0
0,0.01120655908629772,0
1,0.849244885618277,1
1,0.4253279336374786,0
0,0.018277194589648677,0
1,0.06620906015817832,0
0,0.39412296788483925,0
0,0.5377591831467441,1
0,0.003788627079160631,0
1,0.6280861337251821,1
0,0.08551964644000355,0
0,0.002879400098771785,0
0,0.0162199908008977,0
0,0.0013318076817585198,0
1,0.7201501390036781,1
0,0.2938403086798921,0
0,0.07251751088823434,0
0,0.05964650047374157,0
0,0.3018292272000646,0
0,0.076945896104339,0
0,0.006126704187060646,0
0,0.02331092208835295,0
0,0.012892745885936356,0
0,0.6575054011961535,1
0,0.0007993466214346042,0
0,0.07982560230977695,0
0,0.6266857931623526,1
1,0.04137073964961476,0
1,0.3519439577301853,0
0,0.02386710556420469,0
1,0.5492755599408675,1
0,0.02529329896356895,0
0,0.07238274163847418,0
0,0.04239383463451491,0
0,0.06734011426780714,0
1,0.8254361448093013,1
0,0.01644914402477872,0
0,0.3407267072670206,0
0,0.11222257388218977,0
0,0.36229770554365875,0
0,0.49248856486992076,0
1,0.20543687933598392,0
0,0.011532850055669097,0
0,0.06850465910368665,0
1,0.027824693472320933,0
0,0.05313764867080113,0
0,0.1679552416152053,0
0,0.38076491644110716,0
0,0.09087916723079162,0
0,0.870922107494459,1
0,0.014564955471199294,0
0,0.2597841404851339,0
1,0.16874540070821228,0
0,0.041409219789103245,0
1,0.20832157910501287,0
0,0.12606472920289655,0
0,0.02428120137442525,0
0,0.31989012074477535,0
0,0.11222470161460925,0
0,0.454219117826814,0
0,0.0006492988760858383,0
0,0.14051613052209885,0
0,0.2461594887710834,0
0,0.001308692139894895,0
0,0.038376704725846984,0
0,0.0071515749624933705,0
0,0.8870143103655266,1
0,0.004275811626563831,0
0,0.025068011442489564,0
1,0.7374348499955005,1
0,0.029006769467377184,0
0,0.28480412344078115,0
0,0.40184944186883437,0
1,0.48090021515263165,0
0,0.04536349728460177,0
0,0.011059866574432874,0
0,0.07182424265782984,0
0,0.029982241078558205,0
0,5.840230772454792e-05,0
0,0.001034430882721098,0
1,0.17995018413746822,0
1,0.866906649562316,1
0,0.02154135855637491,0
0,0.15523922138052113,0
0,0.9190358236526137,1
0,0.01905746498214094,0
0,0.9435577520322633,1
1,0.09256673730859487,0
0,0.016470765713090293,0
0,0.02092894364228795,0
0,0.32778047107888475,0
1,0.7643930998830725,1
0,0.017750269860018496,0
0,0.008433337928235517,0
1,0.42018330605292914,0
1,0.9248167196728054,1
0,0.10790490762801822,0
0,0.5950714244924373,1
1,0.3570159954587727,0
0,1.1168248700815415e-05,0
0,0.051760651374679105,0
1,0.39130334526343447,0
0,0.05446934812338361,0
0,0.055896964667181505,0
0,0.7947529871046788,1
0,0.7594311449075993,1
0,0.008035251030289622,0
0,0.033521709259579965,0
0,0.3590960077543266,0
0,0.09232312014620686,0
0,0.0038497976033245577,0
0,0.22362074303441418,0
0,0.04497660397759523,0
0,0.0008805573543700037,0
1,0.2481862981879603,0
1,0.365037863954232,0
0,0.0018635241991586337,0
0,0.1569291350547048,0
0,0.0003059702252001494,0
0,0.4755475241763928,0
0,0.1356577110836431,0
1,0.17990813947068918,0
0,0.039565600612777425,0
0,0.007769174617180243,0
0,0.08352458770422658,0
1,0.23058169218236768,0
0,0.7166721611698663,1
0,0.02888712143289844,0
0,0.022565495941263967,0
0,0.41242733884339233,0
0,0.02787724283826334,0
0,0.10365681152552082,0
1,0.34539098480189756,0
0,0.300245986966224,0
1,0.3872581622325305,0
0,0.017232633191633925,0
0,0.009616934955697438,0
1,0.007115589270776133,0
0,0.025938186183189736,0
1,0.9596948059128296,1
0,0.011195689591195266,0
1,0.8010747718689651,1
0,0.20173369586216525,0
0,0.8364915449395169,1
1,0.5624239633378331,1
0,0.08743436709949014,0
0,0.00014347377522728783,0
0,0.02135837547174409,0
0,0.0025431857519011814,0
0,0.18814776422929858,0
0,0.21840782308115264,0
0,0.017291504852020197,0
0,0.10955033930483946,0
0,0.008734268318495844,0
0,0.5018141093011701,1
0,0.6068637016292564,1
0,0.016850601839022532,0
0,0.07817550001597315,0
0,0.01638404642146752,0
0,0.45244516300070825,0
1,0.6755313846523403,1
0,0.08298922184131653,0
1,0.7953706706880121,1
1,0.7152240773282313,1
0,0.004512077064806418,0
1,0.6185458756895648,1
0,0.013168929754808755,0
0,0.18002396402010326,0
0,0.004069060518628119,0
0,0.06418129656196814,0
0,0.033683178838099195,0
1,0.6837544441934479,1
1,0.17375733242636107,0
0,0.025397403142757874,0
0,0.07789366136355722,0
0,0.49505927798137567,0
0,0.0995987501553759,0
1,0.6678697203762012,1
0,0.0027183749116824235,0
1,0.28041511546795284,0
1,0.44279529519054867,0
0,0.06587442798121411,0
0,0.004427744595772875,0
1,0.3055121968269291,0
0,0.08272287768972117,0
0,0.0031832924789859693,0
0,0.05228910085785504,0
0,0.37085523794752834,0
0,0.6029942495125475,1
0,0.3088912963683074,0
0,0.3444839372943068,0
0,0.10689752547021028,0
0,0.06122315408288207,0
1,0.01255974973146955,0
0,0.11230627929258047,0
0,0.49848757320400333,0
0,0.01712298458354767,0
1,0.32497043351570215,0
0,0.01578850489209541,0
1,0.41483682743462597,0
0,0.15963709793055825,0
0,0.32563110185552385,0
0,0.7320861567954418,1
1,0.45750816448298964,0
1,0.6330070099802264,1
0,0.4026899139174647,0
0,0.10503845570928091,0
0,0.04971146313033113,0
1,0.7997485386742534,1
0,0.7972799064045352,1
0,0.6705413190567923,1
0,0.11438451903252626,0
0,0.005638506471290699,0
1,0.5714216281639194,1
0,0.0018544043307928098,0
0,0.017364038051896315,0
0,0.2083217507172438,0
0,0.24534788796823706,0
0,0.33413521430955706,0
1,0.8280770926786458,1
1,0.8461341174543826,1
0,0.2807443207161944,0
0,0.006176896221957191,0
1,0.5560953604670859,1
0,0.029257880508567605,0
1,0.49397252946305636,0
1,0.4801340515173339,0
0,0.0035028287862883646,0
0,0.00043284707228212585,0
0,0.12811689561374526,0
0,0.01476478652082466,0
0,0.26761879071884437,0
1,0.7675389803993158,1
0,0.12727624441043595,0
1,0.4407556091423525,0
0,0.004501067050594749,0
0,0.012273536856542165,0
1,0.050127221668162796,0
1,0.18507197921566024,0
0,0.4781885115820051,0
0,0.19442785443949515,0
0,0.0033327816849279815,0
0,0.4332133502193893,0
1,0.9682309532629606,1
0,0.3035329108430744,0
1,0.6724420412236629,1
0,0.0013910822322222608,0
1,0.3051084514675323,0
0,0.6835488623767372,1
1,0.41627191389089624,0
0,0.001058569955477837,0
0,0.08187886073031943,0
0,0.032234751515876604,0
1,0.7622076699889218,1
0,0.7010545302333449,1
0,0.42024234336313465,0
0,0.48850673722941584,0
0,0.0015014155255701968,0
0,0.3510263986542372,0
0,0.17968498057246216,0
0,0.010885254657436413,0
1,0.2658713758107652,0
0,0.21536089534434147,0
0,0.49420230476032617,0
0,0.33818483661184434,0
1,0.8062336377253894,1
0,0.018083235557920244,0
0,0.05670749942567359,0
0,0.02408651806775631,0
0,0.11322488450890146,0
0,0.3290760762344117,0
0,0.21704437927268366,0
0,0.07695672568543159,0
0,0.000918455902580279,0
0,0.2410498705254793,0
0,0.3725023111056596,0
0,0.01502124796029627,0
0,0.1549889941197743,0
1,0.6381098665789735,1
0,0.4529892138895734,0
0,3.854332456540537e-05,0
0,0.03262120023634756,0
0,0.008020828937319011,0
0,0.05229693273675238,0
0,0.0017697728437194482,0
0,0.6494961505895815,1
0,0.1519281065850932,0
0,0.016020737949091174,0
0,0.1292290361162113,0
1,0.6192726842532068,1
1,0.034780336535243914,0
1,0.526977852151671,1
1,0.27283961558775577,0
0,0.03945261690057038,0
0,0.002619796340135591,0
0,0.15300763727821476,0
1,0.6654476033649662,1
1,0.33108283365585534,0
0,0.2325639566430768,0
0,0.02005505387737264,0
0,0.008378607925557746,0
0,0.012189473538087118,0
0,0.02958124701753548,0
1,0.06470824151631972,0
0,1.5619137770097364e-06,0
0,0.04644555321511501,0
1,0.8339008900188966,1
1,0.342935398850516,0
0,0.004391072281598729,0
0,0.33952073606734046,0
0,0.017163864935633117,0
0,0.06034057621543727,0
0,0.012983685073828428,0
1,0.6859599067959574,1
0,0.0015913960448593653,0
0,0.03376837930119697,0
0,0.37703248332553807,0
0,0.24271175317175117,0
0,0.19813080544441294,0
0,0.00020222950559647276,0
0,0.07930546938227485,0
1,0.37087195353068947,0
0,0.021964470882993317,0
1,0.20082797754845805,0
0,0.0613733616219017,0
1,0.4727471132724325,0
0,0.7332347217910107,1
0,0.3049647536536864,0
0,0.042271501645661055,0
1,0.2652366590821326,0
0,0.008950083903724563,0
0,0.07855975795143899,0
0,0.04029163042394598,0
0,0.02794066445144528,0
0,0.22293816533468472,0
0,0.02244181262927459,0
0,0.10483290921965639,0
0,0.0038233080239671153,0
0,0.024607414100531445,0
0,0.20306052845620615,0
0,0.03164842626651358,0
0,0.02520533525166064,0
0,0.00812694859144385,0
0,0.00376386778502843,0
0,0.0948831965077799,0
0,0.052193891693781906,0
1,0.9363988537572512,1
0,0.284822158998551,0
0,0.05477855868117028,0
0,0.009910013565760701,0
1,0.7762143874154076,1
1,0.27774068897065024,0
0,0.0003869669558098926,0
0,0.004761996202155506,0
0,0.7760616228267057,1
0,0.00316233402450532,0
0,0.07631792042719678,0
0,0.09293409283782816,0
1,0.8387369963231062,1
0,0.03515200859485031,0
0,0.6830426873229126,1
0,0.560457416119423,1
0,0.37861484204213913,0
0,0.0027218757696752392,0
1,0.8689143927491132,1
0,0.03321521118916621,0
0,0.08668526401301614,0
1,0.2842468659609475,0
0,0.033322446518719115,0
1,0.2558075556449411,0
0,0.14227949815783592,0
1,0.7842686807830567,1
0,0.19057952704669293,0
0,0.00029727865090088473,0
0,0.010804566391691502,0
0,0.7446708405037928,1
0,0.02267546024847644,0
0,0.10109225398142707,0
0,0.2713217350678814,0
1,0.6117771449389898,1
1,0.8126033831440801,1
0,1.0218674460212414e-05,0
0,0.13630294280105432,0
0,0.41760375600836336,0
0,0.21894573323704375,0
0,0.009516444514475348,0
0,0.3679480786083395,0
0,0.15508841929483752,0
0,0.0199404715469813,0
0,0.0007002192849141234,0
0,0.46291342256718027,0
0,0.10992842377336405,0
1,0.317601131946651,0
0,0.02859390181652109,0
0,0.17206292919671543,0
0,0.11720131443196333,0
0,0.43509098693500126,0
0,0.005400354647013416,0
0,0.534186811014528,1
0,0.44804227956494963,0
0,0.04532183354957548,0
0,0.04067811467930578,0
1,0.3408410797654494,0
1,0.9002608560352524,1
0,0.06682197725055677,0
0,1.2321760074877974e-05,0
1,0.6495803443407137,1
0,0.42941594512222464,0
0,0.12794358475800882,0
1,0.44714969726077175,0
0,0.2347349770975521,0
0,0.5718325527317036,1
0,0.006689740752200979,0
0,0.0007940031022175941,0
0,0.3626145861708862,0
0,0.004087007060003881,0
0,0.23875116184798462,0
0,0.19551534715268223,0
1,0.32104160259229486,0
0,0.004906585337907619,0
0,0.002764727739574264,0
0,0.3258526100567217,0
0,0.32572474611603475,0
0,0.18191272276071346,0
0,0.04808695494177839,0
0,0.4264774991337836,0
0,0.36429352418322924,0
0,0.3695510243810869,0
0,0.00918126110578709,0
0,0.0027694199281505616,0
0,0.017290874042754333,0
0,0.008029266639259174,0
0,0.4172573821155451,0
1,0.34522609720001735,0
0,0.00018836511167082514,0
0,0.3379087258343904,0
0,0.09037972111059411,0
1,0.29872121808915386,0
0,0.0750234078300677,0
0,0.040537856116728506,0
0,4.96205864152574e-05,0
0,0.908229212679742,1
0,0.03986977529398873,0
0,0.09648229730589453,0
0,0.7077173359076995,1
0,0.06242613558713623,0
1,0.4174986075633893,0
0,0.04185991126255836,0
0,0.004964564717387658,0
1,0.5069918507699621,1
0,0.004322891640362519,0
1,0.4221029581213525,0
0,0.11838365428324371,0
0,0.06836065095082285,0
0,0.04285651742595135,0
0,0.02716912400190374,0
1,0.7235874101292922,1
0,0.06428620352153538,0
1,0.620611286048308,1
0,0.7656232294118733,1
0,0.3887672628961673,0
0,0.00033526764450315087,0
1,0.11458127520351391,0
0,0.012561447507296727,0
0,0.004967122584559969,0
0,0.04529447846002293,0
0,0.25761865577554965,0
0,0.004337750605619651,0
1,0.7430189495913377,1
1,0.4019191602144255,0
0,0.8296180389613174,1
1,0.7321032971973356,1
0,0.36874187198417724,0
1,0.05217512392719326,0
1,0.3127204064816402,0
0,0.18298649005431744,0
0,0.0015701980083957267,0
0,0.08761860902873396,0
0,0.13719130431591878,0
0,0.013585715925203785,0
0,0.008128929455452575,0
0,0.13009090143514762,0
0,0.056591158279293965,0
1,0.4757633356317203,0
0,0.38868625046469735,0
0,0.0020357640109588925,0
0,0.1175060670637391,0
1,0.5045838909886108,1
0,0.007561141340718254,0
0,0.00017048175151190807,0
0,0.1010620711012319,0
1,0.8884442952281434,1
0,0.12625419020859657,0
0,0.00014851441765087757,0
0,0.13603233474351678,0
0,0.038641306147032525,0
0,0.124714002913211,0
0,0.4975942401127611,0
1,0.48333991391925846,0
0,0.14421317683642002,0
0,0.13868872923520192,0
0,0.19225393916901024,0
0,0.02110835721122581,0
0,0.06389021586227164,0
0,0.6433581307914455,1
0,0.0031534754593311367,0
0,0.0009897390465452261,0
1,0.4620262542882248,0
0,0.3340988194313579,0
0,0.0016051160535921058,0
1,0.5137198857601333,1
0,0.007695641041030717,0
0,0.02773074918929161,0
1,0.8328908885332895,1
0,0.06643763709973818,0
0,0.8472470655031715,1
0,0.5555110165708127,1
1,0.8900213467536668,1
0,0.8796307449663295,1
1,0.41932796987242327,0
0,0.21504850401321915,0
1,0.6710560768871056,1
0,0.004070737851457042,0
0,0.4357665491377595,0
1,0.541739621140731,1
0,7.128676675960041e-05,0
0,9.51257491514296e-06,0
0,0.11168111181614483,0
0,4.353312900502014e-05,0
1,0.5886690559115318,1
0,0.0005966981303818439,0
0,0.1737334523419109,0
0,0.011724729721327343,0
0,0.04093223757885528,0
0,0.012032920228411062,0
1,0.3931363446505288,0
0,0.23636422758563042,0
1,0.8097595002466762,1
0,0.25673787900982026,0
0,0.00012705482524427798,0
0,0.3453587364427157,0
0,0.10206955147684212,0
0,0.015783040534366043,0
0,0.000637929101958684,0
0,0.8000242115633378,1
0,0.0005232343396773102,0
0,0.00841653182125553,0
0,0.2195542155985801,0
0,0.014009711224791868,0
0,5.1563213800415476e-05,0
1,0.2802529025450831,0
0,0.9129500255119298,1
1,0.34230181370919244,0
0,0.029964750044794024,0
0,0.15325774728746036,0
1,0.3549202017596625,0
0,0.10031452831392187,0
0,0.21776438555209693,0
1,0.41921327755381144,0
1,0.39539983121457767,0
1,0.5014762708783456,1
0,0.14383336395038074,0
0,0.015781828801901984,0
1,0.7085887852263908,1
0,0.17450071242637827,0
0,0.12985494258210364,0
0,0.08202543202200378,0
0,0.11141858252586476,0
0,0.48627811681722144,0
1,0.8627968465864564,1
1,0.7089933474147699,1
0,0.587073332266965,1
0,0.05019363177763223,0
0,0.0002685971690879225,0
0,0.010626237006695832,0
0,0.0003268295421845026,0
0,0.006048673300141075,0
0,3.854359506856152e-06,0
0,0.0008647237380699661,0
1,0.25832362565713435,0
1,0.3867381719187599,0
0,0.05080848931348198,0
0,6.39741499271939e-06,0
0,0.0011287010400233687,0
1,0.43947412337074426,0
0,0.015252338577954805,0
0,0.0009281968105602502,0
1,0.5308800333112299,1
0,0.06687426181997393,0
0,0.47827015491640124,0
0,0.26931718483944905,0
0,0.6167991259054101,1
0,0.3443147545160667,0
0,0.035006714107507615,0
1,0.3374370616086828,0
0,0.26285927343658605,0
0,0.0012112840897911578,0
0,0.001351297063397728,0
0,0.5886099440216775,1
1,0.48527306647536556,0
1,0.3956750742369944,0
0,0.132613773828975,0
0,0.0051311451746717494,0
0,0.05764573516353691,0
0,0.0036753466476602006,0
0,0.029615603589867184,0
0,0.05934514056424396,0
0,5.104297238957035e-06,0
1,0.44287660592802947,0
1,0.8582799563254881,1
0,0.37808017735542065,0
0,0.018260569789919235,0
0,0.013277222218009973,0
0,4.556379442964906e-05,0
0,0.37926503237036696,0
0,0.013586181409357844,0
1,0.36914322368835917,0
0,0.08834209262801974,0
0,0.351258247749149,0
0,0.08663177840249035,0
0,0.610129316231477,1
0,0.5772951528869207,1
0,0.011695462810087383,0
0,0.009721408770088343,0
0,0.018270716969254645,0
0,0.41264043245880866,0
0,0.24643708575312262,0
1,0.8024088406597303,1
0,0.013595353733880069,0
0,0.0027214686949022892,0
0,0.35692100446982117,0
1,0.7185305462350773,1
1,0.24818267327273513,0
0,0.5005043241751945,1
0,0.6597677140964432,1
0,0.015053575597594186,0
0,0.05181608910850695,0
0,0.3288451989357115,0
0,0.4353506207978304,0
0,0.003822858626821421,0
0,0.38190767306476814,0
0,0.6610220201972172,1
0,0.061992105290323986,0
1,0.7864234135777306,1
0,0.4007801311376852,0
0,0.18914641775009974,0
0,0.015596411616109512,0
0,0.03237778637232087,0
1,0.14583263065579682,0
0,0.09705865097046507,0
1,0.8378520929277732,1
0,3.1920128372694793e-06,0
1,0.2809757022966276,0
0,0.022187815355209656,0
0,0.004556438201278353,0
1,0.5769440792431022,1
1,0.33124122190554556,0
0,3.142505562668062e-06,0
0,0.002192196274881814,0
0,4.5361819870816144e-05,0
0,0.015237831356063804,0
0,0.3479352360767831,0
0,0.0007527850682097056,0
0,0.40924272048570204,0
0,0.00010127727436513131,0
1,0.027800503726631558,0
0,3.4214127506667207e-05,0
0,1.6947900255741115e-05,0
0,0.07528849908119273,0
0,0.000302850048704669,0
0,0.03292512172551464,0
1,0.049898398705601296,0
0,0.24793516173792107,0
0,0.0037703456383869037,0
0,0.3817614526516857,0
0,0.34589719660003293,0
0,0.18423141889894515,0
0,0.05464858602314587,0
1,0.020604714865994786,0
0,0.003138311110822164,0
1,0.3398735916702972,0
0,0.048687530488398266,0
0,0.3671622460850025,0
0,0.02130037644278144,0
0,0.0003205262110274994,0
0,0.03211281118793333,0
1,0.7715920802581123,1
0,0.02142174932300431,0
0,0.35108558626251296,0
0,0.34459021655878846,0
0,0.029297658972067014,0
0,0.01635112931716757,0
0,0.004752665970629347,0
1,0.9682479284605842,1
0,4.681532009566633e-06,0
0,0.06362909504873936,0
0,0.22185834853895545,0
0,0.2959353835745101,0
0,0.025496416450416396,0
0,0.0004502926399252167,0
1,0.7839632280186114,1
0,0.3192689979980081,0
1,0.3387092752281786,0
0,0.016155764850656236,0
0,0.04291543363425876,0
0,0.0006487155434361081,0
0,0.13931837985428594,0
1,0.8713939808538455,1
0,0.39555004424120144,0
0,0.4026667996045825,0
0,0.4110800064901453,0
0,0.13420203154111324,0
0,0.002529967243533663,0
0,0.018933495160785782,0
0,0.38505791377275117,0
0,0.12869168060572025,0
0,0.03454930838490193,0
0,0.02594686082530803,0
1,0.22249062492416685,0
0,0.02686865115068585,0
0,0.024812785905929845,0
0,0.0008982746563010758,0
0,0.09558451954204351,0
1,0.33650454610281627,0
0,0.06989412126484454,0
0,0.43763114737079895,0
1,0.723397657987002,1
0,0.0749684936694152,0
1,0.8509614403874809,1
0,0.012914851705776064,0
0,0.1329780549444678,0
0,0.0789603922810561,0
0,0.00012810865793072017,0
0,0.07750529415096828,0
0,0.13283134006707825,0
0,0.2522670092461148,0
0,0.0009636433555606747,0
0,0.15659865232679562,0
0,0.059740199960753776,0
1,0.5840469702795394,1
1,0.27558135927073796,0
0,0.018450639175855727,0
0,0.022415256948700907,0
0,0.4006759587404829,0
0,0.3124413623463362,0
0,0.020102871565487443,0
0,0.30388047526127965,0
0,0.002258389897151869,0
0,0.12391128113203372,0
0,0.05988137397391071,0
0,0.11825294172024017,0
0,0.6729949432280883,1
0,0.00014796124905018575,0
0,0.18610504108082276,0
0,0.6401799663811636,1
0,0.3878934215235238,0
0,0.05166174261503622,0
0,1.185607884909212e-05,0
0,2.036741988261547e-06,0
0,0.07499245033008427,0
0,0.06559692520255067,0
1,0.6216884116593451,1
1,0.8621912121863247,1
1,0.33459330062369863,0
0,0.1728046109313675,0
0,0.3935502775456576,0
0,0.25141177523454944,0
0,0.16679906652116955,0
0,0.0009973792601430703,0
0,0.02380351881120476,0
0,0.6214029936575576,1
0,0.07114157102982797,0
0,0.49443124009675615,0
0,0.13545557003990544,0
0,0.23541262561018655,0
0,0.01824473945908374,0
0,0.4623672026698332,0
0,0.1858963557309189,0
0,0.09950689127024759,0
0,0.021009142335924814,0
0,0.11941210052011401,0
0,0.1159803146834847,0
0,0.008744252285812439,0
0,0.8684214902456014,1
0,0.007975004146920475,0
1,0.504777837267886,1
0,0.025951570414222865,0
0,0.011124808011477274,0
1,0.8057047768843534,1
1,0.40496657723120394,0
0,0.07935754441685207,0
0,0.09632242529482651,0
1,0.3239531708561238,0
0,0.4289561788350595,0
0,0.559738111183739,1
0,0.14099970601084352,0
1,0.8465868667230206,1
0,0.05758027260235518,0
0,0.025357401757262622,0
0,0.03471054098088953,0
0,0.0008327326605267076,0
0,0.0017163533728758494,0
0,0.05251164971895896,0
0,0.01973331314804846,0
0,0.06072730810899171,0
0,0.11893880751040126,0
0,0.26308041545673555,0
0,0.6018647977196501,1
0,0.00581409051832182,0
0,0.0039614792612020396,0
0,0.0004754117112870219,0
1,0.5183696242884264,1
1,0.3100988148698773,0
0,0.26641577195816435,0
0,0.20555587610446954,0
0,0.06877957741627086,0
0,0.01450002737593366,0
0,0.009463633367731643,0
0,0.05089818282869515,0
0,0.009501575850624704,0
0,0.07492155609121506,0
0,0.49241760883564484,0
0,0.01819750786402922,0
0,0.04500117405158442,0
0,0.060175678150989155,0
0,0.8172108903026486,1
0,0.10144104146635155,0
1,0.9144364975812506,1
0,6.233170721100839e-05,0
0,0.024625483583481468,0
0,0.018791993217096507,0
0,0.1131807769472719,0
1,0.6663593172966764,1
1,0.5039528191759635,1
1,0.24469255475126026,0
0,0.0008753921491283924,0
0,0.12664515793373327,0
0,0.08762964276623955,0
0,0.3445198984545635,0
1,0.20083593617101753,0
0,0.06020322353230627,0
0,0.023192396073054556,0
0,0.004564745794624509,0
1,0.8660898823043666,1
1,0.8936856920685117,1
0,0.11473112855205315,0
1,0.25838832382828314,0
0,0.05191045789306841,0
0,0.048989506804803205,0
0,0.21663579114362344,0
0,0.0005486671974438716,0
0,0.03710546739497739,0
0,0.0010667618649040011,0
0,0.14330517382036354,0
0,0.0292785088992181,0
1,0.45856381710863553,0
1,0.8426756223947094,1
0,0.021739263398992428,0
0,0.0021716218913054868,0
1,0.4407449736119384,0
0,0.3675439374637788,0
0,0.2883121404759979,0
0,0.0005082338534748009,0
0,0.2454747148483976,0
0,0.009403302293927036,0
1,0.3178967039281372,0
0,0.4993549138368739,0
0,0.14689385882543185,0
1,0.1653422626308719,0
0,0.025205860935479062,0
0,0.0008128917675592664,0
0,0.03230781149754997,0
0,0.5324681469323865,1
0,1.6954284059004753e-05,0
0,0.21967850022144186,0
0,0.2758939226936176,0
1,0.6869973557593417,1
0,0.02536910986101019,0
0,0.0030954553789097022,0
0,0.009286147210883057,0
0,0.08747709781889046,0
1,0.02366774484812873,0
0,0.0343889119880964,0
0,0.16143491851781286,0
0,0.0009162155022202584,0
0,0.006439109255591788,0
0,0.5341271113122469,1
0,0.0006008482388466761,0
0,0.032057871665009625,0
1,0.8383826431902375,1
0,0.03570589937346191,0
0,0.0356134419148643,0
0,0.20821712089029723,0
0,0.3220566242450232,0
0,0.2789829793820286,0
0,0.06959124579452054,0
0,0.802343221073448,1
1,0.7795823368511271,1
0,0.15718368553380543,0
1,0.28443456246572024,0
0,0.3320320387395297,0
1,0.7198561355957395,1
0,0.048211748530579024,0
0,0.0010670831564775422,0
1,0.5715095798395654,1
0,0.469937011911624,0
0,0.16649437467589595,0
0,0.002370357426099857,0
0,0.021452673312662665,0
1,0.45321995423472616,0
0,0.002611762484113275,0
0,0.23668235142108826,0
1,0.8210134896159168,1
0,0.06894293340710055,0
0,0.01662586556701326,0
1,0.41721199628614125,0
0,0.08878066882150235,0
0,0.25543393962680094,0
0,0.05210388369788754,0
1,0.558650847411559,1
0,0.32836066531735425,0
0,0.22195055815726458,0
0,0.3702898355431828,0
1,0.051726828156853824,0
0,0.32165254283304145,0
0,0.15077084962518492,0
1,0.5024672371801557,1
1,0.8171476102233374,1
0,0.6401008548714809,1
0,0.15069682264430861,0
0,0.008421191451131205,0
0,0.00024110721038586875,0
0,0.03314916315978135,0
1,0.14819279800829913,0
0,0.2783307599389716,0
1,0.8524549598885489,1
0,0.007049980054052821,0
0,0.013051192888755746,0
0,0.5549811370953595,1
0,0.0018599191529723945,0
0,0.3036928799007344,0
0,0.08839051152328348,0
0,0.6050420731020384,1
0,0.006109250431710865,0
1,0.18017186215214973,0
0,0.025499539875924616,0
0,0.024855129722546176,0
1,0.7107819354538183,1
0,0.004085402045957871,0
0,0.012056656927947116,0
0,0.149024305401541,0
0,0.37505019344071727,0
1,0.5041922617866287,1
1,0.679732945280106,1
0,0.0165143394264555,0
0,0.0008837399985621625,0
0,0.10681906207505674,0
0,0.7448824513678485,1
0,0.01737450402153386,0
1,0.8918977062137056,1
0,0.0323985367343555,0
1,0.3169079431018355,0
0,0.4317086273893585,0
0,0.07716532700090832,0
0,0.46479940553933674,0
0,0.06577655425870842,0
0,0.22250302406017702,0
0,0.010685784000975944,0
1,0.4764784915273978,0
0,0.6314368257405105,1
0,0.003134645780720525,0
0,0.4017371075391619,0
0,0.00010354806510519239,0
0,0.28578491537062434,0
1,0.9292271599435764,1
1,0.8286507522051979,1
0,0.2792035626570954,0
0,0.010674595260275494,0
0,0.0001156641996603429,0
1,0.745663813706214,1
0,0.047816619923169816,0
0,0.001070423106904878,0
1,0.28271275494092707,0
0,0.04572574323843065,0
1,0.33671405137999727,0
0,0.04275178661118133,0
1,0.5294114530487329,1
0,0.2624902203138151,0
0,0.005346515993507498,0
0,0.013622477808627324,0
1,0.2598835587890511,0
0,0.04539217912461027,0
0,0.02971651660953901,0
1,0.6247002387980471,1
1,0.731746047587342,1
0,0.6253320887151428,1
0,0.007317137677853307,0
0,0.0015041093869810067,0
0,0.06183476204888092,0
0,0.3837605375653887,0
0,0.02600402817342145,0
0,0.02893796459799653,0
1,0.8432483082401582,1
0,0.002772269662280036,0
0,0.5646177556243854,1
0,0.14435865291700384,0
0,0.0006097885995497896,0
0,0.5396847400099252,1
0,0.029955768266667515,0
1,0.8436756575773309,1
0,0.0819642586401157,0
0,0.0012432803004108956,0
1,0.7610229671492851,1
0,0.07112707626960897,0
0,0.009129515710970319,0
0,0.2548543046160899,0
1,0.5290636410242725,1
0,0.002291730613422305,0
0,0.005173366594070651,0
0,0.4896781375956223,0
1,0.778041835325273,1
0,0.07080063367014955,0
1,0.10629462509353156,0
0,0.04594372426476423,0
0,6.871544781376825e-05,0
1,0.3286441562685515,0
0,0.2750873589363748,0
0,0.019795442784857273,0
1,0.5562717930372507,1
0,0.3312264961487911,0
0,0.02202151149265181,0
0,0.06000397240801844,0
0,0.1625707510501493,0
1,0.4822883783486494,0
0,0.12431615267431963,0
0,0.01736940536462539,0
0,0.05023163409220258,0
0,0.051512418181745546,0
0,0.48129724884133296,0
0,0.38935484716751023,0
0,0.04156651638330926,0
0,0.037447594590313084,0
0,0.06384499122555756,0
0,0.016806792945660332,0
0,0.07719213246333415,0
0,0.015559919996483595,0
1,0.6306963657290976,1
0,0.4315222767871648,0
0,0.0052209739289268454,0
0,0.023691059307291235,0
0,0.3033040805360389,0
0,0.15590170540154913,0
0,0.01914643347953333,0
0,0.23628217269598903,0
0,0.05279633695661232,0
0,0.4983386913136789,0
0,0.02010350467054417,0
0,0.4904095075402914,0
0,0.08365134907258094,0
0,0.0107035316208613,0
0,0.0005682115822671634,0
0,0.10737786591646598,0
0,0.7496348254453994,1
0,0.1082687132234015,0
1,0.8798776388455767,1
0,0.022054512435436175,0
0,0.007717167806465616,0
0,0.003718033209341421,0
0,0.013433144251550008,0
0,0.0005787441688567177,0
0,0.0016707100064218352,0
0,0.007032741020806824,0
0,0.016042029622640334,0
0,8.44911220582031e-07,0
0,0.3255205162810652,0
0,0.008163670779570604,0
1,0.677761943129969,1
0,0.29006886597119586,0
0,0.054897909901198444,0
0,0.010506666729248389,0
0,0.04084161824751114,0
0,0.44062578821593024,0
0,0.00010153991953016377,0
0,0.47458471198074226,0
1,0.7553429920708562,1
0,0.0069751441448690655,0
0,0.3183526839215358,0
0,7.558367935241162e-05,0
0,0.06256500734751953,0
0,0.003997900805010216,0
1,0.855408787945175,1
0,0.019536101110733797,0
0,0.02003569942307281,0
0,0.7409046797919809,1
0,0.11040248334643125,0
0,0.062091561223280106,0
0,0.01789302516515556,0
1,0.3939408893398091,0
1,0.0829777115330987,0
0,0.02536489968241305,0
0,0.00019435458974013215,0
0,0.1980425759600072,0
0,0.28989393934400615,0
0,0.5949324873297,1
0,0.03283841476285998,0
0,0.5893718300388125,1
0,0.239469312771186,0
0,0.032329944727389134,0
0,0.012847492582167427,0
0,0.5210647851745266,1
0,0.16947158987234803,0
1,0.44654864935752814,0
1,0.7129268719124108,1
0,0.13466158488395943,0
0,0.013079200893312526,0
0,0.028509618857804463,0
0,0.21646113143794132,0
0,0.2871720345111405,0
0,0.25737260468577683,0
0,0.011313289904899547,0
0,0.03537354047669513,0
1,0.6479217956922996,1
0,0.006710904680286225,0
0,0.49767622639882264,0
0,0.0009635113545635045,0
0,0.032058277138479675,0
0,0.7271578696545333,1
0,0.000182257706464271,0
0,0.0030891620799282263,0
0,0.04251252017603261,0
0,0.007792398102594839,0
1,0.769509061785677,1
0,0.6815723345750438,1
0,3.190957283800289e-06,0
0,0.015007408385165264,0
0,0.010022931878504058,0
0,0.00247525947301605,0
0,0.002096373473449565,0
0,0.013006884657625613,0
0,0.01750033441375831,0
0,0.1783878067778687,0
0,0.1883522943792377,0
0,0.2602657598545652,0
1,0.49936420952063376,0
0,0.8790147506340559,1
0,0.15217223864887944,0
0,0.03507445382707961,0
0,0.030161192173885944,0
1,0.33055892714208523,0
0,0.026171563868544256,0
0,0.20345282189764727,0
0,0.21037835009938038,0
0,0.32407965960320684,0
0,0.5743927003291722,1
0,0.021775784911668976,0
0,0.020455007789937737,0
0,0.006665675869978159,0
0,0.04347325120737001,0
1,0.4587737991164203,0
0,0.0012877079866143054,0
0,0.33034203011404817,0
0,0.346623280940245,0
0,0.011722942577214311,0
0,0.0006618022266876277,0
0,0.017730832434368668,0
0,0.2598637954435375,0
0,0.10871994589989495,0
0,0.00743394540556112,0
1,0.7795639914330038,1
0,0.01138029480304793,0
0,0.003311701328890743,0
0,0.015017273811999613,0
0,0.10353839434064509,0
0,0.003341970021326222,0
1,0.6086325316494072,1
0,0.00946172225060508,0
0,0.08410309200339068,0
1,0.036074209189409276,0
0,0.285307643976233,0
0,0.10699428074594397,0
1,0.7771475562746225,1
1,0.3065524841547884,0
1,0.3500342816504905,0
0,0.048612815700963326,0
0,0.02779891116960601,0
1,0.20174981983054457,0
1,0.5913917093965773,1
0,0.1530612268610119,0
1,0.9094307795314328,1
0,0.02868677652118392,0
0,0.034888470669077305,0
0,0.016761776931497,0
0,3.013800444781113e-06,0
1,0.5464839136578361,1
0,0.011270494405931135,0
1,0.2652944362430811,0
0,0.37840523619276867,0
0,0.23696193023790676,0
0,0.031033720267884368,0
