actual,probability_yes,prediction
0,0.006180458425294436,0
0,0.02623377531203716,0
0,0.42213306385990146,0
0,0.4791503649792145,0
0,0.5139100434097174,1
1,0.3843796045206103,0
0,0.2734290661237768,0
0,0.0007922144940390377,0
0,0.3874038576148406,0
0,0.012650683982433752,0
0,0.08696565908212937,0
0,0.1990359719767499,0
0,0.06314171280029293,0
0,0.6585745059891812,1
0,0.22618266323852318,0
1,0.6636584762335949,1
1,0.6535923477949156,1
0,0.018042436602489914,0
0,0.08623041487215242,0
0,0.18710877478057475,0
0,0.0013776069033065452,0
1,0.764258896519894,1
0,0.049279707639908944,0
0,0.3550731148778486,0
1,0.16641343417143376,0
0,0.031078600981537412,0
0,0.004114590091031259,0
0,0.1407939049378299,0
0,0.4768129231030575,0
0,0.03575226924756174,0
0,0.028228104179617325,0
0,0.03431767954042748,0
0,0.030012948915704746,0
0,0.12229914773022771,0
0,0.07850435818509059,0
0,0.043434139955182804,0
0,0.0014714929526620066,0
0,0.3537031185380707,0
0,0.017507383824205747,0
0,0.11922781522859856,0
1,0.7048791306791905,1
1,0.8514511137101353,1
1,0.03175597546485938,0
0,0.4739727574236885,0
0,0.11171396754950326,0
0,0.3193392018003409,0
0,0.06898814384026081,0
1,0.8080360418049921,1
0,0.21751883280576492,0
1,0.3438154831264826,0
0,0.5126238798469244,1
0,0.012753414040502176,0
0,0.07431392268662614,0
0,0.0016567060206135605,0
0,0.017182366982647846,0
0,0.37934899671997985,0
0,0.157822434763211,0
0,0.003205059439738209,0
0,0.7123200481389736,1
0,0.033499095249157375,0
1,0.4993365579078942,0
0,0.0012152301911183543,0
1,0.2580128818744701,0
0,0.000730657435113479,0
1,0.4712138754118591,0
0,0.4079149625931985,0
0,0.002540812528966868,0
0,0.03245424308260636,0
0,0.032345768076885786,0
0,0.28965344500286927,0
0,0.0191699627627986,0
0,0.004205013006593978,0
0,0.01916754308386055,0
0,0.11211553322760334,0
0,0.01426911417386759,0
0,0.027435667015858548,0
0,0.0014444885568895484,0
0,0.12252362891586112,0
0,0.09654328146520579,0
0,0.23316615119879322,0
1,0.7278446596222721,1
0,0.714648578797904,1
0,0.38821270574944317,0
1,0.3995144059889251,0
1,0.8153201616257276,1
1,0.4395292705283056,0
0,0.003807954221050196,0
0,0.14878960144871484,0
0,0.2183447234957775,0
0,0.20454634578487305,0
0,0.05556849890625081,0
1,0.443739418752732,0
0,0.0013685200982056155,0
0,0.8027461117480975,1
0,0.015563575592886809,0
1,0.44248011188543523,0
0,0.3361568296105106,0
0,0.0177759353562087,0
0,0.14053491484258923,0
0,0.4425592206380047,0
1,0.8741945700245972,1
0,0.05855845017073962,0
1,0.37558663618429394,0
0,0.006690410174176111,0
1,0.7934703903318231,1
1,0.10626542688644318,0
0,0.024653043917492807,0
0,0.0019882380512593117,0
0,0.09226942096238197,0
0,0.31515379019542583,0
1,0.5253076965922324,1
0,0.2736970266078075,0
0,0.6740295072339965,1
0,0.2061867554498784,0
0,0.06844406990718341,0
1,0.227924187463316,0
1,0.758987358941265,1
1,0.4822853862219996,0
0,0.19945529768952713,0
0,0.06579834975688476,0
0,0.0037808976731528287,0
1,0.524182328888729,1
0,0.06042042279119597,0
1,0.1577379155918104,0
0,0.0016348040887146878,0
0,0.2792993073132762,0
0,0.05926554638885691,0
0,0.23050518969253347,0
0,0.0020617450201481508,0
0,0.0014184472688433883,0
0,0.022593644361668205,0
0,0.3421183481437983,0
1,0.5858060200999546,1
1,0.30444217848463023,0
0,0.8954923540538534,1
0,0.414130251105636,0
0,0.01049621014533066,0
1,0.28924084317835824,0
0,0.0026303940787454653,0
0,0.01392151066169439,0
0,0.0009088667016094512,0
0,0.13291245952485414,0
0,0.6338398264524371,1
0,0.4888366736690162,0
0,0.03247853480858399,0
0,0.04598945072153335,0
1,0.7984224452682744,1
0,0.07953893196287035,0
1,0.39098172416098115,0
0,0.02803962723583869,0
0,0.38203523865226335,0
0,0.01527103925333216,0
0,0.5147206311313649,1
0,0.5730167871557522,1
0,0.07345010568197166,0
0,0.026212843002426777,0
1,0.49088572111364925,0
1,0.38582313434386223,0
0,0.14970992515958817,0
0,0.4075515090798422,0
1,0.34889015043387267,0
0,0.05684855837129609,0
0,0.021617381029560137,0
0,0.0010659988766283655,0
0,0.03500135496077281,0
1,0.30203505622795096,0
0,0.011505092399412093,0
0,0.004245143955669954,0
1,0.6564172158900778,1
0,0.014508571334855457,0
0,0.17100671926854857,0
0,0.06071845167185245,0
1,0.5862605942065177,1
0,0.017853446032660876,0
0,0.11326018225891056,0
0,0.08860526057870029,0
0,0.001607712661206765,0
1,0.5865631736783264,1
0,0.3408482830594615,0
0,0.011472571257883018,0
1,0.11251482905987492,0
0,0.37081605447754873,0
1,0.6723127458776704,1
0,0.03402282294917935,0
1,0.7722927276958705,1
0,0.020274746092327177,0
1,0.7919405017762373,1
0,0.0037079690272073073,0
0,0.43676770255659636,0
0,0.0076241411463381535,0
1,0.27302700079238096,0
0,0.011878316959083743,0
0,0.05754590759679419,0
0,0.7004858296847385,1
0,0.5437007708889905,1
0,0.22052420009015475,0
0,0.3084695024963914,0
0,0.0011146077709482732,0
0,0.15585787767748385,0
0,0.008673705815150723,0
0,0.01467025416673151,0
1,0.8029656376866089,1
1,0.17681226854059573,0
0,0.026144696971545395,0
0,0.20251885217838123,0
0,0.022999385744129772,0
0,0.176338060739686,0
1,0.5879918369094281,1
0,0.001278706407949393,0
1,0.7275821623974956,1
0,0.004805343271544983,0
0,0.05362736764186922,0
0,0.05293274263279784,0
1,0.158050535428984,0
1,0.4954067611395426,0
0,0.004038092606831395,0
1,0.6455563285779352,1
0,0.2741337257322852,0
1,0.4345166279799426,0
0,0.023625315739791666,0
1,0.6040298207047395,1
0,0.4557601454292056,0
0,0.16946160956384912,0
0,0.01213732346334507,0
0,0.2172158978370469,0
0,0.10789162262753439,0
1,0.8660770391907987,1
1,0.18754367206700398,0
0,0.011353852407166716,0
0,0.06997362526010371,0
0,0.6997324970681575,1
0,0.026581829064218084,0
0,0.29696323332516905,0
0,0.0008614531827512346,0
1,0.8072527237115694,1
0,0.3154957475067915,0
0,0.04545722014586259,0
1,0.6341284802614414,1
0,0.07844686083600627,0
0,0.08678765866938264,0
1,0.5631786144294547,1
0,0.0006110889863220962,0
0,0.23684048618299883,0
0,0.013809754637262082,0
0,0.0027458372651505735,0
0,0.006874020072996062,0
0,0.10076572089428801,0
0,0.057026827006871415,0
0,0.32969890559188875,0
0,0.4262750936932664,0
0,0.0019398126801862107,0
0,0.005116512664361205,0
1,0.5274780853616923,1
0,0.0971844886594569,0
0,0.16521203813697763,0
0,0.02479335493983075,0
0,0.00712599131059851,0
1,0.41049433395443885,0
0,0.020821754596283538,0
0,0.44209243554001004,0
0,0.06312031244529444,0
1,0.12129757993679609,0
1,0.7713427360434626,1
1,0.22485719940400148,0
0,0.006350195601095165,0
0,0.03988456255888194,0
0,0.17507726715926555,0
0,0.0019841852556504074,0
1,0.6361612128613114,1
0,0.006460122412194879,0
0,0.7488488641225216,1
0,0.0018895280823553065,0
0,0.016503595840685427,0
0,0.1667957040027243,0
0,0.0054607410226401275,0
0,0.39833691503532165,0
1,0.33117910362187564,0
1,0.3440589638863652,0
0,0.013417917734563268,0
1,0.6633477911795127,1
1,0.33011555831386663,0
0,0.1867272311687051,0
0,0.003965849417045635,0
0,0.019529466835398735,0
0,0.0887415219680357,0
1,0.4816442767495726,0
0,0.18128973447096164,0
0,0.01424569323130425,0
0,0.005436843297532846,0
1,0.6095092419544711,1
0,0.3632747224604823,0
0,0.7238055294695421,1
0,0.22319504324531633,0
0,0.11822789529728904,0
0,0.003844780696019335,0
0,0.024880456804489894,0
0,0.09779720546840844,0
0,0.049930315600392225,0
1,0.7546837440792312,1
0,0.014750247872054159,0
0,0.006612538859383313,0
0,0.03828940935691562,0
0,0.31246180469159535,0
0,0.4260107189609323,0
0,0.4116414327535621,0
0,0.08300577217772531,0
1,0.22518048210174513,0
0,0.0046200731071670414,0
1,0.6786250428959683,1
0,0.005851724332960408,0
0,0.2139650102681002,0
0,0.00874372081335109,0
0,0.049282661722111785,0
1,0.7485683994815736,1
0,0.2568379327035185,0
0,0.0448113276565177,0
1,0.24303259882578374,0
0,0.0042037675245319844,0
0,0.4348339173404775,0
1,0.392611306825868,0
1,0.7545214399678293,1
1,0.35073945367502035,0
1,0.30206105621954116,0
0,0.013110012513415164,0
0,0.028147600581900037,0
0,0.20939443277375083,0
0,0.09385629855636911,0
0,0.057561693155815455,0
0,0.49866214948483467,0
0,0.25924992156012583,0
1,0.3225198463257501,0
0,0.1965811776868148,0
0,0.7179461303581219,1
0,0.2198981615047776,0
0,0.3190059674051811,0
0,0.03361703127714849,0
0,0.09264736942191522,0
0,0.0027118380770241616,0
0,0.005989222510355055,0
0,0.004222931656862316,0
0,0.0025327731756093702,0
0,0.027507115376233845,0
1,0.6393676526206228,1
0,0.1150303174107482,0
0,0.01680122431836526,0
0,0.0014400435413277574,0
0,0.024864238542906918,0
0,0.08793629371096369,0
1,0.4399722022761165,0
1,0.08831685704697957,0
1,0.28541068428353206,0
0,0.012570548969075834,0
0,0.11376237751369392,0
0,0.008187245151709993,0
1,0.7962279962497786,1
0,0.04527457153895268,0
0,0.006001437422408044,0
0,0.46185105689824935,0
0,0.413444470612617,0
0,0.08958371194212912,0
0,0.004831291999298311,0
0,0.07269474167399372,0
0,0.03379486070795699,0
0,0.5224066329306835,1
0,0.0028689078884628094,0
0,0.018576920295129532,0
0,0.4699079007300259,0
0,0.5283197045786447,1
0,0.11745664461685613,0
0,0.2460088024929975,0
0,0.1174486316820053,0
0,0.34961462026123385,0
0,0.026098144601533334,0
1,0.6043480244899143,1
1,0.4035897631687706,0
0,0.015262476384468536,0
0,0.037376863187225766,0
0,0.0666310169715283,0
1,0.5770719542371324,1
1,0.5163336707881272,1
1,0.13162687622210528,0
0,0.0177667117068517,0
0,0.0010417406967161266,0
0,0.11325816829585579,0
1,0.6935077512063562,1
0,0.3827066470331262,0
1,0.7502885658939681,1
1,0.7333748395836457,1
1,0.6404087307010267,1
0,0.024277702698492835,0
0,0.0332448431457659,0
0,0.05444944410569707,0
0,0.002515288484286493,0
0,0.11205142107461671,0
1,0.3397424331636917,0
0,0.09083762421505678,0
1,0.27771929755398606,0
0,0.09730890385202802,0
0,0.05993596204347706,0
0,0.15691003903638026,0
0,0.09861209667187626,0
1,0.44062533812634586,0
1,0.42953267144506263,0
0,0.0941693643172033,0
0,0.3302271922500299,0
0,0.011560427771081804,0
0,0.4257129220054901,0
0,0.0033578422656697733,0
1,0.11565463852345459,0
1,0.17476670864217034,0
0,0.01716336133538258,0
1,0.8929530333666881,1
0,0.09033759075980288,0
0,0.08615749316817091,0
1,0.7261251679152676,1
0,0.11479268167729229,0
0,0.4223770675052558,0
1,0.6569324799613167,1
0,0.0031300214612929667,0
0,0.3475429569795676,0
0,0.1497314775497333,0
0,0.00588714623265479,0
0,0.026345658283884764,0
0,0.05915836296710715,0
0,0.339103222540884,0
1,0.31117206976905337,0
1,0.43653233696765975,0
1,0.8002007363689388,1
1,0.1742366947765727,0
0,0.02182887739002105,0
0,0.03481371686903664,0
0,0.5466349514205384,1
0,0.05338139797931968,0
1,0.4814394777376033,0
0,0.06503791478692852,0
0,0.05960132205251009,0
0,0.004255836822866631,0
0,0.04555864105603186,0
0,0.0010649823604186204,0
0,0.03216932475331408,0
0,0.013596762853223839,0
0,0.014455655154478202,0
1,0.46290585267506296,0
0,0.08462256989860123,0
0,0.0241042953013262,0
0,0.41312658581070705,0
0,0.0021333877414689384,0
0,0.026978359512828724,0
0,0.3459369951557216,0
0,0.035149930096008385,0
0,0.10345668728394493,0
0,0.3119458440483989,0
1,0.3412578293605098,0
0,0.002606255332548439,0
1,0.6285383550606678,1
0,0.11694672686749402,0
0,0.15413760854876565,0
0,0.22616779451811342,0
1,0.8340469963822073,1
0,0.2988365167945948,0
1,0.5003608974986898,1
0,0.06467725907294766,0
0,0.06577069580159822,0
0,0.2058428596979065,0
0,0.027879519832898932,0
0,0.32103965193330863,0
0,0.040171142534005055,0
1,0.8368840200244787,1
0,0.23527693731737223,0
0,0.8276895657741487,1
1,0.03203517689703483,0
0,0.008096503435337256,0
0,0.03603066263624296,0
1,0.19601133373011437,0
0,0.1869050951468847,0
0,0.47399410910725764,0
0,0.0013304955795632747,0
0,0.00466509299647159,0
0,0.29698058596382637,0
0,0.13566330530182824,0
0,0.4029071586872471,0
0,0.1549611340655564,0
1,0.7576206569878429,1
1,0.6428384123031919,1
0,0.010674031362106049,0
0,0.1139322448177751,0
0,0.2714173365790147,0
0,0.17179319794953102,0
0,0.03996459431005425,0
0,0.018143677952182094,0
0,0.38650414102930947,0
0,0.0042934273341587595,0
0,0.4132848400842444,0
1,0.4813457200387133,0
0,0.06254480308530314,0
0,0.05122210201756576,0
0,0.2995584425488224,0
0,0.47846465414759826,0
1,0.7901287893276694,1
0,0.0008266745761345521,0
0,0.00394489575812891,0
0,0.02646600870295265,0
1,0.5575738344582105,1
0,0.0015311077253590294,0
0,0.0038995366690135454,0
0,0.12281087581090416,0
0,0.025444445465290854,0
0,0.01026724913002992,0
0,0.0017043436878034202,0
0,0.3422199883828885,0
0,0.41839438058512185,0
0,0.18370266328159038,0
0,0.5630189811247349,1
0,0.014275743765484128,0
0,0.014780712094995556,0
0,0.04507435626547905,0
0,0.018754763568824034,0
0,0.08892481102801049,0
0,0.5110876707258546,1
0,0.38541933320751093,0
1,0.26781903916746214,0
0,0.0015471207647824955,0
1,0.4900172457693962,0
1,0.4460760183661873,0
0,0.18709887587489657,0
0,0.16130047553270604,0
0,0.28229893429028513,0
0,0.02203238161162557,0
0,0.012393022831807828,0
1,0.37801071551969584,0
0,0.0688052522919272,0
0,0.23348558210946396,0
1,0.11462107050715396,0
0,0.11244595203120981,0
1,0.6977509303860343,1
0,0.011553744954698098,0
0,0.005523400729379808,0
1,0.8808922132712813,1
0,0.01336769591818111,0
0,0.10761096236191163,0
1,0.4375560744848759,0
0,0.1801658177892197,0
0,0.3315647443054571,0
0,0.001107242790759394,0
0,0.09395246668339453,0
0,0.16351636727930938,0
1,0.7769693777114193,1
0,0.3046774058108247,0
1,0.009812686259385113,0
0,0.21444981875310487,0
0,0.0036444077902678144,0
0,0.034604349361708996,0
1,0.3042229409082445,0
0,0.03818518429455335,0
1,0.5558374279032724,1
1,0.11263710761202086,0
0,0.03909007902681025,0
0,0.0032189076603626027,0
0,0.3035063954272084,0
0,0.420326805939858,0
0,0.6238415076020336,1
0,0.1492323960171512,0
1,0.6584433319137932,1
1,0.6936337495402561,1
0,0.04166870866790364,0
0,0.014717165211715465,0
0,0.008769460969836605,0
0,0.12211507183310917,0
1,0.4684706566721417,0
0,0.17649102411952616,0
1,0.23129728351962808,0
1,0.5072539222784577,1
1,0.35642709651276566,0
0,0.02242503879025056,0
0,0.3648637543351726,0
0,0.2713736863764681,0
0,0.06707789928510766,0
0,0.2477559764683741,0
1,0.8507706730631248,1
0,0.2639717475503605,0
0,0.09374908348734229,0
0,0.006332398253176489,0
1,0.5037984243535347,1
1,0.7132895866848513,1
0,0.0018507944084775998,0
0,0.036273465529287695,0
1,0.4500877912453739,0
0,0.13089836626959575,0
0,0.02966844433483242,0
0,0.07639724789519925,0
0,0.01394580053602375,0
0,0.040525996549373874,0
0,0.2381694873530959,0
0,0.020909365857752174,0
0,0.003272721709527792,0
1,0.4998628154890266,0
0,0.3724604088128575,0
0,0.4722082217598464,0
1,0.5188479256178826,1
0,0.12546344114977553,0
0,0.27983355059953335,0
0,0.0018177717627094808,0
0,0.029143019489398302,0
0,0.13875465485943644,0
1,0.2363692965702355,0
0,0.32901197708118857,0
0,0.6789552022028014,1
1,0.4848468414154242,0
0,0.006148848556601363,0
0,0.031258062754946865,0
0,0.004848391767493526,0
0,0.00555921228679889,0
0,0.04478856332842247,0
0,0.002325394394612197,0
0,0.23258544920522503,0
1,0.6904072532467037,1
0,0.04207952440600497,0
0,0.034460989897837406,0
0,0.6411974327550618,1
1,0.529465776545715,1
0,0.832651670700711,1
0,0.049366886066910726,0
0,0.30411938011745404,0
0,0.0018989484453896454,0
1,0.7423662154516738,1
0,0.003336319335877771,0
0,0.05404948862688805,0
0,0.001323868283251072,0
0,0.00105810150638777,0
0,0.21652097567363804,0
0,0.46805432102041017,0
1,0.5022899999640537,1
1,0.4118860177740708,0
0,0.09382969040219045,0
0,0.060843731514909065,0
1,0.7295710632140907,1
0,0.014862434228797027,0
0,0.5837659923720661,1
0,0.014659731267661142,0
0,0.014058235582180358,0
0,0.18404488184203363,0
0,0.8303521090389689,1
1,0.7688376008203918,1
1,0.6762546243734662,1
1,0.29851030530422146,0
0,0.13301707960135736,0
0,0.07052922934188442,0
0,0.11990270728351073,0
0,0.19640232834000293,0
0,0.3232475747841974,0
0,0.023887321305425542,0
0,0.25372983574589786,0
0,0.6914596182348701,1
0,0.38700104075154407,0
0,0.19248355095931496,0
0,0.09975420395065945,0
1,0.6198515828828299,1
1,0.087840069635647,0
1,0.2581940617260034,0
0,0.0011663717983709096,0
0,0.10534863624964493,0
0,0.008196612288127701,0
0,0.22812403275550255,0
0,0.7591709794518732,1
0,0.07876508057262828,0
1,0.7103207134108778,1
0,0.08543976422859886,0
1,0.5207628590566626,1
0,0.005796204184204812,0
0,0.0053203254025602975,0
0,0.16111330576804975,0
1,0.18113340261940156,0
1,0.550367174751762,1
0,0.2059599367867935,0
0,0.00423195516355785,0
1,0.6663502205627254,1
0,0.12541201536136737,0
0,0.016554194674245407,0
0,0.01809278122661326,0
0,0.02794636533687493,0
1,0.3273622727578999,0
0,0.045545035500139004,0
0,0.004644083209692849,0
0,0.014423151663885697,0
0,0.3922998109750352,0
1,0.3731653870648983,0
1,0.5009860632636861,1
0,0.0020904136521321753,0
0,0.005567610440669819,0
0,0.09756083785962649,0
0,0.0012796597768031345,0
0,0.3970201715720624,0
0,0.058848109845626696,0
0,0.46671806765229557,0
0,0.005210268978006959,0
0,0.058765921511255065,0
1,0.5250222678678195,1
0,0.022991292952375494,0
0,0.001546107386472471,0
1,0.7361303168227122,1
0,0.43117456775094937,0
0,0.1481069719417849,0
1,0.7516301323483497,1
1,0.7805140815971496,1
0,0.20845969280969898,0
0,0.03955086793531132,0
0,0.025088251197127227,0
0,0.006113964364652331,0
0,0.04385650498292122,0
1,0.36221576995646837,0
1,0.35670059465776416,0
0,0.03809277401104036,0
0,0.6642776014428537,1
1,0.5091989941373365,1
0,0.0016719569411669769,0
0,0.0013144080440577336,0
0,0.05074563933982121,0
1,0.7860412480609553,1
0,0.0015831277268179497,0
0,0.05069883819878233,0
0,0.1865569276217722,0
0,0.02860054072963466,0
0,0.033671985460717965,0
0,0.4704473290828605,0
1,0.8189898114429829,1
0,0.022324694661827356,0
0,0.0131525410111509,0
0,0.1466100292625173,0
1,0.17908286599532888,0
0,0.026006616345073497,0
0,0.045988398406081335,0
0,0.038430910822681755,0
0,0.4317905698366065,0
0,0.0031590687226442445,0
0,0.3247086875017082,0
1,0.6799813965706225,1
0,0.1311332982402022,0
0,0.018203494510743413,0
0,0.09043442205703264,0
0,0.06766437365166263,0
0,0.07953046289143341,0
0,0.009261440250100512,0
0,0.3829532661446678,0
1,0.30173618392143653,0
0,0.006518805445188291,0
0,0.10761116499427756,0
0,0.5989087900636515,1
0,0.694638177131918,1
1,0.7527498458868271,1
0,0.10240677496466617,0
1,0.8233141557449776,1
0,0.004770134278558042,0
0,0.0009722590812956119,0
0,0.0012570437763432106,0
1,0.4647020113391988,0
0,0.00572957098585328,0
0,0.02226614346338773,0
1,0.5698970931464324,1
0,0.17844090293256204,0
0,0.12873601260305678,0
1,0.28591209490515646,0
0,0.7012076317134138,1
1,0.7412933421335857,1
0,0.025449610014343073,0
0,0.02765164111103422,0
0,0.3735684508789348,0
0,0.003428448248438132,0
0,0.1869121063934989,0
0,0.06060460863351816,0
0,0.06063367996634808,0
0,0.14589453883753883,0
1,0.6746781817728105,1
1,0.5009515781127072,1
0,0.003393804501235312,0
0,0.15864006165530437,0
0,0.00870732404811846,0
0,0.08313207393978177,0
0,0.020147731123922236,0
0,0.006622918859403137,0
0,0.00845810494907552,0
0,0.5396107862661551,1
1,0.27028889538665046,0
0,0.13427603004028654,0
0,0.016628147104061502,0
0,0.5106567101211476,1
0,0.0717505920152435,0
0,0.01972905963213258,0
1,0.33625470018287534,0
0,0.10893073657727417,0
1,0.5640227382243242,1
0,0.3862073759538992,0
0,0.001738503647895761,0
0,0.25033074778950376,0
0,0.005855608067915522,0
0,0.39630503976623954,0
1,0.7203873910401124,1
0,0.24747486875724733,0
0,0.3921460950562998,0
1,0.6408839700905492,1
0,0.05236694950369375,0
0,0.010174271676768664,0
0,0.01939623891056161,0
0,0.007201439537392874,0
0,0.06910825915337519,0
0,0.2811156103196246,0
0,0.05471906524489618,0
0,0.6580420438557658,1
1,0.4046899304827113,0
0,0.006401888889118937,0
0,0.03716807735889309,0
0,0.020463487084562942,0
0,0.0023491173638064216,0
0,0.009657525366414968,0
0,0.01611023791342524,0
0,0.10492351680483597,0
0,0.022223544015507957,0
1,0.46277394689749607,0
1,0.5122271588463966,1
0,0.16464750979527515,0
0,0.27704161789335346,0
1,0.5395713691196583,1
0,0.04654821900673661,0
1,0.4354912703044452,0
1,0.8604680672429933,1
0,0.0783971666083289,0
0,0.0909801095285851,0
0,0.007212671038207482,0
0,0.0010733691574395438,0
0,0.07232918681735304,0
1,0.3484739464705624,0
0,0.01626147288992345,0
0,0.0011358172283054103,0
0,0.03377376800869797,0
0,0.308805286799779,0
0,0.011395527190534034,0
0,0.011179484273273936,0
0,0.023538244705146365,0
0,0.05461079631614099,0
0,0.18995154017894136,0
0,0.0161126458636848,0
0,0.012678503386561497,0
1,0.5945335462928814,1
0,0.035945899511797635,0
0,0.07660620886500043,0
1,0.10939016485781668,0
0,0.004520021718168955,0
0,0.4945612387385518,0
0,0.0114324031719339,0
0,0.13400550007693052,0
0,0.0031124733444562814,0
0,0.16464475524692113,0
0,0.0792626119161855,0
0,0.0012034372507148555,0
0,0.012813358830087678,0
0,0.006302248871510369,0
1,0.38148359356087697,0
0,0.0911718363560317,0
1,0.7698074622699744,1
0,0.5413644067013749,1
0,0.1547588228641371,0
0,0.0016403983010194322,0
0,0.1626053898537168,0
0,0.001949726527974174,0
0,0.1372535163687082,0
1,0.3824124914553287,0
0,0.15558751172346297,0
0,0.19003312171140055,0
0,0.2675525285731295,0
0,0.14528927665133567,0
0,0.02593218644659499,0
0,0.5071736386702997,1
1,0.8791399771988802,1
1,0.6826583898823142,1
0,0.1993598432758411,0
0,0.2805580690117613,0
0,0.07380373852811767,0
0,0.03873262731090917,0
0,0.3512884930049898,0
0,0.0009508640660518099,0
0,0.04964132684235659,0
1,0.09732971638225543,0
0,0.0024716305507427668,0
0,0.49735088602796673,0
1,0.2042398678178695,0
0,0.0016152294070885815,0
1,0.2750202533592987,0
1,0.66661108846213,1
0,0.16722507151119312,0
1,0.2912784824561114,0
0,0.19418631630590677,0
1,0.2481553502650379,0
0,0.07375653145113882,0
0,0.05332993857667034,0
0,0.43330311922413467,0
0,0.0012971781778266392,0
0,0.18763806847753423,0
1,0.8074530202804542,1
1,0.8064091146932377,1
0,0.6904456119149348,1
0,0.04385597962300504,0
1,0.5423146310966797,1
0,0.001817937180890271,0
1,0.401348157429685,0
1,0.7349312102590904,1
0,0.09234600984247138,0
1,0.6784118446192707,1
0,0.002273567563140802,0
1,0.21711936474763147,0
1,0.7532241281657981,1
1,0.6854778891962314,1
0,0.004374513797140571,0
0,0.21269488916141277,0
0,0.1952018941356608,0
0,0.02514416239421343,0
0,0.1719496913216002,0
0,0.005629713628996347,0
0,0.010343165137562034,0
0,0.17640972615734282,0
0,0.006568976571399527,0
1,0.34386870926654056,0
0,0.01920799208820968,0
0,0.04139726577933469,0
0,0.03698539112290746,0
0,0.009063906855056238,0
0,0.7529318358326458,1
1,0.5117433470106215,1
1,0.6757234617243115,1
0,0.1099589641072019,0
0,0.2268047144849915,0
1,0.5242753728376564,1
0,0.11963605588655897,0
0,0.03509928409837378,0
0,0.012992675077993452,0
0,0.05933092346081976,0
0,0.036784718621075484,0
0,0.024015254529989274,0
0,0.010200775974302103,0
0,0.07958206375782173,0
0,0.013048378586186515,0
0,0.40411834162492516,0
0,0.7683241534302679,1
1,0.42696413480423673,0
0,0.0010249695890914379,0
0,0.033191730149906576,0
1,0.7774122324664376,1
0,0.022959401977637732,0
0,0.05080105337887013,0
0,0.0832077699044833,0
0,0.017587073244443877,0
0,0.039328945720413476,0
0,0.06127015704982823,0
0,0.021132584186000787,0
0,0.28599676484635295,0
0,0.01205185003634717,0
0,0.0011663332007854604,0
0,0.4545492288001933,0
0,0.048462417939522204,0
1,0.627904122893586,1
0,0.03315156309150134,0
1,0.7378298009538627,1
0,0.003747141443698867,0
0,0.08848104245290346,0
0,0.034519055665681996,0
0,0.006239002009564673,0
0,0.017346042266141705,0
0,0.17990104553787958,0
0,0.010442401701073497,0
0,0.21403669201769449,0
0,0.028218799779519098,0
1,0.47669136378984317,0
0,0.11221242989261686,0
0,0.06746878717098002,0
0,0.1604445733946832,0
0,0.0027933072792980973,0
0,0.0588477533845251,0
1,0.4364732240257448,0
0,0.17749241612003744,0
0,0.2653539328444845,0
0,0.051528360725536834,0
0,0.017228844681831987,0
1,0.35828786083550435,0
1,0.31318018952555116,0
0,0.13329428168155297,0
1,0.8923121187413553,1
0,0.003935505460693905,0
0,0.03144102941105264,0
1,0.8502160218536057,1
0,0.004442754138129098,0
0,0.0037283429922302784,0
0,0.33047775956711334,0
0,0.35913542032063545,0
1,0.07215663832500764,0
0,0.12799182446442947,0
0,0.14334306895234789,0
0,0.0014130020350569155,0
0,0.40561871119387183,0
0,0.2630914687294464,0
0,0.0018198668208727422,0
0,0.6226043159844074,1
0,0.7865957195293751,1
1,0.18849424389287395,0
0,0.01361073159107201,0
0,0.7297980952449257,1
1,0.33684816866374573,0
0,0.0017889905892821147,0
0,0.02795788198730185,0
1,0.3220003795821493,0
0,0.008334979804074088,0
1,0.621843740978076,1
1,0.37594781523346604,0
0,0.21405959941534683,0
1,0.6829632282282414,1
0,0.001318531828097703,0
0,0.16850681593144856,0
0,0.16521405915660342,0
0,0.3777871184179717,0
0,0.28783076358078913,0
0,0.05615140063560437,0
0,0.046315383256187885,0
0,0.029755151020208485,0
1,0.49011872341457163,0
0,0.018393948231005014,0
1,0.27520245663589654,0
0,0.3031343967395614,0
0,0.03635120108798866,0
0,0.02533828084969623,0
0,0.005310593056822129,0
0,0.025561399325326296,0
0,0.0048504441733645326,0
1,0.7783447104881884,1
0,0.019372066280765335,0
0,0.10870741111602612,0
1,0.46012661832676116,0
1,0.7579795385450336,1
1,0.32328913340478527,0
0,0.0007857379881474093,0
0,0.12691548346350018,0
0,0.003284503933659213,0
1,0.6892677563728346,1
0,0.6797938259234061,1
0,0.025000792882723954,0
0,0.0011457466724181804,0
0,0.2938691067564084,0
0,0.0011092995084666932,0
0,0.010321800980777977,0
0,0.01612707024061845,0
0,0.16182566262485248,0
0,0.16472877025650362,0
1,0.5549665283708768,1
0,0.06042231895878174,0
1,0.3943727533319944,0
0,0.03305602729791134,0
1,0.51412772159183,1
0,0.05295809161670796,0
0,0.005958946276182842,0
0,0.22969468854902764,0
0,0.024005191326162793,0
0,0.008669748513069345,0
0,0.0012405869492176688,0
1,0.5783556099378379,1
0,0.012432880443657573,0
1,0.5971856139323724,1
0,0.3302193280389932,0
0,0.010850274534754768,0
0,0.21525326822462787,0
1,0.8612705071045375,1
0,0.5331043729557926,1
1,0.46852412118687903,0
0,0.06967666509645812,0
0,0.7294367950172678,1
1,0.7353651179088413,1
0,0.023944906370136767,0
0,0.009815783121916501,0
1,0.607238463199123,1
0,0.09551300181154775,0
0,0.009963789621640523,0
0,0.691677496098593,1
0,0.03752046153931907,0
0,0.05737156807995608,0
0,0.21127081287425095,0
0,0.3245241071730384,0
0,0.02008256344834493,0
0,0.3482355206281731,0
0,0.15353096217934295,0
0,0.07266740070574149,0
0,0.0018759638456139472,0
0,0.01770773030100582,0
1,0.6395412277493164,1
1,0.8311427303070795,1
1,0.7560644243977583,1
0,0.15694861704143068,0
0,0.16277373935953166,0
0,0.03664187167516244,0
0,0.003921265731169654,0
0,0.0954504198303891,0
0,0.002333577432049313,0
0,0.08309587753940302,0
1,0.31362371771881953,0
0,0.06070226620179814,0
0,0.07089139280503004,0
1,0.456293117143364,0
0,0.26785589702521156,0
0,0.00925692049721387,0
1,0.8203457766923477,1
1,0.40847355319940737,0
0,0.28369416861219493,0
0,0.6288891759143945,1
0,0.03939213497187558,0
0,0.39075703896484176,0
1,0.5264282604119177,1
0,0.18238083103548333,0
0,0.026953330878141685,0
0,0.0027904905451614425,0
1,0.2883609522419997,0
0,0.027601833386143554,0
0,0.706442190326412,1
1,0.43422248797716967,0
0,0.016118218615894166,0
0,0.0038674833293767643,0
1,0.39966299449596526,0
0,0.01839453578036254,0
0,0.3844814235790141,0
0,0.59198444080802,1
0,0.05986338907941404,0
0,0.02754284370139108,0
0,0.06913234242846392,0
0,0.3543795689529275,0
0,0.08289993854754617,0
0,0.0669625908446127,0
1,0.7095326375410792,1
0,0.06032680261357075,0
0,0.3125363102626736,0
0,0.7007601365069891,1
0,0.7367822251367575,1
0,0.0009520921906062183,0
0,0.02645294752328385,0
0,0.02441787118193868,0
1,0.7186783877446348,1
0,0.6619968279197687,1
0,0.12013678782387012,0
0,0.0017718917424243091,0
0,0.34004508627293384,0
0,0.15430910466234013,0
0,0.003052725732929669,0
0,0.04740375659429856,0
1,0.4081700558107036,0
1,0.8679094721829652,1
0,0.0027685139482188596,0
1,0.31446268134797983,0
0,0.001263737644232007,0
0,0.008180299649376893,0
0,0.024234267000537223,0
0,0.13524221446429713,0
0,0.18462524589078202,0
0,0.0028215007638416278,0
0,0.030584537178584642,0
1,0.24516617262127205,0
0,0.751211896100166,1
0,0.24451791647053928,0
0,0.07177577043393348,0
0,0.06869477812218157,0
0,0.2169379571162486,0
0,0.4670952331968744,0
0,0.02812331784145143,0
0,0.09136022495147243,0
1,0.4449988170593715,0
0,0.08607191039229263,0
0,0.15736627464738093,0
0,0.4583382074958655,0
0,0.47098035095171503,0
0,0.24206211304006225,0
0,0.14800855907143157,0
1,0.3976948529423674,0
1,0.23819963099264826,0
0,0.16019361834082765,0
0,0.027583772102616602,0
0,0.20162489419264998,0
0,0.5786616057059794,1
0,0.01285427705627038,0
0,0.4508112908370178,0
0,0.0008737329921879766,0
0,0.06587561866208591,0
0,0.02934811006363756,0
0,0.0017741995118179788,0
0,0.5175287235535285,1
0,0.1325788409820384,0
0,0.009016029246480104,0
0,0.0013088277786212099,0
0,0.43500534754726694,0
0,0.7159193146085981,1
0,0.029993107099916365,0
1,0.5927513537443414,1
0,0.19074497520493894,0
1,0.7518844477756744,1
0,0.3354481203174035,0
0,0.011618322086763621,0
0,0.25403699152071646,0
0,0.0890459606239278,0
1,0.7496500119994784,1
0,0.30341377310149625,0
0,0.16370481455078034,0
0,0.2877264797931667,0
0,0.033729720686138824,0
0,0.19689061836455862,0
0,0.3016359599523868,0
0,0.3973838732921196,0
0,0.03355191621016991,0
0,0.07655149500278367,0
1,0.7775422670730073,1
1,0.3913701048832911,0
1,0.7647355749926018,1
0,0.5781465621126562,1
0,0.19396220089692875,0
0,0.33805859924545667,0
1,0.11384597659510293,0
1,0.3779858324372986,0
0,0.048517470650022015,0
0,0.09488688344435786,0
0,0.06370707689272867,0
1,0.28865509022655456,0
1,0.7379010357308678,1
0,0.0033577287971968866,0
0,0.027338573818218408,0
0,0.10700350179893485,0
0,0.016427132489350918,0
0,0.3308890476305788,0
0,0.12367141639336726,0
0,0.45960429489253946,0
0,0.0022845497554264296,0
1,0.6430989143034677,1
0,0.05872686115332588,0
1,0.48546825147114275,0
0,0.057895712954009346,0
0,0.0022684506797979957,0
0,0.352703022044713,0
1,0.40474104469178757,0
0,0.12759334856269425,0
0,0.001447917979224466,0
0,0.031401755813829604,0
0,0.0011273106870735752,0
0,0.045647139890794435,0
0,0.0034163384920915542,0
0,0.032362730146955204,0
1,0.6915366314984827,1
0,0.0013985312878078094,0
0,0.4818498554940847,0
0,0.36985214902247193,0
0,0.015144674960072917,0
0,0.1370624371677983,0
0,0.1567995340615567,0
0,0.003145828934599939,0
1,0.18957489713247444,0
0,0.5180353576964659,1
0,0.021067222024277705,0
1,0.4061186527024839,0
0,0.014577309504429991,0
0,0.031828915684470716,0
1,0.41006944955385904,0
0,0.0007870906140182057,0
0,0.3994582282710152,0
0,0.1351712666828792,0
0,0.047740367779308415,0
0,0.05558698178852788,0
0,0.003331356386124688,0
0,0.0503757750455465,0
0,0.3830570445778316,0
0,0.001939183782641065,0
0,0.05045305923744021,0
0,0.0852829753552322,0
0,0.034714750966589075,0
0,0.0895896955714857,0
0,0.007197826283951254,0
0,0.015902324744968957,0
0,0.3413306956806757,0
1,0.8158661638499609,1
0,0.011684238309598803,0
1,0.4164290576395645,0
0,0.04850000783351065,0
1,0.6976443165694601,1
0,0.6765612731557447,1
0,0.2248315532672695,0
0,0.005586977695088905,0
0,0.037843853620318904,0
1,0.5235206132468962,1
0,0.0029814152735794484,0
0,0.3451934735958188,0
0,0.6040123886163175,1
0,0.2529795188394571,0
0,0.019684279409407975,0
0,0.048692234510592014,0
0,0.03414471331402366,0
0,0.021778324378350398,0
0,0.004626888032852667,0
0,0.10605081895455527,0
0,0.09299916721987113,0
0,0.08995290514604719,0
0,0.0013644369508927223,0
0,0.8350628157848072,1
0,0.0035910126349644905,0
0,0.005901709506016209,0
0,0.0019254308266042977,0
0,0.3797156838991723,0
0,0.019613870321912967,0
0,0.48014267044003356,0
0,0.3410889940951144,0
0,0.10181386526926424,0
0,0.3286814446036117,0
0,0.3866418565294167,0
0,0.0149113069011929,0
0,0.06475292315723656,0
0,0.68334112849036,1
0,0.019168318615242798,0
0,0.004433864128553754,0
0,0.3128525764859251,0
0,0.0010638956743894595,0
0,0.058082157104877526,0
0,0.0045748490283937585,0
0,0.024694214818643933,0
0,0.336569665110396,0
0,0.053590363548175965,0
0,0.012161955259568284,0
0,0.505981882536089,1
0,0.363016954502001,0
0,0.011765984988695641,0
0,0.16674941217243622,0
0,0.0009235444482999435,0
1,0.9033404169375048,1
1,0.3837026816449696,0
0,0.30417833842530123,0
0,0.6783817873727961,1
1,0.8842387255508973,1
0,0.12396084850342798,0
0,0.0015671379215058427,0
1,0.7160769585681324,1
0,0.10469099427441797,0
0,0.446680134978597,0
0,0.049287223652219714,0
0,0.20803492542044505,0
1,0.33669529823830435,0
0,0.26411807984020264,0
0,0.0345305964879598,0
0,0.028435862035983764,0
0,0.12437351076850249,0
0,0.05473654884212624,0
0,0.6548417915472993,1
1,0.4672606849009513,0
0,0.3600949344115519,0
0,0.03593692719070857,0
0,0.3027315108907161,0
0,0.05436954027512291,0
0,0.35360151599031936,0
0,0.2524057239943953,0
0,0.01709063391985101,0
1,0.43518004350392103,0
0,0.4775985833605008,0
0,0.1399562250810341,0
0,0.49591271216334015,0
0,0.2770237303533572,0
0,0.05559266895393353,0
0,0.25465097367295764,0
0,0.3813747050034362,0
0,0.06468209696119344,0
0,0.10115173367011465,0
0,0.07380326686157272,0
0,0.022674539625081785,0
0,0.2986513269383527,0
0,0.36658523542721533,0
0,0.009924237913296649,0
1,0.30883206208555336,0
0,0.12747917404522485,0
1,0.6993727915830292,1
1,0.34559938828989095,0
0,0.01735530354297758,0
0,0.3213823283454264,0
0,0.0009564687686355695,0
1,0.24532607746700064,0
0,0.009124238699607632,0
0,0.16459081446912152,0
1,0.7859273512703525,1
0,0.014676521138876034,0
0,0.012953855005884854,0
0,0.3172531462760986,0
0,0.36572593044662377,0
0,0.0773383817937204,0
0,0.007635513560599489,0
0,0.07607666040455797,0
0,0.025500445036303776,0
0,0.0047368722946262536,0
1,0.7430260343144662,1
0,0.028251061353520127,0
0,0.07604553377212926,0
0,0.0463594556216285,0
0,0.2814107350662402,0
0,0.006567610609081519,0
0,0.0162504948084612,0
0,0.0010755452536215645,0
0,0.26129115324782837,0
0,0.12439915314598698,0
1,0.8803833889138214,1
0,0.5249873830720044,1
0,0.0012972736845021122,0
0,0.5997034807898841,1
1,0.3858123509921667,0
0,0.013452071994899329,0
0,0.03654222857555936,0
0,0.12347086378994387,0
0,0.007734218533687396,0
0,0.19534068028359358,0
0,0.022515002288594613,0
0,0.0014705783993556889,0
0,0.03473531959832501,0
0,0.5134173865176063,1
0,0.7985269468146408,1
1,0.6046792197329871,1
0,0.04580466368910086,0
0,0.0858695970710421,0
0,0.020356922433785188,0
0,0.0029954559774472674,0
0,0.3479587844428579,0
0,0.044134921696483975,0
1,0.2933287932921763,0
0,0.045302941027678276,0
0,0.0014026927989838837,0
0,0.001387883153591516,0
0,0.31186943542596846,0
0,0.1512828710356339,0
0,0.27600510979941756,0
0,0.021799341168997604,0
1,0.44711112384580476,0
0,0.02944120851180573,0
0,0.4041396318956704,0
0,0.422547621896868,0
0,0.6518791532133362,1
0,0.01657267178697797,0
1,0.4556394168890041,0
0,0.02679334125595271,0
0,0.039303159839932794,0
0,0.09079408526656926,0
0,0.2144258178053594,0
0,0.0077193524779517195,0
0,0.34023510707269133,0
0,0.006330365209519714,0
0,0.27764939889879725,0
1,0.5103956188036971,1
1,0.45811389003230685,0
0,0.007161523207477991,0
0,0.13616190625553207,0
0,0.01959902814062824,0
1,0.8100017698080422,1
1,0.1460067992192881,0
0,0.003229750853139068,0
0,0.3298875939101875,0
0,0.0690526334295611,0
0,0.2610189020037842,0
0,0.0881380719044767,0
0,0.002884204600793121,0
0,0.09863135080641477,0
0,0.1664081704789954,0
0,0.15616337433849575,0
0,0.38840168139370207,0
0,0.10920888668018058,0
1,0.4109379860613825,0
1,0.6124319266595549,1
0,0.3461008611063557,0
0,0.17276463074893184,0
0,0.023034306917495653,0
0,0.8576807725699038,1
0,0.5211700730183132,1
1,0.10469572423440225,0
1,0.44810106830783164,0
0,0.288780197414782,0
0,0.01707240540317755,0
0,0.2547369931263293,0
0,0.21367834977104155,0
0,0.13741274097661743,0
0,0.2787508109853933,0
0,0.31056888349442024,0
0,0.07974157282907797,0
0,0.5020613817880978,1
1,0.692384917337323,1
0,0.6982271557649811,1
1,0.5558722532713666,1
0,0.08422098885686483,0
0,0.526555639149021,1
0,0.0034413390451271324,0
0,0.13623465950568042,0
0,0.03751894642255251,0
0,0.1630137327289133,0
0,0.11867119636683159,0
1,0.2738708618115919,0
1,0.7203173633292941,1
0,0.024667064526365322,0
1,0.24020697351729572,0
0,0.002139642693755719,0
0,0.1385475519550652,0
0,0.08298187972451655,0
0,0.017147069143441364,0
0,0.04861986681212554,0
0,0.08550689241313858,0
1,0.4714033555487884,0
0,0.055513361503743315,0
1,0.18310796777282648,0
1,0.6956616078722045,1
0,0.4814069829960615,0
0,0.013642903426724449,0
0,0.5993034634844806,1
0,0.05625876599763825,0
0,0.09260559092660887,0
0,0.008555075390941866,0
0,0.2031831844222552,0
0,0.41036990427760534,0
0,0.6038559011936878,1
0,0.07819990548059594,0
0,0.02141226646191471,0
0,0.23755318058120733,0
0,0.4409359112998869,0
1,0.2550418764928741,0
1,0.36233568761037,0
0,0.7236559366177375,1
0,0.3378233290147287,0
0,0.23297569578478047,0
0,0.25517296424041275,0
0,0.08516544388321144,0
0,0.04567747287032641,0
0,0.044736993351573294,0
0,0.012639038267184105,0
0,0.34747444366727465,0
0,0.5402593526753726,1
0,0.04262327366946157,0
0,0.08129537743148461,0
0,0.012768724447905104,0
0,0.21731361258937898,0
1,0.8064150273672275,1
0,0.028995421887269064,0
1,0.7420606593988233,1
0,0.08183365904656811,0
0,0.09706754089230898,0
0,0.011803205338332895,0
0,0.1430264228418928,0
0,0.0189192826110165,0
1,0.521086791026656,1
1,0.5856398300678469,1
0,0.15504405281485253,0
0,0.22689749019668168,0
0,0.10131726863697392,0
0,0.3142050278768552,0
0,0.10123096653960045,0
0,0.04091033805416461,0
0,0.36185612052593,0
0,0.158037578155783,0
0,0.012275844988050661,0
0,0.07190868134160633,0
0,0.37153886257999325,0
1,0.71914625855426,1
0,0.3141166075510659,0
1,0.4592707514705815,0
0,0.0035664966133503386,0
0,0.4459624783619176,0
0,0.47953211570751963,0
0,0.38857602252487217,0
1,0.5118252259024081,1
0,0.7830438412657483,1
0,0.36787716128459336,0
0,0.015135131180933847,0
0,0.08357840461120954,0
0,0.008522024675369637,0
1,0.2607405329957221,0
1,0.3532250549719591,0
0,0.13057837802961583,0
0,0.05302086993702896,0
0,0.02660060200511138,0
0,0.07183242525888411,0
0,0.0018175711013448464,0
1,0.7800793077583339,1
0,0.386288910660738,0
1,0.34740806134271535,0
0,0.4539637844416151,0
0,0.035783351742513486,0
0,0.026482781288713283,0
0,0.0017846838235320327,0
0,0.12720253081144384,0
0,0.0679380334912943,0
0,0.0008963583811257385,0
0,0.01446343970070764,0
0,0.12510382817463567,0
1,0.7365253876617346,1
1,0.25460389899321745,0
0,0.09065761162635982,0
0,0.25024021323441564,0
0,0.08578286997658344,0
1,0.5650361524298237,1
1,0.6346692080579293,1
1,0.3254992112591913,0
0,0.06583812894793369,0
1,0.7280916483947598,1
0,0.18442142818046117,0
1,0.6689045178691244,1
1,0.49036795997139593,0
0,0.1566985630927785,0
0,0.3104620144691083,0
1,0.7470841739919513,1
1,0.06967975361559131,0
0,0.016176774675073877,0
0,0.0013096972038493726,0
0,0.0015855205437325312,0
1,0.3387793119791938,0
0,0.04266720732701189,0
0,0.3296073599563102,0
0,0.6988623887678393,1
1,0.8246099711657812,1
0,0.0014579588842748889,0
0,0.03803448008827778,0
0,0.020961213282666896,0
1,0.2603823364502836,0
0,0.009342193790228166,0
0,0.009461025744367264,0
0,0.289617532181759,0
0,0.024050297498157343,0
0,0.38145206469204807,0
0,0.6028590771780065,1
0,0.10251137838623485,0
0,0.06084460387193115,0
0,0.6395207287957638,1
0,0.0008876653576438393,0
1,0.23467967061052086,0
1,0.3162938140368426,0
1,0.18134305356100394,0
1,0.5797781420702253,1
0,0.13766236002092483,0
0,0.4943081985713953,0
0,0.3540773869639105,0
0,0.001818606457787452,0
0,0.0316151060968576,0
0,0.24769140215724864,0
0,0.03773617500727532,0
1,0.8006931505988562,1
0,0.01572606045394402,0
0,0.04910376537937158,0
0,0.46329646551470094,0
0,0.10948011323237214,0
0,0.7182728994568878,1
0,0.0036899075409517782,0
0,0.3748938265165003,0
0,0.0032528236919608265,0
0,0.009434654584314233,0
0,0.0011864382285484275,0
1,0.7732608872071778,1
0,0.002180565664942272,0
1,0.35941359177618426,0
0,0.050072012315208615,0
0,0.2648603616605163,0
1,0.7655223393780305,1
0,0.2417252941573514,0
1,0.27577729989516775,0
0,0.6061595364361618,1
1,0.69169361571556,1
1,0.05138743774890545,0
1,0.38003855241148676,0
1,0.8384402588486831,1
1,0.7839955302782363,1
0,0.21228784602732323,0
0,0.003155254566590033,0
0,0.40982065083925784,0
0,0.1894817037896728,0
0,0.00938304458072053,0
0,0.03401014517016559,0
0,0.02617778909248357,0
1,0.7665475661706656,1
0,0.36181574029304886,0
0,0.010446244105194078,0
0,0.1321453270722409,0
0,0.004895282276240162,0
0,0.24497073090173946,0
0,0.027061109312312284,0
0,0.35656522905622134,0
1,0.794194618028785,1
0,0.8528560191206995,1
0,0.17902306598230544,0
1,0.7063991734279534,1
0,0.015500703020942705,0
0,0.03851971437551984,0
0,0.32937765826507104,0
0,0.7628660964082872,1
0,0.001189933192931703,0
0,0.25393735097505954,0
0,0.14093682447839773,0
0,0.007845328503108609,0
0,0.01878304713388294,0
0,0.14192806619289638,0
0,0.008724493310753444,0
0,0.18160159665184986,0
0,0.0012049591081114174,0
0,0.03871820180862553,0
0,0.2901982116976746,0
1,0.38229186359656125,0
1,0.38950720772642067,0
0,0.005526871343834857,0
0,0.0030253069035473313,0
0,0.12009032676785576,0
0,0.0015530590877861222,0
0,0.08665463053528794,0
0,0.03859038571944031,0
1,0.3521235318279162,0
1,0.3011437414567931,0
0,0.05132501357518484,0
0,0.00503937019980665,0
0,0.19937550879405394,0
0,0.002945330190236932,0
0,0.08337685368528655,0
0,0.005224152935548973,0
0,0.6083966056907365,1
0,0.03791438485337711,0
0,0.0030311438848124074,0
0,0.036814927209047596,0
1,0.32143388951880075,0
0,0.19756055313301704,0
0,0.07005874471747464,0
0,0.026224173999966793,0
0,0.10999573947570328,0
0,0.16677214943234564,0
1,0.47400109562082193,0
1,0.4156521429530942,0
0,0.10691856800552678,0
1,0.393285314028993,0
0,0.6085665758280574,1
0,0.001305669442145285,0
0,0.04397950968908309,0
0,0.0995813949358509,0
0,0.017379796853636095,0
1,0.43401430426104254,0
1,0.5492243602856585,1
1,0.22342232339144596,0
0,0.07163517824190052,0
1,0.39126446188454095,0
0,0.6135146057755245,1
0,0.16221666153462397,0
0,0.0011086816801737906,0
0,0.011530240939013304,0
0,0.030189804549080077,0
0,0.0014945587435574793,0
0,0.009050454274038089,0
0,0.07807122790446656,0
1,0.7867611821326652,1
0,0.4946773480612112,0
0,0.027583444430662248,0
1,0.6523047369987988,1
0,0.0011897464067298002,0
1,0.4560752126835886,0
0,0.23359514960966743,0
0,0.735854844517585,1
0,0.0015381207172232667,0
0,0.011756383287764563,0
0,0.13649324521933748,0
0,0.0013335273999312252,0
0,0.00868656963665372,0
0,0.3717270109193303,0
0,0.2867164129298975,0
0,0.07534849825747146,0
1,0.5233942870952281,1
0,0.406605494851719,0
1,0.7534352777473177,1
0,0.44003895917365116,0
1,0.39385891301437104,0
1,0.73449397278829,1
0,0.1005288587325611,0
0,0.10229537986878544,0
0,0.008516804771654894,0
0,0.08156895223602242,0
0,0.0709289915549079,0
0,0.001347472234801367,0
0,0.3697985596139653,0
0,0.42930475805947815,0
0,0.5527211522859033,1
0,0.1379739015746316,0
0,0.01358832413144108,0
1,0.7010949891138821,1
0,0.025607894287413988,0
1,0.42696525057155454,0
0,0.0601771686611852,0
0,0.02269835647933023,0
0,0.005247714382419252,0
0,0.001180004846929783,0
0,0.2358456609781636,0
0,0.09866288657547073,0
0,0.1432280213348664,0
1,0.7528865483457143,1
1,0.013338306046906463,0
1,0.7360294756307738,1
0,0.011269094610985204,0
1,0.797370959797493,1
0,0.04332354600656139,0
1,0.8082616451487348,1
0,0.20374771811594275,0
0,0.011856780968992085,0
0,0.3095904569690458,0
0,0.060756233541711946,0
1,0.48164863576185524,0
0,0.8794878361281115,1
0,0.061465103769880874,0
0,0.421321313430558,0
0,0.23445302489478614,0
0,0.27224080152661684,0
1,0.39056965870410837,0
0,0.022631462566400185,0
0,0.30676165962496,0
1,0.07714638035427983,0
0,0.3255170868208133,0
1,0.8360676452411541,1
0,0.052971009740704386,0
0,0.015604261778771427,0
0,0.16233785753302693,0
0,0.25109159326657354,0
1,0.5291695034525008,1
0,0.070878279097214,0
0,0.04086838753481019,0
0,0.0044582391837799515,0
0,0.05979040113147593,0
0,0.06944467976546366,0
0,0.08153552537084537,0
0,0.0011573866914106289,0
0,0.0648770491462929,0
0,0.7414531265057418,1
0,0.43231038330945365,0
1,0.7143884234891569,1
0,0.006165600466412656,0
0,0.02557690510353564,0
0,0.04707240215874064,0
0,0.007087344035919193,0
0,0.2030952677895882,0
1,0.24972915144535346,0
0,0.30867705490753605,0
0,0.05493739638011796,0
0,0.2291545657372841,0
0,0.0018687444476312167,0
1,0.5614277204526643,1
0,0.37827368479565693,0
0,0.038561656853493546,0
0,0.029711672598509917,0
1,0.2095129347198364,0
0,0.30260825502380123,0
0,0.1966741227385112,0
0,0.04103272743470701,0
1,0.41087340555313806,0
0,0.48828022103957897,0
0,0.04751493908214394,0
1,0.3582410324642587,0
0,0.014411096959854769,0
1,0.5949817051140505,1
0,0.04741451799742252,0
0,0.008069782952278821,0
0,0.3375367026550981,0
0,0.004277148660399568,0
0,0.21552093862794292,0
1,0.369508356150371,0
0,0.02843951635903521,0
0,0.06782235368431526,0
0,0.2365605160418244,0
1,0.5769721974644955,1
0,0.07921629848766211,0
0,0.03590384444645994,0
0,0.0013666384895629623,0
0,0.010811415109248773,0
0,0.0869157564903308,0
0,0.0067843439926868155,0
0,0.2640244832046726,0
0,0.40171323557182637,0
0,0.02205604220441237,0
0,0.018217397892838903,0
0,0.0034610091918945134,0
0,0.005924558885248799,0
0,0.003700554751221578,0
0,0.001397665204345721,0
0,0.08302696051158368,0
0,0.4486986201386609,0
1,0.6903554636070214,1
0,0.6542973983539777,1
0,0.07500541345751448,0
1,0.6184270891285499,1
0,0.35282783875130136,0
0,0.014977235220052629,0
0,0.1594060486576878,0
0,0.004066670338887564,0
0,0.03950642275403307,0
0,0.31973030386160867,0
0,0.03520449433180857,0
0,0.044474725378262824,0
1,0.3526330508059285,0
1,0.6079825617090093,1
1,0.8273235763564537,1
0,0.11122388225462507,0
0,0.00923273406610276,0
0,0.1315623161155109,0
0,0.24658098791563773,0
1,0.34074082346561285,0
0,0.17234790503891392,0
0,0.05737430169806936,0
1,0.02751963453060879,0
0,0.6614942793175129,1
1,0.7407029098011457,1
0,0.026824206349094774,0
0,0.23708153920070799,0
1,0.2814701318805449,0
1,0.39062528800984203,0
0,0.3948744003885292,0
0,0.2709588562637729,0
0,0.11540938501725162,0
0,0.05382710547442364,0
1,0.4110121120986227,0
0,0.038270887256361276,0
0,0.0538768174512854,0
0,0.3637647648340969,0
0,0.018938695652419315,0
0,0.2306938320447352,0
1,0.8932462343325216,1
0,0.10938662520018241,0
1,0.7879279939565719,1
1,0.4336634849155696,0
1,0.7831012902262711,1
1,0.7917129675108271,1
0,0.0009489370549607502,0
0,0.44125588169073493,0
0,0.10865964762583893,0
0,0.0014787955609050735,0
0,0.015941897392326508,0
0,0.1691080163444613,0
0,0.01144455238779005,0
0,0.6732581082656267,1
0,0.25761552957476874,0
0,0.06470458463009451,0
0,0.7043300349011747,1
0,0.006228918022780568,0
0,0.34288962324651046,0
1,0.7358474681508409,1
0,0.07059479737877852,0
0,0.15832997043850966,0
0,0.0013254636217956911,0
0,0.006468542678167948,0
0,0.3280058638099469,0
0,0.4094831071005979,0
0,0.07137585276945252,0
0,0.014177249620486282,0
0,0.1963795489050748,0
0,0.07797832673365607,0
0,0.19311105548885188,0
0,0.05235911225978361,0
0,0.028547725115748213,0
1,0.5140585430357942,1
0,0.045275750608187136,0
0,0.1331692586599764,0
1,0.22957323199865862,0
1,0.8289815156124667,1
0,0.0013601972733406841,0
0,0.8643420227940891,1
0,0.2904336198080905,0
0,0.004329998750457361,0
0,0.007114207140248637,0
0,0.17706267133456788,0
0,0.0011018048637528213,0
0,0.09167596323646211,0
0,0.7267575023086708,1
0,0.0005771359459853198,0
0,0.4235682343310231,0
1,0.38709982250705843,0
0,0.0430627962455853,0
0,0.08727339600885436,0
0,0.1414457618635806,0
0,0.09809039640922793,0
0,0.011252957493694876,0
0,0.151511994763986,0
0,0.05140984433399786,0
0,0.020216016579821458,0
0,0.6490899447635546,1
0,0.014347810279604594,0
0,0.002214890364866784,0
0,0.047161752519840956,0
0,0.0039186676482262685,0
0,0.20543153061434885,0
0,0.03952922447290951,0
1,0.491975250496044,0
0,0.3045850230250905,0
0,0.09378900499471443,0
0,0.009179773094701115,0
0,0.5136049440389818,1
0,0.009937180693498473,0
0,0.022890798062365093,0
0,0.03427503669073989,0
0,0.01751079066362165,0
0,0.3549128556090788,0
1,0.4855165249454827,0
0,0.005230117320879519,0
0,0.026744944516249786,0
0,0.22438529404380816,0
1,0.6941121947233124,1
0,0.050923046699850705,0
0,0.03878645139643656,0
0,0.2985990574159234,0
0,0.0725326532468593,0
0,0.04309521820604411,0
1,0.5908866384462715,1
1,0.6798839546598991,1
0,0.0020361685230908203,0
0,0.2324447838131491,0
1,0.08176903046493451,0
0,0.03809723651819514,0
0,0.4034438106034446,0
0,0.04961345137876507,0
0,0.22489312534136968,0
1,0.2365652096319187,0
1,0.8279290878461254,1
0,0.02834800134127816,0
0,0.34324791428078705,0
0,0.0016373118125961846,0
0,0.020867924976254414,0
0,0.057851789113178925,0
1,0.7624582781404247,1
0,0.6249009534891162,1
0,0.028738445365673795,0
0,0.0027091767545732626,0
0,0.38898327476482597,0
0,0.41741265170570246,0
0,0.14318348449926493,0
0,0.6454849839822928,1
0,0.4757325911047263,0
0,0.15560733473211216,0
1,0.5326910609343912,1
0,0.5963401980258664,1
0,0.32379634061961565,0
0,0.006153540416049016,0
0,0.05550501940913833,0
0,0.03745130786704975,0
0,0.0028254840025305063,0
0,0.010526188145019448,0
0,0.37683203041083824,0
1,0.5223762862028027,1
1,0.7975084210552457,1
1,0.7744197157353208,1
0,0.4822947866941324,0
0,0.0029283313015995532,0
1,0.8623078567504885,1
0,0.07946261809039674,0
0,0.42260696882374993,0
0,0.0014331728733910979,0
0,0.2005968349169435,0
0,0.0016987073067328145,0
0,0.07362759243267528,0
0,0.20275675438828508,0
0,0.4433954476283427,0
1,0.30151999926911893,0
1,0.8315311116736679,1
0,0.0035735342686655487,0
0,0.008663482621647886,0
1,0.18707482714935705,0
0,0.0016165776242185964,0
1,0.37178980880709006,0
1,0.36822554842363636,0
0,0.5821379020298629,1
0,0.3982472029583293,0
1,0.6989571258579466,1
0,0.016912817083807326,0
0,0.0021585478704872975,0
0,0.6247859932178897,1
0,0.5591565429067902,1
0,0.07461602318885582,0
0,0.03823008417361724,0
0,0.05995032495239291,0
0,0.30354535060096205,0
0,0.31645753304044155,0
0,0.28181206824391597,0
0,0.002195009826592156,0
0,0.003813670354771056,0
0,0.3668231651944865,0
0,0.0027124907808092485,0
1,0.7672358236172697,1
0,0.03118881826431779,0
0,0.04869772562876573,0
0,0.023801116104805654,0
1,0.858080226402257,1
0,0.02943973026108738,0
0,0.001560300125874449,0
0,0.4836747173926597,0
0,0.30224563010858607,0
1,0.3606317601556955,0
0,0.03153260426892054,0
0,0.007556295370085949,0
0,0.005472383268544739,0
0,0.32547196055939487,0
0,0.0030492271724132103,0
1,0.2745770361455639,0
1,0.8847753600987355,1
0,0.021593675779019113,0
0,0.002360549904856119,0
0,0.045847474199850816,0
0,0.006589410386360237,0
0,0.17224011056057464,0
0,0.15295990994363057,0
0,0.10688000700213626,0
0,0.10250570304668466,0
0,0.19911766906730988,0
0,0.037994726420388286,0
0,0.23232690807900677,0
0,0.24771676283197608,0
0,0.7360986314251083,1
0,0.16268677238640147,0
1,0.7259583068789405,1
0,0.37972781394577365,0
0,0.001447905342976096,0
0,0.0011219225736003387,0
0,0.037982912769908755,0
0,0.46974890673656,0
0,0.2634880827796574,0
0,0.06606192304809207,0
1,0.5017630580988671,1
0,0.36895139375726216,0
0,0.023523826450746195,0
1,0.3710879911870203,0
0,0.1382640843751323,0
0,0.10730703667255559,0
0,0.024881826406538993,0
0,0.014747371047020135,0
0,0.007012196926969303,0
0,0.004146798241824172,0
0,0.039883775800850646,0
0,0.34688780532819663,0
0,0.04658706525685053,0
1,0.6910735642194007,1
0,0.020600944411907022,0
0,0.7336773672584305,1
0,0.003381035276179152,0
0,0.02865866055171116,0
0,0.03332431790195994,0
0,0.06294438327899159,0
0,0.09337583057423188,0
0,0.0029219602929346587,0
0,0.11627676363129905,0
0,0.042347271772585626,0
0,0.2345327628522372,0
0,0.006483588257826571,0
0,0.04384936667524764,0
0,0.08351506392334535,0
0,0.3201214046443895,0
0,0.10855431197335312,0
1,0.2419744755729614,0
0,0.6929232089243097,1
1,0.6702792763368525,1
1,0.6112116881816366,1
0,0.021801941498793668,0
0,0.0018740797169497976,0
0,0.06321876789823871,0
1,0.12142050817039443,0
0,0.03790722314250755,0
0,0.07997041395911174,0
0,0.022668742967998937,0
0,0.08857885644195675,0
0,0.2875102127605392,0
0,0.016660656393579713,0
0,0.05628908864708709,0
0,0.03917516281045602,0
1,0.3814615159954484,0
0,0.007768176383165626,0
1,0.7199217274360388,1
1,0.22577888169176075,0
0,0.35176962670614076,0
0,0.011718869075806762,0
0,0.3937440040749103,0
0,0.31769678344889574,0
1,0.4186100010403916,0
0,0.007801290313310407,0
0,0.0019054408324496602,0
0,0.22401496933413179,0
0,0.41119331837589035,0
1,0.1589286885048554,0
1,0.7552080941985817,1
0,0.06830962635993154,0
1,0.4215361732271532,0
0,0.06683079320170264,0
0,0.14693129896200582,0
0,0.005768006698322986,0
0,0.4641014862232095,0
0,0.07590579588130233,0
0,0.19105757166580012,0
0,0.06534339675209058,0
0,0.01074967106043649,0
0,0.01223995694136661,0
0,0.16240883350751797,0
0,0.004984068604702251,0
0,0.3877237784435038,0
1,0.4164628974825205,0
0,0.05318894173396939,0
0,0.01950920454788494,0
0,0.025153672388235345,0
0,0.008525552063521718,0
0,0.6386945810437531,1
1,0.4155068572661108,0
0,0.05724832519929481,0
0,0.03425182644296674,0
0,0.01009146306991883,0
0,0.05350070799816344,0
0,0.01857626325424745,0
0,0.01327586635774059,0
0,0.2999288340238311,0
1,0.7348549456888428,1
0,0.7151167461067651,1
0,0.09246873622987259,0
0,0.10764365440059548,0
1,0.5086091443448569,1
1,0.44721354906102406,0
0,0.07711664255446994,0
1,0.7662749438702023,1
0,0.2400400407081956,0
1,0.3339369756376349,0
0,0.10259819019135245,0
0,0.01071355913798321,0
1,0.36627078789113654,0
0,0.012285760420170861,0
1,0.5393158468481848,1
1,0.5289427726442981,1
0,0.008122367240907457,0
0,0.10403177801655909,0
0,0.08937410965609732,0
0,0.23245851614294483,0
0,0.029107787941602563,0
1,0.48911939942694344,0
0,0.34894182069442203,0
1,0.2826714825134143,0
0,0.44754935312119676,0
0,0.019205900227950184,0
0,0.12429401270125098,0
0,0.12277795256366186,0
1,0.7404813688469019,1
0,0.25030117288734866,0
0,0.007834948474212554,0
0,0.0027439254114895247,0
0,0.0006878681674365217,0
0,0.5454824925790613,1
0,0.06068760293315882,0
1,0.8171521483353055,1
0,0.005497678730425501,0
0,0.006331193367149982,0
1,0.1346658211177333,0
1,0.4389154917489501,0
0,0.2808255032003916,0
0,0.2821723611459817,0
0,0.0011043746185790276,0
0,0.4386458648426611,0
0,0.3117444950816223,0
0,0.012160382100257145,0
1,0.6685373177422581,1
0,0.10355301004426735,0
0,0.11026686429855284,0
0,0.05079789980792935,0
0,0.4810304237322839,0
0,0.0054299221386334895,0
0,0.26031341213162174,0
0,0.0066528945763982585,0
0,0.0044543542210462245,0
0,0.3613309088486829,0
0,0.49026696835453093,0
1,0.6467760727575049,1
1,0.09455765553317359,0
0,0.46248219332536705,0
0,0.007724026316891427,0
0,0.009351262191128636,0
0,0.013312718566290517,0
0,0.1978959204938831,0
1,0.815403934060562,1
0,0.05668851176769387,0
0,0.38711007757619287,0
1,0.2894673923421814,0
0,0.13844669728910433,0
0,0.010047063137095535,0
0,0.744048442659953,1
0,0.006167145866738177,0
1,0.13171687261373938,0
0,0.0069323121351662,0
0,0.671935195631315,1
0,0.4024258989621318,0
0,0.001592084121216698,0
1,0.042200581685492636,0
0,0.00584432431139274,0
0,0.30488244737056125,0
0,0.0030864289326159545,0
1,0.7550647720047443,1
0,0.3132214407348076,0
0,0.20247587461206462,0
1,0.8130242207633926,1
0,0.02515672249802567,0
0,0.025741504702677918,0
0,0.5697609796517975,1
0,0.7690217411963942,1
0,0.10049214939520391,0
0,0.047493894124923976,0
1,0.8635868825197958,1
0,0.08507174248513817,0
0,0.002747467613405678,0
1,0.17817823278459177,0
0,0.02618395208819226,0
0,0.05440206561397022,0
0,0.1291186137531944,0
1,0.2921846813711181,0
1,0.4784451087184841,0
0,0.38290648074203804,0
0,0.03119000032265387,0
0,0.025969155231990514,0
0,0.005763068762248729,0
1,0.2535382450615029,0
0,0.0019434343917080045,0
0,0.24075947283192128,0
0,0.036722318997501044,0
0,0.21359254763182953,0
0,0.0008318994096737722,0
0,0.015968497092508502,0
0,0.0012736687895186533,0
1,0.42809344285562234,0
1,0.39218930535845564,0
0,0.030570772872171147,0
0,0.038800509277456575,0
0,0.4112629819497511,0
1,0.5385343744243478,1
0,0.0067538265986333505,0
0,0.036672996239316503,0
0,0.01831566153619429,0
0,0.2531013526107663,0
1,0.8581095811238254,1
1,0.7609307346404397,1
0,0.0016422282516666373,0
1,0.793096295383307,1
0,0.0011800991324870348,0
1,0.15929869751248657,0
0,0.22606394982517342,0
0,0.0007254393143993032,0
0,0.011836664258142537,0
1,0.4655602276167227,0
0,0.024076608459861263,0
0,0.4178046309848616,0
0,0.09879997274831248,0
0,0.061420624696176374,0
0,0.27151812584034685,0
1,0.3988295297239497,0
1,0.7026009728881079,1
0,0.03132873160586874,0
0,0.1385703072031384,0
0,0.3641366928578213,0
0,0.3983114843561049,0
0,0.0013754628683737748,0
0,0.06717075276215428,0
0,0.3697963346962096,0
0,0.06765166133657237,0
1,0.24408916720051163,0
1,0.1927124891782496,0
0,0.21075596044755315,0
0,0.014833774054249776,0
1,0.5094630229381489,1
0,0.016820464704183188,0
0,0.2860064686971666,0
0,0.2718384605699021,0
0,0.719124661858719,1
1,0.35509272075729437,0
1,0.6428401263654142,1
0,0.01993472964618683,0
0,0.02537510196137812,0
1,0.41602605206307003,0
0,0.0025493943443632176,0
0,0.2638738062806791,0
0,0.34321931507675435,0
0,0.421468129342084,0
1,0.18278079088096036,0
0,0.17410828528902325,0
0,0.45895381939557106,0
1,0.4739536852662809,0
0,0.21877542843205217,0
1,0.7434783468546672,1
0,0.0008608577317580708,0
0,0.0046522975261352,0
0,0.03018699147390628,0
0,0.14252413037963113,0
0,0.05541384395009417,0
0,0.023481268003467056,0
0,0.33366065622515817,0
1,0.6399293769642906,1
1,0.2550862298743582,0
1,0.7885265286718212,1
0,0.057998215441355055,0
1,0.3801256566921849,0
0,0.016499276555796336,0
0,0.05955351008866308,0
0,0.20576921698778158,0
0,0.07912446048160128,0
0,0.018244341016232454,0
0,0.015526345414571048,0
0,0.2874933643515428,0
0,0.4048531149645461,0
0,0.4952930010834442,0
1,0.5612877440673959,1
0,0.46999309301241055,0
1,0.611944730875883,1
1,0.5341976484843044,1
0,0.34577658722244775,0
1,0.7335811333309763,1
1,0.06828472695957051,0
0,0.15275515647755883,0
0,0.04660442897243021,0
0,0.10030211937808672,0
0,0.016432993395678788,0
0,0.006283578534931995,0
0,0.1537492029268332,0
0,0.01731076804283454,0
0,0.03592250392486253,0
0,0.24186198926972388,0
0,0.031525657937337484,0
0,0.4240296709525677,0
1,0.5718301409897804,1
0,0.013180770452993134,0
1,0.349047086516226,0
0,0.0026363189906667317,0
0,0.09851119034689654,0
0,0.0028246770299903546,0
0,0.18674693487907612,0
0,0.21194844651485195,0
1,0.842816374617747,1
0,0.5371816333952169,1
0,0.0761585838604287,0
0,0.06589234391368855,0
0,0.07981882570034238,0
0,0.05917914861393303,0
1,0.36687991184434887,0
1,0.7335293648579331,1
0,0.015126214719595545,0
0,0.18555356421003,0
0,0.29734388240067483,0
1,0.4382121673966568,0
0,0.09018068994211649,0
0,0.29665089180086784,0
0,0.598011392020088,1
1,0.4776355494727037,0
0,0.10886204033081391,0
1,0.38895997362961837,0
0,0.4215498265735156,0
0,0.00289315793202138,0
1,0.5376425143204958,1
0,0.051608653689918293,0
0,0.040373943404502836,0
0,0.0329996810921806,0
0,0.10921953352828558,0
0,0.11904191044904672,0
0,0.3904766372956493,0
0,0.6890720242911124,1
0,0.137842551269386,0
0,0.20033698274704498,0
0,0.03712437843827451,0
1,0.3323970997702384,0
1,0.6338306325770032,1
0,0.22713418110594563,0
0,0.0015341741063049912,0
0,0.045143048909277346,0
0,0.19537260210717305,0
0,0.4343993460472586,0
0,0.02237700030465454,0
1,0.8843299583099489,1
1,0.644826936645743,1
0,0.029601704264482605,0
1,0.47111829407810013,0
0,0.4107807529384209,0
1,0.4623898723209577,0
0,0.09275939915740866,0
1,0.20508515358208515,0
0,0.04350710488364098,0
0,0.38606709463699856,0
0,0.36190436279934163,0
1,0.1083486701923348,0
0,0.2782573052620319,0
0,0.0435690331398325,0
0,0.05158201628630671,0
0,0.031460009654687385,0
0,0.0031941735421111574,0
0,0.3703404455994231,0
0,0.0043020015656382105,0
0,0.09382674215529638,0
1,0.7360469254639896,1
0,0.0134307350983291,0
0,0.018372118360100054,0
0,0.3228715290205673,0
0,0.0031648870244968346,0
0,0.06803389457881175,0
0,0.046641746583818956,0
1,0.8189285240111004,1
0,0.008560037293806557,0
1,0.28782415876169887,0
0,0.00404455175923491,0
1,0.878820555713817,1
1,0.3527219404207853,0
0,0.011346562439307522,0
0,0.015520832532702653,0
0,0.021082027235829793,0
1,0.7970934337069773,1
0,0.003567747827391062,0
0,0.46751719249837476,0
0,0.41047062957852026,0
0,0.08297420827466867,0
0,0.5820476323776931,1
0,0.048394430111055355,0
0,0.39649207972531914,0
0,0.14964772480364122,0
1,0.7030153877570388,1
0,0.7625608115441335,1
0,0.005581226996627189,0
0,0.20242742158945856,0
0,0.09213748418041756,0
0,0.006659332329656874,0
0,0.04379969787176737,0
0,0.09693568760452238,0
0,0.0019351162605965402,0
0,0.03572768537708889,0
0,0.09154667160047424,0
0,0.0330200835656512,0
0,0.001551179864157109,0
0,0.3496537569729425,0
0,0.03676956139676469,0
1,0.669800642814602,1
0,0.007708901782404296,0
0,0.003895052122458745,0
1,0.566000054902213,1
0,0.0024607218286901546,0
0,0.001247158226659123,0
0,0.03292000219349778,0
0,0.20809762070638907,0
0,0.027938098344487204,0
0,0.12230187032855513,0
0,0.13091696407884573,0
1,0.3368317821683866,0
0,0.007918791430682316,0
1,0.4840966642994264,0
0,0.0008877064944909372,0
0,0.1432836511157786,0
0,0.0013876796245135762,0
0,0.2536820249412744,0
1,0.7929781575223191,1
0,0.31466888649454916,0
0,0.0010897571340396494,0
1,0.47651666216501093,0
0,0.5076643741961494,1
0,0.34289149963344434,0
1,0.725564796161988,1
1,0.40738352894326746,0
1,0.38760513596748297,0
0,0.0048771550371183945,0
0,0.17244008482118445,0
0,0.08427640332019512,0
0,0.1664962946454545,0
0,0.5236802927076613,1
0,0.7382888927812603,1
0,0.2551581249282155,0
0,0.36693831150451894,0
0,0.3902776257048776,0
1,0.5091870918028298,1
0,0.17258581250003668,0
0,0.044680301429654706,0
0,0.08894572416415251,0
0,0.062394734382733005,0
0,0.029030682632925582,0
0,0.07792517904726763,0
0,0.013999702404341806,0
1,0.09433055155973434,0
0,0.3349839486399936,0
0,0.06443182203930668,0
0,0.0011184478378632378,0
0,0.19958029758381252,0
0,0.00834417747786109,0
0,0.031570063236397064,0
0,0.2735455277255866,0
0,0.1134245213669976,0
0,0.029378811289858007,0
0,0.1058079967916111,0
0,0.1622858573075684,0
0,0.4169211271887754,0
0,0.09937035051780031,0
0,0.6717833739977919,1
0,0.5011241279417729,1
0,0.016394153853159642,0
0,0.4373091761691667,0
0,0.294186507638111,0
1,0.6908328388312586,1
0,0.052931005997596585,0
0,0.004016106656114795,0
0,0.03300446190152839,0
1,0.2481708838161423,0
0,0.14992958778538545,0
0,0.04547992394511996,0
0,0.6381837313031362,1
0,0.19579771474973853,0
1,0.2487943883730648,0
1,0.30679170989201365,0
1,0.8190497038876949,1
0,0.3365409308271068,0
0,0.008033626444524803,0
0,0.15539304701729187,0
1,0.5947646219375331,1
0,0.017226861511764814,0
0,0.2954037250229322,0
1,0.7040700956363612,1
0,0.31006948969367976,0
1,0.8440425972149725,1
0,0.025485495259517127,0
1,0.34022778676709436,0
0,0.0849568900344691,0
0,0.06794360976092927,0
1,0.45584919134301854,0
0,0.0009083455975203774,0
0,0.001067420704624276,0
0,0.1145931587613054,0
0,0.07717114190170193,0
0,0.3329387046322885,0
0,0.1284175742672394,0
0,0.01887329874477733,0
0,0.3473644562177749,0
1,0.39279850748074246,0
0,0.03310295402216936,0
0,0.40679865590102865,0
0,0.0010096447582024347,0
1,0.5762058799117187,1
0,0.15507630049689436,0
0,0.14127498391515983,0
0,0.0035775954565582767,0
0,0.08233382336135962,0
0,0.19947603992562876,0
0,0.001726703891312662,0
1,0.6592434481495811,1
0,0.049215811966481414,0
1,0.7046265853692009,1
0,0.38816079416061017,0
0,0.07541414461050598,0
0,0.319196083850197,0
0,0.6710698427908559,1
0,0.31659220586935066,0
0,0.07488933977433765,0
1,0.3859555112724212,0
0,0.009986444935245434,0
0,0.1333680048962735,0
0,0.28221438438281776,0
1,0.43612994082869344,0
1,0.8116927223037095,1
0,0.22742484398927698,0
1,0.6041946654721035,1
1,0.76375126491125,1
0,0.020648740632657262,0
0,0.03519548762841099,0
0,0.07798309631389073,0
1,0.43316084654540465,0
0,0.09792891558613637,0
0,0.0031299336912983746,0
0,0.1623408187714804,0
1,0.2433113334911834,0
1,0.49025499192904914,0
0,0.0812434343376769,0
0,0.22944110955218303,0
0,0.00906844305608807,0
1,0.3699554776031618,0
0,0.33775714910087345,0
0,0.08702380493976064,0
1,0.11640778310942144,0
0,0.001334519073662494,0
0,0.18600762693894837,0
0,0.24405534266042517,0
0,0.026232593198599777,0
1,0.6884711507285921,1
0,0.37963663927754643,0
0,0.07914160638395891,0
0,0.43456652794123296,0
0,0.23114767625910582,0
0,0.37956045113894044,0
0,0.43896079282609235,0
1,0.7942925979518773,1
0,0.3024584805200637,0
0,0.43145411455961524,0
0,0.0009101674246414684,0
0,0.4469632764051363,0
0,0.043495377361157134,0
0,0.023724645825310663,0
1,0.47831382464366207,0
1,0.8510189072263853,1
0,0.0854812983698455,0
0,0.34598352902059126,0
0,0.008599954112518387,0
0,0.0668506839303207,0
0,0.12536866369097918,0
0,0.2221030643923718,0
0,0.008725142463618649,0
0,0.030345259244445585,0
0,0.0325977747268742,0
1,0.5455402490095425,1
0,0.003655983567851904,0
1,0.8696147328159101,1
0,0.35791382935343596,0
1,0.7425700746944244,1
0,0.09695784501066514,0
0,0.11179037569103428,0
0,0.017392096352809364,0
0,0.0057925377929933545,0
0,0.3725604609558886,0
1,0.7733387962884453,1
0,0.002764440921988461,0
1,0.6602344313056876,1
0,0.17727475382619357,0
1,0.7716099563429595,1
0,0.23883608289145772,0
0,0.001419618501486672,0
0,0.02928290166977932,0
1,0.8117770539949872,1
0,0.001101150291014841,0
1,0.07128345516963862,0
0,0.002162753904433053,0
0,0.3284733602433482,0
1,0.6234005220797694,1
0,0.019335974261183983,0
0,0.06841642919721115,0
0,0.0016255290183665898,0
0,0.0011211509677620986,0
1,0.3810715436816099,0
0,0.21120786695774874,0
0,0.2137881874764625,0
1,0.44475460571723313,0
0,0.3914108065678613,0
0,0.1881067919805681,0
1,0.4583075700535072,0
1,0.8653282065318542,1
0,0.017987532979496238,0
1,0.3005293280920636,0
0,0.18238810158680227,0
0,0.026934195367443285,0
0,0.10137849113846428,0
0,0.07832756850905667,0
0,0.0506825277730811,0
0,0.12500465549972709,0
0,0.2164059334990428,0
1,0.4438981022741164,0
0,0.04216436599389631,0
1,0.4592409016172917,0
0,0.06383742398661527,0
0,0.033905032463531666,0
0,0.04929130052546532,0
0,0.20644942426781218,0
0,0.00868117990894581,0
1,0.3385227847504392,0
0,0.013787683361091057,0
1,0.39504382642386227,0
0,0.006089723160228687,0
0,0.32148341513569767,0
0,0.01563723602869167,0
0,0.01954582577106872,0
0,0.0018617748438317075,0
0,0.010914810812110633,0
0,0.039389526211433684,0
0,0.03547498855843936,0
1,0.5224732080662612,1
0,0.04963429060376146,0
0,0.006974734638810807,0
0,0.36706140728137576,0
0,0.016145191271778367,0
0,0.0018721583648234816,0
0,0.5819881784496005,1
0,0.19923009798762678,0
1,0.20365882300174035,0
0,0.05413432738341678,0
1,0.80719988560585,1
0,0.04827035344700269,0
0,0.003183480488532534,0
0,0.018694402224019545,0
0,0.24039636901097095,0
0,0.0905629526631596,0
1,0.18386726111462737,0
0,0.10204130138033925,0
0,0.0657138406682679,0
0,0.42993043576119,0
0,0.010187705043628637,0
0,0.004487057811170815,0
0,0.1633295407246025,0
1,0.7976183917640455,1
0,0.2272764993697418,0
0,0.3848845974915129,0
1,0.20426932322137492,0
0,0.009817895354707661,0
1,0.485171790055349,0
0,0.39364788227761294,0
1,0.29157942607438864,0
1,0.11537728382238856,0
0,0.16799577894079923,0
0,0.11473899002369159,0
0,0.09297951615064974,0
0,0.34456123525993704,0
0,0.03432611480001464,0
0,0.0020152453073035963,0
0,0.0545961451674182,0
0,0.00792154869444455,0
0,0.053049165868605835,0
0,0.04381420585429029,0
1,0.8648577849057637,1
0,0.0890744158269862,0
0,0.41752453455942967,0
0,0.0012349672720750734,0
0,0.22245916128509996,0
0,0.0033588823286234116,0
1,0.19947410703868973,0
0,0.03815591180831256,0
0,0.4600927376354012,0
1,0.535361951263803,1
0,0.004232360945632455,0
0,0.2805748408505526,0
0,0.0087643571238705,0
0,0.0022599437448617907,0
1,0.49989790528562617,0
1,0.2475708078355333,0
1,0.7669181298247228,1
0,0.23683677396808867,0
0,0.3598462557082464,0
0,0.06489144803161198,0
0,0.17419030076196226,0
0,0.020486083317294165,0
0,0.0016891467415439598,0
0,0.009948157467647855,0
1,0.3733412857949427,0
0,0.19013064881036446,0
0,0.0007503889115967832,0
1,0.6896407551767411,1
0,0.03375132467076794,0
0,0.029935848209562233,0
0,0.832697834021895,1
1,0.6137060979938901,1
1,0.3849657804496647,0
0,0.14620128405688956,0
0,0.002059329766346048,0
1,0.770700971683856,1
0,0.010233819961216105,0
0,0.06114697275222148,0
0,0.005288592010970484,0
0,0.01594164312037093,0
1,0.2864928570033642,0
0,0.01542031612725615,0
0,0.0006839147894942382,0
0,0.005877074400812966,0
0,0.016373623806829135,0
0,0.2490785440073173,0
0,0.007846269191804785,0
0,0.0014611696504429907,0
0,0.4796052791041727,0
1,0.4861178528514629,0
0,0.03059152147828326,0
0,0.2583299030898074,0
1,0.5041955756784586,1
0,0.019890149504213427,0
0,0.014754953762134499,0
0,0.09674533053321197,0
0,0.3103454370319719,0
0,0.10547025609887294,0
1,0.3337550098417197,0
0,0.013611085014210702,0
0,0.04201219580657493,0
0,0.1088290786951465,0
0,0.2641572231461287,0
0,0.018371163041838313,0
1,0.4851849573002761,0
0,0.04480157237649522,0
1,0.6214286408989641,1
0,0.0018437671888143273,0
1,0.7838397209529111,1
1,0.5336380042011681,1
0,0.00400290501015037,0
0,0.06008430038941988,0
1,0.18480524436105117,0
0,0.34272940406423624,0
0,0.003142160687254813,0
0,0.051039989444607636,0
1,0.6730184334985843,1
0,0.043712943927429644,0
0,0.3342656442012717,0
0,0.011545745364830462,0
0,0.30227006727983935,0
0,0.0037514290799990167,0
0,0.5639994224257349,1
1,0.47505103049033776,0
0,0.014342584691315113,0
0,0.024936491414080227,0
0,0.2248302049306291,0
0,0.12590820058929694,0
1,0.768182251447626,1
0,0.32495492723604724,0
0,0.001404529825997415,0
0,0.29137622935573154,0
0,0.27057011314740814,0
0,0.4806403407072037,0
1,0.4009716527395697,0
0,0.15956325158911955,0
1,0.7718377802362211,1
0,0.03320479826045973,0
0,0.22582383929051994,0
0,0.013293008929241932,0
0,0.4847676701930169,0
0,0.3993309797547719,0
0,0.03836257900265467,0
0,0.4720375998946517,0
0,0.022753545383087225,0
0,0.0652404291565657,0
1,0.3856788818217637,0
0,0.13511274929308,0
0,0.03489710684012018,0
0,0.01721368905975676,0
0,0.32306157586205586,0
1,0.650569420255992,1
0,0.674414607223069,1
0,0.021778270624467848,0
0,0.4211975230521845,0
0,0.0015619033764813892,0
1,0.6936281034126154,1
0,0.3942194902500152,0
0,0.07046259990265664,0
1,0.7300650933252218,1
0,0.09272633552966879,0
0,0.009023332543566383,0
0,0.07077005165825163,0
1,0.5930141692945452,1
0,0.03864101433261057,0
0,0.010546442499570487,0
0,0.22177843774588776,0
0,0.007534962446718901,0
0,0.16458667057097334,0
1,0.4939619106774444,0
0,0.003583688404215431,0
0,0.20922854194150023,0
0,0.0030041310242368067,0
0,0.01999894007458096,0
0,0.036796544672597735,0
0,0.7095612559069481,1
0,0.37702019312505924,0
0,0.4382655179842862,0
0,0.4563302871753326,0
0,0.2893470792569424,0
1,0.559427332968732,1
0,0.31535732069755346,0
0,0.06861143642169744,0
0,0.28038994153685054,0
0,0.07922957474668112,0
0,0.0255314905870571,0
0,0.011455039246521295,0
0,0.019944446775763937,0
1,0.3667150447139782,0
0,0.01291113600585848,0
0,0.12692100434938863,0
0,0.6053105991722831,1
0,0.023784629114612783,0
0,0.04313640122998352,0
0,0.028605838719601605,0
0,0.010081397447431162,0
0,0.016901714083598043,0
0,0.04160690785999553,0
0,0.07801710987500153,0
0,0.8198185315340646,1
0,0.08510011935480329,0
0,0.12077554343642827,0
1,0.4380589692093665,0
0,0.39496753650974,0
1,0.8101654960634148,1
0,0.007435739919740869,0
0,0.010100993264406983,0
0,0.3483578642229268,0
0,0.001192707056134808,0
0,0.06717672985667977,0
0,0.0007486973311046284,0
0,0.008472794484631114,0
0,0.0023324016809922617,0
0,0.4396357086437025,0
0,0.001401768267881092,0
1,0.5050751315037924,1
0,0.45451751659686906,0
1,0.3717823732997413,0
0,0.3590001462157115,0
0,0.1958155478671243,0
0,0.4056684215113185,0
0,0.05518888783564384,0
1,0.8141982215410564,1
1,0.5008954715574191,1
0,0.12715262149602352,0
0,0.032846854468710565,0
0,0.03388446553953083,0
0,0.6296922738944403,1
1,0.3922872826434164,0
0,0.025136120727008434,0
0,0.05982241706529567,0
0,0.04316607217504702,0
0,0.2754981532090085,0
0,0.07827915400074496,0
0,0.007213600462784996,0
1,0.47816119213514013,0
0,0.013469424546296927,0
1,0.7675211890860316,1
0,0.45942187936321743,0
0,0.022817569353672473,0
0,0.27142697352283807,0
1,0.4729415017524668,0
0,0.016663197462794634,0
0,0.032946639013727075,0
0,0.07093278243572762,0
1,0.10663294109985891,0
0,0.612671989657957,1
0,0.050443451136040915,0
0,0.07311944007505765,0
0,0.2200186661402835,0
1,0.7430963905666492,1
0,0.0024679171809562665,0
0,0.0648201961713317,0
0,0.0016314778765130628,0
0,0.025637840470259538,0
0,0.004180782258774411,0
1,0.7359937035343432,1
0,0.040188670164076325,0
0,0.03365333512543877,0
0,0.01023814021046153,0
1,0.544510777248751,1
0,0.012633128450603472,0
0,0.40486871147330644,0
0,0.0011594390752018555,0
1,0.06720067373946653,0
0,0.16812504671273779,0
0,0.02323013609555812,0
0,0.014771430832413456,0
1,0.8945413586018052,1
0,0.019538462862668787,0
1,0.7395889995749556,1
0,0.002515740230669519,0
0,0.03954496975809181,0
0,0.1626344674789583,0
1,0.6288138767275202,1
0,0.027909196234116126,0
0,0.42545803594193465,0
0,0.042028355927851535,0
0,0.7011144770226436,1
0,0.309216785435666,0
0,0.5311940500173793,1
0,0.06787902485458236,0
1,0.3281738908825056,0
1,0.5069567698919094,1
0,0.014388739410065163,0
0,0.4142355686773865,0
0,0.040989821903659324,0
0,0.14738372662512833,0
1,0.4043012809181128,0
0,0.2360128340842839,0
0,0.49396561445174375,0
0,0.35157083569405706,0
0,0.01039817901402867,0
1,0.4588361747704108,0
0,0.1085868977460076,0
1,0.5098597243376274,1
0,0.47197527466199857,0
0,0.42553933056751553,0
1,0.83094857132152,1
1,0.6064537557178667,1
0,0.03662325584061982,0
0,0.0676952401839137,0
0,0.4069397058958934,0
0,0.25196092314876883,0
1,0.6773867743141767,1
0,0.3476992815490357,0
0,0.04413018832800881,0
0,0.362021262350499,0
0,0.3798982890740506,0
0,0.01869026641229575,0
0,0.0006291849963914398,0
0,0.05824119287118212,0
1,0.35730272978911864,0
0,0.5001686973230354,1
0,0.061578874541705325,0
0,0.5641918909127479,1
0,0.09864171237875437,0
1,0.7000377423511126,1
0,0.005321849645523287,0
0,0.047088310825001284,0
1,0.3354494349190519,0
0,0.0011521443751221926,0
0,0.027908993302073314,0
0,0.01809088271836338,0
0,0.001157555410732819,0
1,0.30493390089723565,0
0,0.2563982417825262,0
0,0.19563411713207246,0
1,0.6794117428460305,1
0,0.2122130365092284,0
0,0.38684522714794434,0
0,0.03313365348854126,0
0,0.02793761094544771,0
0,0.3601052558120216,0
0,0.0011136675392604224,0
0,0.5956981664843188,1
0,0.2715514778438674,0
0,0.026270165506028148,0
0,0.008260282275854663,0
0,0.22096805585654486,0
0,0.0012689287057088459,0
1,0.4766726438021689,0
0,0.020948984792768344,0
1,0.3906174240015586,0
0,0.014797746034778035,0
0,0.052919548956720804,0
1,0.6844054842878307,1
0,0.025450548390687836,0
0,0.06086115769500583,0
1,0.41582650915344893,0
0,0.00596375975455476,0
0,0.3592115997032015,0
0,0.36406768871969925,0
0,0.001552943336474581,0
1,0.1307599109614077,0
1,0.5149672769923298,1
0,0.31337273769786067,0
0,0.15012712877708456,0
0,0.02009434330320544,0
0,0.09721760336139354,0
0,0.09798453556871835,0
0,0.1715862815440482,0
0,0.7019931332896054,1
1,0.7651077437260076,1
0,0.17984468227098127,0
0,0.0010963316485383607,0
1,0.4607874360580103,0
0,0.04247071876872826,0
1,0.7380421521796855,1
0,0.4214611849760748,0
0,0.09431968436836274,0
0,0.0011779567667559322,0
1,0.6976061446168806,1
0,0.024412205809848497,0
1,0.7785584586192736,1
0,0.05766752725439337,0
0,0.1324226991089234,0
0,0.02925598945791764,0
0,0.026464888367900112,0
0,0.0008785686407316199,0
1,0.3993463286837768,0
0,0.12277993601605813,0
1,0.6336189873654012,1
1,0.6618734431937865,1
0,0.03555184097543643,0
0,0.009242165036295378,0
0,0.27907746821887763,0
0,0.006776423435255279,0
1,0.7203449100865683,1
0,0.4558712855789338,0
0,0.1811791541726266,0
0,0.550200502905403,1
0,0.04135361842761905,0
0,0.01663865274498369,0
0,0.0011857928480222483,0
1,0.05511535271036169,0
1,0.4833475375853874,0
1,0.4497501944354042,0
0,0.02098444147725832,0
1,0.5715948747607523,1
0,0.011719710412806995,0
0,0.09332033180540794,0
0,0.007921664306435,0
0,0.094447976329217,0
0,0.032414499265687194,0
0,0.01896180521908234,0
1,0.740534934404283,1
1,0.24582197503232986,0
0,0.013920423884682332,0
0,0.332690707617989,0
0,0.5846273323529979,1
0,0.004771164926761772,0
0,0.01009753714038999,0
0,0.5545142748764043,1
0,0.30570384614781126,0
0,0.001355655066951846,0
0,0.4542955249002992,0
0,0.013961296990156852,0
1,0.6699867232320519,1
0,0.05334413076660601,0
0,0.07161542492314457,0
1,0.3858771344694522,0
0,0.6587571903430631,1
0,0.4669136197710849,0
1,0.38918078805202116,0
1,0.7662931231107473,1
0,0.0014785257464067652,0
0,0.16958043683120913,0
0,0.24011517886853948,0
0,0.05169481868044481,0
0,0.536122438780631,1
1,0.37225078281666923,0
0,0.007345831385486663,0
0,0.2550878784382819,0
0,0.015469250733648496,0
0,0.015065941070517633,0
1,0.8940550920890599,1
0,0.04626091519454067,0
1,0.7716422851889111,1
0,0.4977706799725169,0
0,0.0017529498361950947,0
1,0.6593586946567684,1
0,0.12946186726947803,0
1,0.33162032614863235,0
0,0.7295399788959552,1
0,0.1293518210851907,0
1,0.6721295542778551,1
0,0.06242945740063537,0
0,0.010208384144954319,0
0,0.027389831331699845,0
0,0.3837103149707234,0
0,0.3024983250549542,0
0,0.03630523021151306,0
0,0.2861105086597561,0
0,0.09335731361952275,0
1,0.49952768807826653,0
0,0.0023335258011544526,0
0,0.11844706933819836,0
0,0.40101046098271165,0
0,0.35676769757252913,0
1,0.3595406432969681,0
1,0.38178991749376,0
0,0.1423538238831861,0
1,0.5862892822001805,1
0,0.016480419351090105,0
0,0.23726201453424153,0
0,0.04733550530330498,0
0,0.024576178021784842,0
0,0.01623864784993106,0
0,0.047951419823572546,0
0,0.23821873826209977,0
0,0.1307832146523638,0
0,0.018706768836143278,0
0,0.015773833620850292,0
0,0.02845267695391251,0
0,0.01437523844344119,0
0,0.0012804125218940543,0
0,0.06776822019812814,0
0,0.009240797370735776,0
0,0.011013401944091217,0
0,0.29300691035566423,0
0,0.34068387520340687,0
1,0.29147893862116314,0
0,0.1504206023037137,0
0,0.1353646324178254,0
0,0.004088104856522285,0
0,0.006088165893257066,0
1,0.35729472502284354,0
0,0.1803326871312154,0
0,0.02627438903805278,0
0,0.25375201363701333,0
0,0.7359016086547538,1
0,0.012978815102126144,0
0,0.0017679196528755244,0
0,0.6406682325650054,1
0,0.1196824040874932,0
1,0.5421470282781398,1
0,0.20436260070302772,0
0,0.02996052177545291,0
0,0.0007254393143993032,0
0,0.03711601837465814,0
1,0.6404295765942745,1
0,0.07614835456005686,0
0,0.2797916521419705,0
0,0.008139315103298824,0
1,0.7704524265050149,1
1,0.20482912447631219,0
1,0.2062678056875283,0
0,0.07133610507550275,0
0,0.0013756264825369028,0
0,0.4797450887152449,0
0,0.10724444324175701,0
0,0.049513082259325276,0
1,0.11385032559687977,0
0,0.0028290416760805583,0
0,0.029402123419273517,0
0,0.5028215617214647,1
1,0.8472227486157347,1
0,0.380433678357115,0
0,0.11436053112577016,0
0,0.3165273763227027,0
0,0.1509745470720105,0
0,0.031013208363311437,0
0,0.32349428168760325,0
0,0.4360565177111075,0
0,0.005242388421739884,0
1,0.24621883556296795,0
0,0.0807576671659817,0
1,0.5662382632530215,1
1,0.7910232646760097,1
0,0.027557851169951828,0
0,0.0022284114675769117,0
0,0.005464834212527593,0
0,0.3522953702026365,0
0,0.2648662175780204,0
0,0.024570126972090503,0
1,0.7100247194989154,1
1,0.7694194107963791,1
1,0.13562448844238806,0
1,0.040490931808145295,0
0,0.4056826940678252,0
0,0.27816163392729226,0
0,0.19264496901156633,0
1,0.617404837696419,1
0,0.04387246968910428,0
0,0.012330356995400296,0
0,0.10903047698491929,0
0,0.004248947076169824,0
1,0.36905540981579743,0
0,0.04783275698831853,0
0,0.008587572606352312,0
0,0.045768019687404154,0
0,0.14725689355156366,0
1,0.6527415897547256,1
0,0.5614512864807419,1
0,0.28454238761591727,0
1,0.6951445640054723,1
0,0.028165953459355374,0
0,0.2485679709902518,0
0,0.20937074281894139,0
0,0.36687700879464613,0
0,0.3026203363990134,0
0,0.370661975750075,0
0,0.003440411093127468,0
0,0.035289847966593055,0
1,0.7964149264164346,1
0,0.006334966120859791,0
1,0.6746827316206989,1
0,0.3792815979376208,0
0,0.001310366842288075,0
0,0.022143770476989982,0
0,0.3981257345687319,0
0,0.03619531752697194,0
0,0.042377947791756646,0
0,0.038526847183665544,0
1,0.5453405311981012,1
0,0.23519664411878125,0
1,0.1483972434670954,0
0,0.001032207821886761,0
1,0.045244747739780544,0
0,0.03756799791409275,0
0,0.12367974104672932,0
0,0.09022784714812214,0
0,0.09093214192443462,0
1,0.8970885841986554,1
0,0.024092577761492002,0
1,0.2622572686099356,0
0,0.014255673649301723,0
1,0.362363681053008,0
0,0.3001747423579266,0
1,0.7533995193338954,1
0,0.012022524213583964,0
0,0.4950036506125171,0
0,0.0023461086428036644,0
0,0.01266529744911805,0
0,0.03873373284901443,0
0,0.006542463266184211,0
0,0.019111612379470955,0
0,0.011560465114216639,0
1,0.7535675837486169,1
0,0.0023152290680208613,0
0,0.22303871017760182,0
0,0.009784933088528765,0
0,0.15713663465410316,0
0,0.030423868543679403,0
0,0.021140167111089823,0
0,0.001591973686034119,0
0,0.005742340239877639,0
1,0.8092732777851045,1
0,0.27161706982601447,0
0,0.3893790929374588,0
1,0.49712806902195533,0
0,0.04990517307227108,0
0,0.0200915404862184,0
0,0.012118595451807322,0
0,0.028448198852619015,0
1,0.1597997871887388,0
1,0.33544059365660417,0
1,0.4785608591495512,0
1,0.5931695135865036,1
0,0.2847400808441327,0
0,0.6422912883421137,1
1,0.9043363345795834,1
0,0.23957058746060728,0
1,0.5667583623227977,1
0,0.11635342499380334,0
1,0.39400760928806894,0
0,0.01969059089920641,0
0,0.016565701699900192,0
0,0.0023437499938007826,0
0,0.1455156313306273,0
1,0.12121807896403265,0
1,0.1466881960754106,0
1,0.6884812695208837,1
0,0.33618067196045437,0
0,0.32960363290868394,0
1,0.6095644608227024,1
0,0.012157110321638926,0
0,0.039642047077442816,0
0,0.006295796274276637,0
0,0.07070153658731601,0
0,0.10457040346791872,0
1,0.71385579778585,1
0,0.09684593018818966,0
0,0.030987329018068936,0
0,0.007393944570748165,0
1,0.8958610341989202,1
1,0.4082431159053402,0
0,0.026249820772929998,0
0,0.20428378316184947,0
0,0.17209276181788194,0
0,0.036418505598534254,0
0,0.3652101192342223,0
0,0.0011119340761254627,0
0,0.3536488111141668,0
0,0.02627228101681075,0
0,0.39144746118270857,0
0,0.12100036630428111,0
0,0.0009487190936334534,0
0,0.2939215874154693,0
0,0.5143183158412293,1
1,0.602260379630351,1
0,0.3295988811798183,0
0,0.16000305561871492,0
0,0.05797956288870568,0
0,0.17766345391721708,0
1,0.4461229514328426,0
0,0.08514407029415196,0
1,0.3916338118134302,0
0,0.03687010048318622,0
0,0.0010152157579280902,0
0,0.025942768775503038,0
0,0.02090225622674938,0
0,0.35625755260780934,0
0,0.20317307214055613,0
1,0.5694185735076496,1
0,0.6503871280015225,1
1,0.8230428694880371,1
0,0.6821312757016047,1
0,0.016304639083833068,0
1,0.38221331687134735,0
0,0.005514682262449996,0
1,0.7640150236393137,1
1,0.8689055558643569,1
0,0.10039723646147206,0
1,0.6046201030195356,1
0,0.01617700399352333,0
0,0.3101038463951017,0
1,0.8087412215788965,1
0,0.001892153697390713,0
0,0.4756264500571974,0
0,0.10102193212246455,0
1,0.15774629437256665,0
0,0.006761587887282995,0
0,0.09627902976190024,0
0,0.004671933962316191,0
0,0.008885945415694837,0
0,0.1043656949877311,0
0,0.011218877185517668,0
0,0.06793722900957379,0
0,0.445251846723221,0
0,0.16087296758918446,0
0,0.4189005795894619,0
1,0.23984009031675985,0
1,0.37067694640701865,0
0,0.0014107434922880457,0
0,0.19918516574776737,0
0,0.0049025519299861695,0
0,0.005933853502683641,0
0,0.001603265499983569,0
1,0.7365611268076296,1
0,0.017367596419727717,0
0,0.42186514883907505,0
0,0.21729553858805584,0
0,0.32772896957940584,0
0,0.024125522467650366,0
1,0.19510701623003066,0
1,0.7487878326322992,1
0,0.06943166270547148,0
0,0.057117225193704234,0
0,0.011127605915737904,0
0,0.05179112320988828,0
0,0.24410322473629212,0
0,0.005090091848456117,0
0,0.007574160451496202,0
0,0.2377226035056334,0
1,0.28538394483593893,0
0,0.0027792469519687607,0
0,0.024090224046524833,0
0,0.001039652208188365,0
1,0.7651524934072603,1
0,0.44187390752895905,0
0,0.00641198833341566,0
0,0.23169197932650154,0
0,0.4673995239926033,0
0,0.13478303356759144,0
0,0.03827251860102571,0
0,0.04017328795377998,0
0,0.7944767259538631,1
0,0.001912795344510224,0
0,0.04253262191460171,0
1,0.04370965818290964,0
0,0.2055459453505888,0
0,0.03094599887906061,0
1,0.2147757627787947,0
1,0.4139354298393846,0
0,0.15625434368239874,0
0,0.006716492187304968,0
0,0.25063655025666415,0
0,0.5087665625598511,1
0,0.480569247187274,0
1,0.8171283767028826,1
1,0.5351415298424012,1
0,0.02181392182358036,0
1,0.35596940714784364,0
0,0.02146701357385998,0
0,0.33914292153257597,0
0,0.37809144205640505,0
0,0.03612310149095412,0
0,0.0374713220199536,0
1,0.6882579512737205,1
0,0.016500035038685613,0
0,0.0015482856450554517,0
0,0.6474550845385323,1
0,0.0013568822530588154,0
1,0.4060788019308675,0
1,0.34173181650147,0
0,0.025942204591509706,0
1,0.34885645027982654,0
0,0.1469046696598886,0
0,0.18669115737670305,0
0,0.44787422818155576,0
1,0.602686131948953,1
0,0.0010848556671861297,0
1,0.45322193892030954,0
1,0.684095008022174,1
1,0.4652650100586353,0
0,0.11244082839278043,0
1,0.3427983738176149,0
0,0.41118497755414424,0
0,0.2000442541452023,0
0,0.09415423282876502,0
0,0.050176966879514964,0
0,0.010417071395511153,0
0,0.46950821767503703,0
0,0.02219476399965199,0
0,0.09250483031203871,0
0,0.062019154281470874,0
0,0.823476179340557,1
0,0.039220040446402295,0
1,0.877813637219231,1
1,0.553497834526405,1
0,0.23420689069196476,0
0,0.0005905220122370298,0
0,0.025181666051459467,0
0,0.004293274442359648,0
0,0.0603894979868499,0
0,0.001045489573915266,0
0,0.1228808371470465,0
0,0.0015059058832516067,0
0,0.09170745396689277,0
0,0.2515103540094454,0
0,0.010024192428644038,0
1,0.33209081020045716,0
0,0.48243497219659565,0
0,0.0915616706418226,0
0,0.19052486575407784,0
1,0.45194071096433747,0
0,0.0019653003060689095,0
0,0.32154245968707634,0
0,0.4367307825418331,0
0,0.003830456314847345,0
1,0.3568782429113015,0
0,0.19455032576327508,0
1,0.7872373038368085,1
0,0.3472876973622507,0
0,0.10777355637026982,0
0,0.27431885537777656,0
0,0.10194257181275222,0
0,0.05207808394308949,0
1,0.19008092480421215,0
0,0.0025633875528816795,0
1,0.7608455367377251,1
1,0.3720239903834266,0
1,0.6761891573141219,1
0,0.686653624530441,1
0,0.024600604817147292,0
0,0.021514129647759804,0
0,0.10636421662324538,0
1,0.8819980472395592,1
0,0.02096915327332479,0
0,0.0023628582233384578,0
0,0.06981110943854857,0
1,0.8661606991703938,1
0,0.012943719053576655,0
0,0.03932538903481651,0
0,0.008665283110227023,0
1,0.5854992288109382,1
1,0.12319628793576363,0
0,0.21307606780662408,0
0,0.42471252254610115,0
0,0.01455507884269474,0
0,0.0021755906801311643,0
1,0.7408236003270118,1
1,0.3654193260494272,0
1,0.4699784792018847,0
1,0.7410393700638158,1
1,0.41584249817617325,0
0,0.044727578020036046,0
0,0.12141516964806166,0
0,0.3185044740720118,0
0,0.018275768545626007,0
1,0.6846098982401705,1
0,0.17578022246241334,0
0,0.022335177793631162,0
0,0.5077967965641608,1
0,0.679926246460594,1
1,0.869828115486888,1
0,0.08411847048090695,0
0,0.28933662272442334,0
0,0.41699039593654136,0
0,0.0010400542748074182,0
0,0.06599373494357594,0
1,0.5119668473620697,1
1,0.530769085023129,1
0,0.04659975751750876,0
1,0.7330445758212331,1
0,0.3700513177651051,0
1,0.4216047481395568,0
0,0.002817786103737025,0
1,0.12572125570091827,0
0,0.009861016578587838,0
0,0.007963231701867525,0
1,0.7104075851851919,1
0,0.06608022949094267,0
0,0.15034739877425773,0
0,0.021399966278113865,0
0,0.06699442540215549,0
1,0.6180146993832492,1
1,0.5113141912074759,1
0,0.036341565988746015,0
1,0.7166167330751382,1
1,0.3865197650140804,0
0,0.4690702094605292,0
0,0.3498301013702556,0
1,0.3975490557596208,0
0,0.0730949552413303,0
0,0.09077620751816584,0
0,0.022337176831251228,0
0,0.005030689449258289,0
0,0.30271404540704316,0
0,0.07606912981954471,0
0,0.03682993576961776,0
1,0.6880534350667092,1
1,0.5251287508216348,1
0,0.18421869668027382,0
0,0.2729860837179793,0
0,0.01958664194073375,0
0,0.4857852281348316,0
0,0.0027205746108854203,0
1,0.5709488041310931,1
0,0.01518069841598038,0
0,0.36150474063616594,0
0,0.3683454133699052,0
0,0.28967151472821495,0
0,0.649862116458619,1
1,0.5951682628569854,1
1,0.36384976315425477,0
0,0.005105901250767185,0
0,0.0009855297535444206,0
0,0.11353039298487186,0
1,0.7619853968209156,1
1,0.6075685489056345,1
0,0.04253027365970719,0
0,0.4713814197920297,0
0,0.17034836479087473,0
0,0.03420534187370968,0
0,0.07250867020890761,0
0,0.022580986431978475,0
1,0.4646674884396701,0
0,0.03307054453513183,0
1,0.7377767219138314,1
1,0.6359331602537175,1
0,0.35338766812361017,0
0,0.0013721030887751653,0
0,0.2002510316386726,0
0,0.10989340396537414,0
0,0.3889637076783021,0
0,0.03207940913178749,0
0,0.34916519576297006,0
0,0.42894177009705287,0
1,0.7992197019111801,1
1,0.47777806950220997,0
0,0.10708759877652653,0
1,0.2853500126250748,0
0,0.29281245218253643,0
1,0.4463933095250798,0
1,0.3524230061939491,0
0,0.4720708105206103,0
1,0.5275708910582723,1
0,0.31882570211224454,0
0,0.042946413321930096,0
1,0.08822127696190106,0
0,0.03672547743748397,0
0,0.002189454913198945,0
0,0.0021263257979675207,0
0,0.00649250267180665,0
0,0.1799629016754516,0
0,0.03117044263622868,0
0,0.02412661512503536,0
1,0.7689460511710706,1
0,0.016223348478550965,0
0,0.1474598469516635,0
0,0.7254314645566908,1
0,0.0549161521380774,0
1,0.5265701961928557,1
0,0.029874603802821423,0
0,0.0018341735397094593,0
0,0.006334295387854968,0
0,0.052730845763308005,0
1,0.7012480883800087,1
0,0.2248291734741732,0
0,0.14437346744844073,0
0,0.00524971036794564,0
1,0.8204448228099388,1
0,0.06886152464754539,0
0,0.06659353067920512,0
1,0.6235862452197085,1
0,0.019973583209559748,0
0,0.06484777995318056,0
0,0.00750588187949021,0
1,0.3871138076645591,0
1,0.4245920249036915,0
1,0.8759355033869168,1
0,0.001066629495336098,0
0,0.04169811227543591,0
1,0.2958200736203403,0
1,0.1759223817513124,0
1,0.6171916157691043,1
0,0.009704514963399082,0
0,0.0011505839887750481,0
1,0.4344392403661827,0
0,0.26841079782207744,0
0,0.004308288829918049,0
0,0.3953728961734195,0
0,0.023321587378646313,0
0,0.012909378686759017,0
1,0.4181656722110022,0
0,0.014429274989618142,0
0,0.002456152514505923,0
0,0.007882210813415358,0
0,0.0013874000671085214,0
0,0.020036784661871965,0
0,0.0008847377232406777,0
0,0.38264654279637383,0
0,0.0739231028845441,0
0,0.024544282935231507,0
0,0.025751084630331215,0
0,0.018568805589126162,0
1,0.3386053353678936,0
0,0.3454017776067305,0
0,0.1841086220913514,0
0,0.4003515982834632,0
0,0.04676134129590979,0
1,0.5507636080663786,1
0,0.0027996830906161373,0
1,0.5180225895047262,1
0,0.11245039249194987,0
1,0.4878397895958328,0
1,0.8533288447311331,1
0,0.0006761014793576656,0
0,0.3022746536408479,0
0,0.005430548150505398,0
1,0.43574207425726663,0
1,0.4840394609931415,0
0,0.2603152627923383,0
0,0.46652908582944635,0
0,0.013713766167690981,0
0,0.012363260021849516,0
1,0.35309506502232374,0
0,0.037283548819536494,0
1,0.7556877508870162,1
0,0.8720277832167852,1
1,0.5146896666181775,1
0,0.646933046603407,1
1,0.8525373041320471,1
0,0.34512176658398175,0
0,0.24006718602900207,0
0,0.00191294613339044,0
0,0.02670188371351523,0
0,0.21190868872340843,0
0,0.03871766606515404,0
1,0.20669329043496582,0
0,0.118643402534111,0
1,0.20448514717011748,0
0,0.38393022273196853,0
0,0.06211244324808985,0
1,0.36400376362499814,0
0,0.06988049940532574,0
0,0.2176182546634027,0
0,0.0019913113617544154,0
0,0.4509266186293513,0
0,0.008842494665883075,0
0,0.100162610717666,0
0,0.01964024169025879,0
1,0.5094187802468287,1
0,0.26410434694043683,0
0,0.07886310298177414,0
1,0.751578918359375,1
0,0.586837623229458,1
0,0.05276463533545993,0
0,0.05231236808119104,0
1,0.5098668261049704,1
0,0.09404395629700424,0
1,0.4532555532964782,0
1,0.4520380787885505,0
0,0.07136892422259891,0
0,0.008629021999124974,0
1,0.7488859204294188,1
1,0.7219971157465211,1
0,0.3241609567932338,0
0,0.08951681234698042,0
0,0.036811741970269325,0
0,0.06414356662139215,0
0,0.18776749594194672,0
1,0.6374604091068427,1
0,0.13063817761168686,0
0,0.27894594469104783,0
1,0.6442549763399725,1
0,0.42048882627963186,0
0,0.273592034656791,0
0,0.010740570804330541,0
0,0.7328932135750688,1
0,0.15570624728870847,0
0,0.15232296910719845,0
1,0.6412250917920485,1
0,0.2536514981291724,0
0,0.36969625643979465,0
0,0.0449015645419866,0
0,0.004268097116253182,0
0,0.39175545741064227,0
1,0.6540141000770465,1
0,0.4677191976954799,0
0,0.003571454102530135,0
0,0.00160246320026744,0
0,0.09960725401036613,0
1,0.2903719489408022,0
0,0.07239134544545775,0
0,0.2998938050854079,0
1,0.2374805812947716,0
0,0.030238097645925312,0
1,0.6996978076234792,1
1,0.12110116976245586,0
0,0.2543330073923541,0
0,0.02930461921109709,0
1,0.5524873626489106,1
0,0.048970909443360036,0
0,0.01468764761058771,0
0,0.07564212001060118,0
0,0.024236834627581035,0
0,0.016337489764912037,0
0,0.0019181741183802556,0
1,0.6708665626959397,1
0,0.006699892830917252,0
0,0.4264686272208485,0
1,0.8792221434938076,1
0,0.04196748181522047,0
0,0.1567505672455622,0
0,0.004903183155289508,0
0,0.13813995216609887,0
1,0.6198054911651246,1
1,0.4991692184285521,0
0,0.013342535473699395,0
0,0.059662332370318205,0
0,0.29720431558599225,0
1,0.1669670428422514,0
0,0.03301566896051268,0
1,0.602204872566373,1
0,0.2809939339338987,0
0,0.011293885480919969,0
0,0.40392883352654413,0
0,0.024865798807618255,0
0,0.0683261911190291,0
0,0.07143569954135343,0
0,0.6422132273914032,1
0,0.6829674773415126,1
0,0.12060197546410518,0
0,0.2879918657948463,0
0,0.1807046015346248,0
1,0.8523269108404279,1
0,0.3268396467809299,0
0,0.028429141511632824,0
0,0.39582799305893346,0
0,0.0014586312724849146,0
0,0.0036730930791459586,0
0,0.4225506027325768,0
0,0.1996470071776596,0
0,0.4214732085083888,0
0,0.05214964900130006,0
1,0.7583100656922555,1
0,0.3446308255556745,0
0,0.24548940559716345,0
0,0.00788527946001346,0
0,0.19888309896657272,0
0,0.03688707481316601,0
0,0.03964288207087826,0
1,0.2690376910727886,0
0,0.07632054151087343,0
0,0.001924682342131836,0
0,0.048735533933373015,0
0,0.35476079495907875,0
0,0.001847594799308101,0
0,0.033629728370729126,0
0,0.14235551577221411,0
0,0.3396845025192165,0
1,0.7383708350639071,1
1,0.6193635283447515,1
0,0.07960204585828029,0
0,0.29643580695937194,0
0,0.022865091489089894,0
0,0.3874305695115973,0
0,0.20936814769595125,0
0,0.0009354780329956554,0
0,0.0014257452109797564,0
1,0.6890130360381466,1
0,0.05379197829553742,0
0,0.08410412583067688,0
0,0.18216503393963715,0
0,0.06183025500189857,0
0,0.1796539898250913,0
1,0.34015568709082245,0
0,0.6361541109797155,1
0,0.2343688739974202,0
1,0.564369260159259,1
0,0.02252513125041504,0
0,0.0037692614633952014,0
1,0.1577899973775893,0
0,0.35728085174824004,0
0,0.037963651608214445,0
1,0.7516511019790907,1
0,0.0015220986330259508,0
0,0.014033250667159946,0
0,0.21292544757850737,0
0,0.3809348350405667,0
0,0.20294943622850667,0
0,0.043789510490490687,0
0,0.25056303880715286,0
0,0.4678995418806948,0
0,0.03977906015835617,0
0,0.015049944518598065,0
0,0.0024997996707910182,0
0,0.288097576795275,0
0,0.141946456064898,0
0,0.5419212583122729,1
0,0.0013934542331329172,0
0,0.6461268779357754,1
0,0.25533342488014277,0
1,0.7959968209307264,1
0,0.007912686122806078,0
0,0.4369707638685591,0
0,0.0015539636100909491,0
1,0.3476808742350348,0
1,0.26271782982378394,0
0,0.15113553972625637,0
0,0.0008192511023686927,0
0,0.04999177181752055,0
0,0.07023204210939467,0
0,0.003936260093434443,0
0,0.37750810914177585,0
1,0.3417589082421073,0
0,0.03263548621850078,0
1,0.39981281684519615,0
0,0.47497794420053985,0
1,0.6827365570752016,1
1,0.6103354811091335,1
0,0.3473459126870218,0
0,0.00914207805967425,0
0,0.0013844576419053344,0
0,0.02112997837174718,0
1,0.7196922651632746,1
1,0.345820867877763,0
0,0.01407455342312127,0
1,0.40613965669331753,0
0,0.062444721098165484,0
1,0.4887906876140222,0
0,0.42345891419941656,0
0,0.13002681261719887,0
1,0.5489620685677188,1
0,0.4875836223358963,0
1,0.7260852582788374,1
1,0.5263732459256096,1
0,0.09164606767230024,0
0,0.0027092179297294105,0
0,0.21339901319135923,0
0,0.7506601082116419,1
0,0.020808124359325247,0
0,0.005986160309698111,0
0,0.0012914940812327495,0
0,0.03242398475358492,0
0,0.0037892981434480026,0
0,0.3716659766414046,0
1,0.6879851084413044,1
0,0.022309079643423827,0
0,0.619857325398582,1
0,0.0026837725008891566,0
0,0.1737943599947675,0
1,0.8532537730359165,1
0,0.0032807777514936094,0
1,0.36599524158335905,0
0,0.34866256026929343,0
0,0.00579814666443158,0
0,0.0033952533535009893,0
0,0.15369756017849517,0
0,0.004392756591796381,0
0,0.16516893587706083,0
0,0.26628637880651584,0
0,0.0886683994334108,0
0,0.08565243079318337,0
0,0.022318031461987953,0
0,0.003915042365243612,0
0,0.010030483534809951,0
0,0.7548385987236041,1
0,0.034059010473839725,0
1,0.7079575563362331,1
0,0.10296163997767697,0
0,0.02315852434539152,0
0,0.03301396333772056,0
0,0.025127379671957824,0
0,0.37173635809916816,0
0,0.005480479495770862,0
1,0.7997358840313551,1
0,0.31978793462752403,0
0,0.3322038750923744,0
0,0.015161517222116479,0
0,0.015548828628395097,0
0,0.04994367128209234,0
0,0.026211081919891993,0
1,0.4053881366715821,0
1,0.11467740643725899,0
0,0.001205129633085526,0
0,0.1883540717052707,0
1,0.7039459206928929,1
0,0.018349032360084006,0
0,0.0011079672965333754,0
0,0.4042341635137279,0
0,0.3983343957423683,0
0,0.10049643064241691,0
1,0.6509194609576547,1
1,0.3881629326508434,0
0,0.0026216980052322925,0
0,0.287050356672768,0
0,0.3723058381875218,0
1,0.4881857958429097,0
0,0.012410702969055578,0
0,0.6328021509218096,1
1,0.09240420194347149,0
0,0.0311188734575836,0
1,0.4086498326449724,0
0,0.021395143804775286,0
0,0.285103390635713,0
1,0.506408248187838,1
1,0.44728934259523845,0
0,0.1088772348027583,0
0,0.002222972979333568,0
0,0.24720936977755895,0
0,0.010034307315478781,0
0,0.0017756515367502177,0
0,0.005249060484796532,0
0,0.13506650504711135,0
0,0.010345809941392307,0
0,0.6543954982051869,1
0,0.025593734334119,0
1,0.7953904302173102,1
0,0.11138714685462743,0
0,0.16708657097227889,0
0,0.031570776395086785,0
0,0.39379149569259264,0
1,0.21286652506269582,0
0,0.06289827941082807,0
0,0.05229167237270472,0
0,0.03664119461024992,0
0,0.6257114581725581,1
0,0.0197342638071764,0
0,0.011015920521668672,0
0,0.38977831292162074,0
1,0.8077020758104239,1
0,0.6248559163912346,1
0,0.08597181997144293,0
0,0.00566870998222094,0
1,0.41575036293587664,0
0,0.7696227074912625,1
0,0.02194194664960512,0
1,0.2808137805060377,0
0,0.001368364181889003,0
0,0.2351978581199276,0
0,0.08682280732792219,0
0,0.026701557014844765,0
0,0.006198186059987552,0
0,0.4377779240328819,0
0,0.02334594430163142,0
0,0.06550236694056034,0
0,0.02542582864701098,0
0,0.0362762318568799,0
1,0.8371364658560284,1
0,0.008915833773280401,0
0,0.4917401196619893,0
0,0.08654142431150871,0
0,0.043720731155391344,0
0,0.0011570812556067158,0
0,0.0011874894401058195,0
1,0.5456475883039084,1
0,0.04510726335445637,0
0,0.02120354519152769,0
0,0.035765770840653556,0
0,0.3417189957193959,0
0,0.010152333091695932,0
0,0.0012898245004389919,0
0,0.01077879394675907,0
0,0.23912079974485373,0
0,0.022872513809022582,0
0,0.02875739049421186,0
0,0.1175575190548005,0
0,0.0036550848594923534,0
0,0.43833525744334945,0
0,0.0014707061133973035,0
0,0.001317494009557287,0
0,0.10121657075532259,0
0,0.03780488473874173,0
0,0.18422233394092913,0
0,0.05522547625223779,0
0,0.2514605245940913,0
0,0.049376975446362444,0
1,0.24853801097327755,0
0,0.10177390811768719,0
0,0.0011865487074051054,0
0,0.22921755186539092,0
1,0.7034308639166692,1
0,0.13687323836145193,0
0,0.13733384212727004,0
0,0.0940618198090927,0
0,0.015333173790216119,0
0,0.023399968763965204,0
1,0.7358208234605854,1
1,0.7201402937192042,1
1,0.19488833706695197,0
1,0.4027208313064095,0
1,0.3383885281187414,0
1,0.7002068592288392,1
0,0.019165348326366575,0
0,0.00695576906035036,0
0,0.0014935915487868387,0
1,0.08605513160629741,0
0,0.4401046941990924,0
1,0.44987386726250994,0
0,0.03799391028283586,0
1,0.6743445195415022,1
0,0.03650753310025753,0
0,0.006523728465112726,0
0,0.01253034295811449,0
0,0.3588965879447084,0
0,0.48444740828100186,0
0,0.10162833452913017,0
0,0.003069365660518728,0
0,0.041691092685594545,0
1,0.7218774639176644,1
0,0.04997673682493322,0
0,0.4393333890171609,0
0,0.11411128800184747,0
0,0.2247065801137255,0
0,0.01233791710001947,0
1,0.650491803683072,1
0,0.08044426780075555,0
0,0.00465139967236941,0
1,0.22314225334584337,0
0,0.016490217870351518,0
0,0.12555320346835624,0
0,0.05606868097024991,0
0,0.009230126179352755,0
0,0.39396207859577936,0
1,0.6865930664404614,1
1,0.5191070103963427,1
0,0.03984840485637427,0
0,0.009748039016012735,0
0,0.019771924281032235,0
0,0.3447546176805427,0
0,0.028011652069639688,0
0,0.08083182737363874,0
0,0.6133925629747661,1
1,0.6390225906727188,1
0,0.7107787126701279,1
1,0.7824695756411435,1
0,0.026605749774417705,0
0,0.19234944838840934,0
1,0.4827865318156808,0
0,0.0019866026934085342,0
0,0.16924718245270523,0
1,0.5351973435399652,1
0,0.0022739904496313747,0
0,0.4587346425980623,0
1,0.3517209043386297,0
1,0.19115920616980087,0
1,0.2239186617353058,0
0,0.09186472826137909,0
0,0.5333061653483697,1
1,0.8240044847568083,1
0,0.0070558041416436765,0
0,0.009052647215662166,0
0,0.05472746439421444,0
0,0.007750534702555167,0
0,0.062268277196354915,0
0,0.7479317451555526,1
0,0.01598224985085381,0
0,0.3207150199480733,0
0,0.22362727893780057,0
0,0.04619900884991538,0
0,0.15012376357885346,0
0,0.21355251571793676,0
1,0.7151647531129437,1
0,0.16618509634352047,0
0,0.30041349533992256,0
0,0.40587402228403957,0
1,0.6586198396688713,1
1,0.3159862289960445,0
0,0.3813730430978259,0
1,0.27551901525325695,0
1,0.7770245307762011,1
0,0.0069161579374704815,0
0,0.010435329887128657,0
1,0.48294581663028,0
0,0.0016189352162526932,0
1,0.6392597484904311,1
0,0.3776383827447232,0
0,0.09438633850644944,0
1,0.3549359270405341,0
0,0.10799731174451162,0
0,0.05891246334643221,0
0,0.41070746693859694,0
0,0.0033890735610736604,0
0,0.0009353985069350674,0
1,0.7174015775413396,1
0,0.15674604504353065,0
0,0.01936467592047767,0
0,0.2971520621512283,0
0,0.345639921023285,0
0,0.010347823861112642,0
0,0.0023136787365610673,0
0,0.3500372390945277,0
0,0.14131127419653833,0
0,0.004257810555532732,0
0,0.009696468761034346,0
0,0.027167519698549834,0
0,0.016268526626555466,0
1,0.10938043288375678,0
0,0.5300806506045859,1
1,0.8065603408685508,1
0,0.21518930567334413,0
0,0.12207159020621174,0
1,0.5093187249248077,1
0,0.003311284118722394,0
0,0.0011073015153184543,0
0,0.5228964126420846,1
0,0.12444151843572414,0
0,0.0030051670089403042,0
0,0.033344878604785445,0
1,0.6859960926850726,1
0,0.003287309883107084,0
0,0.1652786954420187,0
0,0.007338948150017798,0
1,0.5454394862598927,1
0,0.007426525049291387,0
0,0.4091699859904392,0
1,0.6801202814058257,1
0,0.3641955362121317,0
0,0.02204405253617925,0
1,0.5098954269433706,1
0,0.002135573995595941,0
0,0.32196901413755297,0
1,0.826705754338171,1
1,0.5519319951683079,1
0,0.4560919229181093,0
0,0.002810538847754128,0
0,0.033620140764517054,0
0,0.47240421314743636,0
1,0.4159307665841498,0
1,0.6817715115650226,1
0,0.026907439438171307,0
0,0.25334930325208144,0
0,0.029812416669836295,0
0,0.00985205631414179,0
0,0.3453181874557125,0
0,0.001478475125377582,0
0,0.029865951220684677,0
0,0.10014561477502001,0
0,0.08863069108814141,0
0,0.027201917000239866,0
1,0.6128877804184558,1
0,0.22073142594497294,0
0,0.2443677024034802,0
0,0.3601918645651061,0
0,0.0037139691628356314,0
1,0.35033800419210714,0
0,0.007754716134824662,0
0,0.3879239283695106,0
1,0.8848945939418199,1
0,0.14777858251100215,0
0,0.4809042049198425,0
0,0.3267026942931384,0
0,0.047930419494238985,0
0,0.07041904034634176,0
0,0.0021346845856898802,0
1,0.47705640250770903,0
0,0.07107226283054156,0
0,0.0631938352485012,0
1,0.49656529918811837,0
0,0.19865015515422993,0
0,0.07145224625812575,0
0,0.018067923172747035,0
0,0.41934222558155354,0
0,0.009524665611024396,0
1,0.22130972154025347,0
0,0.016612607925205577,0
0,0.049918874076089026,0
0,0.10477396848140468,0
1,0.8324128853096018,1
1,0.8109420376961732,1
1,0.7625636960246966,1
0,0.05033642129226378,0
0,0.006755851129209235,0
0,0.17342327875639085,0
0,0.0053121619487666895,0
0,0.25797869207936047,0
1,0.806595980328219,1
0,0.4241776209786604,0
0,0.3322278901233811,0
1,0.5342633247640204,1
1,0.3627848659334403,0
0,0.7748418423246595,1
0,0.03194630615520535,0
0,0.026681136534092403,0
0,0.034358821275045914,0
0,0.37982149883539607,0
1,0.2988148889616822,0
0,0.01329346255731329,0
0,0.4618536468319549,0
0,0.03413665144532238,0
1,0.35729339436202034,0
0,0.17915732573107207,0
0,0.35667010046063163,0
0,0.31005622433530733,0
0,0.2584126296971284,0
0,0.0013257525380279641,0
1,0.08645203736921747,0
0,0.11261810640192924,0
0,0.001178731554357776,0
0,0.0020498020528556633,0
0,0.229743692773445,0
1,0.24666317548107,0
1,0.6811205531638967,1
0,0.4054742730644505,0
0,0.0018061912401759936,0
0,0.3358043510893656,0
0,0.3228231424535778,0
0,0.013135938686934101,0
0,0.017879614868660736,0
0,0.39656984538247053,0
1,0.8151238215497937,1
0,0.08281911256582085,0
1,0.016655329914746587,0
1,0.5957729300444722,1
0,0.033915954202372624,0
0,0.0024170927034810495,0
0,0.0022758810643187916,0
0,0.01873518144226711,0
0,0.015960657657636518,0
0,0.7377659107405659,1
0,0.00083639062628339,0
0,0.012823429193472314,0
1,0.27900324038764046,0
0,0.06504631262953547,0
1,0.369687288640456,0
0,0.027785214472620702,0
1,0.583510287761589,1
0,0.007573392017610021,0
0,0.0037438107545321024,0
0,0.010626037088810771,0
0,0.002690909189991782,0
1,0.7181180370267388,1
0,0.22084363328080198,0
1,0.53023000093255,1
0,0.01524244666476317,0
0,0.22986293384282047,0
1,0.8257268195007937,1
0,0.001681779025952672,0
0,0.624021092232786,1
0,0.06165577189596167,0
0,0.057187478053145974,0
0,0.22531106256191738,0
0,0.5635409543438267,1
0,0.5108942716701946,1
0,0.0010553934572606494,0
0,0.0009088667016094512,0
0,0.009358925050807619,0
0,0.002637284035035012,0
0,0.5110208094398441,1
0,0.008757053024925174,0
0,0.15721770820690925,0
0,0.3660919293500208,0
0,0.006765181932944741,0
0,0.21748393542185135,0
1,0.40582778526688584,0
0,0.35655661037645153,0
0,0.1866068832670544,0
0,0.14735777925625526,0
0,0.14976835457923884,0
0,0.024392884734644425,0
0,0.08385743289170902,0
0,0.0036277647910912536,0
0,0.02554959362752096,0
0,0.02174685598696374,0
0,0.03791396252177084,0
0,0.007606942258127367,0
1,0.5394466816928876,1
0,0.35579550314058067,0
0,0.0018059887528774148,0
1,0.8664295745511988,1
0,0.003419610089274766,0
0,0.001139076069170746,0
1,0.7762133793073166,1
0,0.29960284747626464,0
0,0.003121362988630535,0
0,0.038964305949500705,0
0,0.007181577056467326,0
0,0.016582280458152635,0
1,0.7188747166324011,1
0,0.13359241272420147,0
0,0.3361261578123129,0
1,0.496657118573161,0
1,0.5602746602524217,1
0,0.03178910929694394,0
0,0.49263101045757596,0
0,0.0016529227569036615,0
0,0.0043672315273347116,0
0,0.16585053594644592,0
0,0.47696945670711677,0
0,0.39774682627935,0
0,0.04101406501178301,0
0,0.32487529056256403,0
1,0.5148814986640847,1
0,0.01802262020740559,0
0,0.06833872026735642,0
0,0.05663396869779778,0
0,0.018818150762674218,0
0,0.011554789669610592,0
1,0.07367707642419997,0
0,0.169095386566463,0
0,0.14777150013660706,0
1,0.5269618582978374,1
0,0.013069464327210265,0
1,0.3227416796471432,0
0,0.18459025286491954,0
0,0.09860276316435014,0
1,0.4318684392010047,0
1,0.4191137062745321,0
0,0.0063965496515736645,0
0,0.020336565518667405,0
0,0.02797282243611185,0
1,0.7271842642771346,1
1,0.06306991784629097,0
0,0.028089139913911976,0
1,0.6632377901693073,1
0,0.3950697283762781,0
0,0.0006141852229347858,0
0,0.12223001307692644,0
0,0.015165582844095355,0
1,0.7709863797319189,1
0,0.011068220750792977,0
0,0.018260270223585732,0
0,0.013550184795736754,0
0,0.0027600990997838663,0
1,0.7589273419489402,1
0,0.07142223192616508,0
1,0.8050398764684601,1
0,0.2908089448297458,0
0,0.005321321347987715,0
0,0.005391582018057192,0
1,0.7366016792734874,1
0,0.1635138556754937,0
0,0.05643708982716106,0
0,0.0235901587014752,0
0,0.01667831171140603,0
0,0.02931007589565629,0
1,0.3539027796960167,0
0,0.2054740171319314,0
0,0.0429989612644028,0
0,0.04584961875164131,0
0,0.10646878031978675,0
1,0.6793180020379427,1
0,0.09370901082946136,0
0,0.11746760099329283,0
1,0.5389482944552515,1
0,0.002963329017963135,0
1,0.4370589486900935,0
0,0.34366067886505147,0
0,0.03519330068829267,0
0,0.14437206069052255,0
0,0.29928317590124603,0
1,0.8003554440001949,1
1,0.477894248643475,0
0,0.14140717457917992,0
1,0.6430163599688337,1
1,0.2885943922279786,0
1,0.40790578356819246,0
0,0.005939169890620981,0
0,0.021918633268382982,0
0,0.01086569299222587,0
1,0.8865402017884818,1
0,0.24214665456054185,0
0,0.016196966319379034,0
0,0.4245511649881946,0
0,0.40922936993087444,0
0,0.001506305030794277,0
0,0.013534064830293591,0
0,0.3287662969227195,0
0,0.3412148489167866,0
0,0.032489577987017106,0
1,0.36707746521353185,0
0,0.8597787739487992,1
0,0.0014502479889140316,0
0,0.6350999837031432,1
0,0.057304761887359563,0
0,0.0030233765416906493,0
0,0.3491618965934337,0
1,0.16553121599888915,0
0,0.007394270101660212,0
0,0.30140565305797895,0
0,0.032828072598972684,0
0,0.21984031853237657,0
0,0.2399509451107695,0
0,0.23973694410797616,0
0,0.389866268951252,0
1,0.70386210573098,1
0,0.6544080893442821,1
1,0.8174617539542786,1
0,0.06785608903243548,0
0,0.1092965214668391,0
1,0.07207038362108448,0
1,0.31162894738746205,0
1,0.03934177153960253,0
0,0.44871354679238423,0
1,0.7539671942830778,1
1,0.14517470913770036,0
0,0.21084055631731713,0
0,0.019420426986201948,0
0,0.023619608123840608,0
0,0.024370786520171914,0
1,0.4421226730721687,0
0,0.4313254713467912,0
0,0.002135301797646833,0
1,0.7425502599046132,1
0,0.10099093950805264,0
1,0.018234018332528423,0
0,0.008495550796132319,0
0,0.221053471607402,0
1,0.6994480292418072,1
0,0.5006260255303586,1
0,0.029585794783509544,0
1,0.2920411061001001,0
0,0.5051356402895418,1
0,0.04212589377596054,0
0,0.005204688737535972,0
0,0.162466160586457,0
1,0.08499058810910581,0
0,0.0009542697251979229,0
0,0.14200294802372335,0
1,0.4731897085490656,0
0,0.09978807735228035,0
1,0.5766765089387453,1
1,0.7017049649599413,1
0,0.022677991409440948,0
0,0.0017538480522995205,0
0,0.31425112645476894,0
0,0.13182438961704263,0
0,0.23286939231576884,0
0,0.0016326172364561741,0
0,0.22835039164579787,0
0,0.668757004505186,1
0,0.03018083939797099,0
1,0.8754903671588563,1
0,0.1252824606086812,0
0,0.39413212909755785,0
1,0.5009792139973992,1
1,0.7528479451106384,1
0,0.24644585978392722,0
0,0.12693256349562995,0
1,0.4627358148415236,0
0,0.5808929546264937,1
0,0.010068853900824803,0
1,0.49200614828448347,0
0,0.29424713411461206,0
0,0.03215737525800043,0
1,0.5862970764255927,1
0,0.0026424814913232533,0
0,0.2362372372220092,0
1,0.7777620685386819,1
0,0.38405827055139213,0
1,0.7570182280213886,1
1,0.817784923775567,1
1,0.35995062498008773,0
0,0.13846403402479987,0
0,0.2845534914373851,0
0,0.4391005271534955,0
0,0.028078881647531615,0
1,0.7146145503929727,1
1,0.26199209435225473,0
1,0.34898731718611303,0
0,0.28117615423100956,0
1,0.27086126313690323,0
1,0.5155287904000696,1
1,0.4398852271866213,0
0,0.0008678671586824451,0
0,0.0039783146646495855,0
0,0.03067190166780969,0
1,0.33499985787985587,0
0,0.30040413050883397,0
0,0.022569228252058444,0
0,0.2747070430765967,0
0,0.05762818724801806,0
0,0.07954226919122678,0
1,0.5095202661921423,1
0,0.11433105400475072,0
1,0.37999962037962043,0
0,0.03325520106687662,0
0,0.2970870383796087,0
0,0.3714434305679524,0
0,0.003966548095498529,0
1,0.5109739047791657,1
0,0.03175959866805133,0
0,0.3652966093098411,0
0,0.09483873836345666,0
1,0.507528759823128,1
1,0.6169691677636778,1
0,0.2226126697282103,0
1,0.6686813844886609,1
0,0.004567105352069646,0
1,0.6969987027514897,1
1,0.5226107358306216,1
1,0.0740083702533797,0
1,0.604857412683437,1
0,0.4337641414629363,0
0,0.0014390230650925522,0
0,0.35548696113864703,0
0,0.006141942967097992,0
0,0.0009021062458570833,0
0,0.019700022724050272,0
1,0.186487669923959,0
0,0.04853741178953321,0
0,0.6938612448372257,1
0,0.005383750708649704,0
0,0.007831801043087163,0
0,0.044545995557923754,0
1,0.7728774551748289,1
0,0.1603562925166512,0
0,0.29521510554514513,0
0,0.04916503781587903,0
0,0.4590184624207561,0
0,0.6265918174967531,1
0,0.004063388376343899,0
1,0.8408374697782299,1
0,0.002079248246826579,0
0,0.007642211626038624,0
0,0.011275525407396115,0
0,0.1990969666885869,0
0,0.324310958805458,0
0,0.018204302577173415,0
0,0.4324176266323016,0
0,0.48098449935709975,0
0,0.10617245442838215,0
0,0.030050899164507282,0
1,0.8046436141629099,1
0,0.09393904275443575,0
0,0.32915191801415344,0
0,0.5208883302617757,1
0,0.010754145412734402,0
0,0.010366202871389512,0
0,0.04970680826627322,0
0,0.0020839633783053192,0
0,0.01784866854744825,0
0,0.25499806959303056,0
0,0.09646374706016711,0
0,0.1642698882413808,0
1,0.7593585979196037,1
1,0.6403065442120243,1
1,0.49702517027485366,0
0,0.26537055355946343,0
0,0.056630097751949125,0
0,0.016643409869679767,0
0,0.056335629865218236,0
1,0.2766945406549889,0
0,0.061026640957464885,0
0,0.12127486504661075,0
0,0.06980487729186358,0
1,0.4407626523471844,0
0,0.01123911665547965,0
1,0.8679345857070776,1
0,0.02924382221420953,0
0,0.06325734043526911,0
0,0.321736940449316,0
0,0.019366655938669267,0
0,0.35824063626698704,0
1,0.42188532558858377,0
1,0.7247920201622574,1
0,0.02256265381517986,0
0,0.007735349423023127,0
0,0.3934298952743452,0
1,0.5510693276355605,1
1,0.8027770155113971,1
0,0.04565613916023491,0
0,0.3707876998071064,0
0,0.12377495680292207,0
0,0.2802955476820015,0
0,0.016506208478002528,0
1,0.22199379530666657,0
0,0.24536684411006615,0
0,0.08805339618732708,0
0,0.3930018661461902,0
0,0.1111101457950262,0
1,0.5257128786753268,1
0,0.014654710665973292,0
0,0.022120301700609173,0
0,0.13629292275775154,0
0,0.06475774810282355,0
1,0.22060952704249903,0
0,0.3801648277332771,0
0,0.21415457917538308,0
0,0.004135963922238412,0
1,0.6436099917689682,1
0,0.033055417479863444,0
0,0.08191434419423198,0
0,0.659731382047497,1
0,0.10304936076023447,0
0,0.10279809603959837,0
0,0.02011292872031263,0
1,0.48194541109676897,0
0,0.03756617591102479,0
1,0.8371434631025307,1
0,0.026883577043198735,0
0,0.009060502421574562,0
0,0.12510389146367026,0
0,0.03175000598363441,0
0,0.033656502603697284,0
0,0.04256714966784643,0
1,0.551312612989305,1
0,0.17004515205734497,0
0,0.32150765981095913,0
1,0.7001362703255921,1
0,0.35663318391628884,0
1,0.7346289423342877,1
0,0.022671337103462145,0
0,0.10818418387432402,0
0,0.08477392607609267,0
0,0.13271395129362118,0
0,0.4051105870957216,0
0,0.03182626294516432,0
0,0.0016249952935647775,0
0,0.47314107674221534,0
0,0.3692443774637554,0
0,0.027594762798775596,0
1,0.21458867324828568,0
0,0.029689091676016834,0
0,0.3163683654399141,0
0,0.004169054068629392,0
0,0.002218269355690346,0
0,0.009972999091183023,0
0,0.02391560480795275,0
0,0.014491466236088317,0
0,0.01366852238453923,0
0,0.0046277011696667,0
1,0.5916035505418229,1
1,0.7690982421241995,1
0,0.14298823558756663,0
0,0.3309381541143794,0
0,0.049239335862978385,0
1,0.7241327149193776,1
0,0.04707332364082911,0
0,0.07274610086057655,0
0,0.07710640163195659,0
0,0.03322286215277522,0
0,0.0015225572158219713,0
0,0.0012877770512835722,0
1,0.5787558874896349,1
0,0.036414886905869984,0
0,0.004882493087404432,0
0,0.0037728141552570878,0
0,0.47050474344450455,0
1,0.2207940754142672,0
0,0.1240907245516563,0
0,0.006359383378549728,0
1,0.45706309620842284,0
0,0.011650211150823748,0
1,0.8804715174805635,1
0,0.012732115257244055,0
0,0.0033426872158041055,0
0,0.015324843545758336,0
0,0.010257183470354174,0
0,0.02388434616327975,0
0,0.03325497536645956,0
0,0.009859083699901806,0
1,0.6482609958961139,1
0,0.1495376351360784,0
1,0.1890885354326253,0
0,0.37157365437090184,0
1,0.27835569403043453,0
0,0.0024191590178926116,0
0,0.0019637479104223183,0
1,0.7345730065429222,1
0,0.020612905491066667,0
0,0.04530026601335796,0
0,0.002136041949194564,0
0,0.2700958847643539,0
0,0.00924833090544576,0
1,0.1493396718758706,0
0,0.005830477891178536,0
1,0.4576690585505018,0
0,0.8011227900464649,1
0,0.025121038582570313,0
0,0.022579508467314765,0
1,0.7438570853165634,1
0,0.022725305706165287,0
0,0.018661627038953486,0
0,0.021969122800066455,0
0,0.10036936893284436,0
0,0.12087759603645995,0
0,0.014732090888807106,0
0,0.08287873518962875,0
1,0.0496648874653814,0
0,0.0274858255289311,0
0,0.23666113731263455,0
0,0.007491152544979256,0
0,0.1890669394877434,0
0,0.26026641802389183,0
0,0.001016598090748645,0
0,0.21643620308297312,0
0,0.022948769943590325,0
1,0.6324857439806952,1
0,0.10138092121516985,0
0,0.055600308380925265,0
1,0.4123696249028712,0
0,0.011626120185550483,0
0,0.03988891143646366,0
0,0.08320398129320711,0
1,0.5310056339595782,1
0,0.03198463091364871,0
0,0.2058550541550523,0
0,0.00327977066584209,0
1,0.418280976911867,0
0,0.1323618661430651,0
0,0.002061319215030843,0
0,0.12393341487226209,0
0,0.08463831171189615,0
0,0.03260177099697108,0
0,0.0010266620114355136,0
0,0.008713671964225695,0
0,0.4084525132988177,0
0,0.008631877205698297,0
0,0.12591143134975458,0
0,0.6737897208069952,1
0,0.04214599310196026,0
0,0.17130524306981826,0
1,0.5443248655582155,1
0,0.07631724376671635,0
1,0.6767475674554759,1
0,0.018282011098781567,0
0,0.013088437433887845,0
0,0.0057886762794839685,0
0,0.2437914212917034,0
1,0.3834018822519076,0
1,0.4968294486500475,0
0,0.4999335719302783,0
0,0.20823634877546585,0
0,0.0008070040670663714,0
0,0.05308995466490023,0
0,0.24512823630468475,0
0,0.18517791350073293,0
0,0.25227609939783524,0
0,0.0015867138261945132,0
1,0.6733752722359924,1
0,0.017983674352421295,0
0,0.11039890171087136,0
0,0.004473925322242716,0
1,0.03756817432708925,0
1,0.32751576311665304,0
0,0.002758308941937157,0
0,0.1597541547122756,0
0,0.0406746696481425,0
0,0.0037966464014090396,0
0,0.011792175935236794,0
1,0.5964067505763301,1
1,0.36554565793158816,0
0,0.016009386665145113,0
0,0.23423739381658076,0
0,0.0020554441705499787,0
0,0.3714283199728879,0
0,0.14313793537354033,0
1,0.3237982851232017,0
0,0.48916976421337355,0
1,0.2648970203669436,0
1,0.566816837345008,1
0,0.5960586213568497,1
0,0.15307789579949715,0
0,0.03260023361668608,0
0,0.0010438824853593461,0
1,0.034936481694581134,0
0,0.0961187495565288,0
0,0.048796173944747195,0
0,0.06281550864749,0
0,0.05016751143121435,0
0,0.02830768907363168,0
0,0.0012021396126495668,0
0,0.15989730826304974,0
0,0.009149273111382113,0
0,0.0009377001540413194,0
1,0.6869749359003591,1
0,0.0028634961686797244,0
0,0.0524840246704009,0
1,0.8301247353119767,1
0,0.09667245335446129,0
0,0.11722253981341378,0
1,0.7474630288042817,1
1,0.196394679377248,0
1,0.28206811708463725,0
0,0.27662492114711845,0
0,0.02147337279447567,0
0,0.25882818574533745,0
0,0.044799839611623885,0
0,0.2587089575457109,0
0,0.31985010326638524,0
1,0.5549023630247205,1
0,0.18705649293151924,0
1,0.3680598967223066,0
0,0.33811428290832807,0
0,0.3958941343494804,0
1,0.7513327166372055,1
1,0.6972605798296314,1
1,0.8148384997668804,1
0,0.2546437286808036,0
0,0.08092450111966608,0
0,0.738751616746829,1
0,0.05455544320023075,0
0,0.012899925805020824,0
1,0.6391105856757666,1
1,0.26488603835269564,0
1,0.4362317951320036,0
0,0.2959579244055072,0
1,0.7818822507994446,1
0,0.019205596705833324,0
0,0.29719770192661454,0
0,0.0232032819640693,0
0,0.20464876472067747,0
0,0.49928150670943144,0
0,0.05027142901581339,0
0,0.008512477879273764,0
0,0.0018226537708209763,0
0,0.14656864583303197,0
0,0.0007679584220489439,0
0,0.04360758684195625,0
1,0.6345949543402574,1
0,0.01451395701339573,0
1,0.8639759947629209,1
0,0.09592073336343102,0
0,0.06429769175117138,0
0,0.014276795547444923,0
1,0.7980713445026223,1
0,0.46989044883062425,0
0,0.002701828204458258,0
0,0.00095853624062451,0
0,0.025772695886976914,0
0,0.0018293178475563621,0
0,0.058694398013574095,0
0,0.032590654442306605,0
0,0.07337938358433531,0
1,0.5400820486848299,1
1,0.514556248670755,1
1,0.7862535134895785,1
0,0.00833027529295426,0
0,0.014721583226564939,0
1,0.4052853842222976,0
0,0.030215240830212917,0
1,0.057522536715089057,0
0,0.10442497848739547,0
0,0.11809911380051773,0
0,0.013379261828430404,0
0,0.004447328905728855,0
0,0.0015122890943162852,0
0,0.0032679117796950634,0
0,0.004402846274980865,0
1,0.37938231857785915,0
0,0.004031039024429145,0
0,0.07693560457957468,0
0,0.014935196518494594,0
0,0.0634120743219833,0
1,0.050561609276022886,0
1,0.7493687687966759,1
1,0.46374440531036953,0
0,0.019827160578629262,0
0,0.018608156245405558,0
0,0.5697457463450788,1
0,0.5895116443512203,1
0,0.6342834120680036,1
0,0.18073724612020636,0
1,0.42823525573581206,0
0,0.6481636601909253,1
0,0.006890934705956978,0
0,0.03348902561249125,0
0,0.330086020415928,0
1,0.5592837739963283,1
0,0.018927860151943844,0
1,0.7801152656040127,1
0,0.6459797098527116,1
0,0.0013736091439073236,0
0,0.0026739612475854798,0
0,0.006319252337306766,0
0,0.016832406140914916,0
1,0.24482207095782318,0
1,0.6523479498758086,1
0,0.8370462437056161,1
0,0.006227035324615882,0
1,0.3661590906026166,0
0,0.11981241579408759,0
1,0.24609235472954438,0
1,0.8600257857359856,1
1,0.7017107691151057,1
1,0.4100887452747826,0
0,0.38398984270354397,0
0,0.06349164362344162,0
1,0.5026120400593501,1
0,0.4268518574574323,0
1,0.7347333702659342,1
0,0.04076722617670347,0
1,0.827973378211736,1
0,0.0031669292085450248,0
0,0.05081037484958915,0
0,0.010597651495721444,0
1,0.4923872428716318,0
0,0.49737231145268035,0
0,0.32911960419971853,0
0,0.40295582342893793,0
0,0.00671827450865429,0
0,0.0026839410972875643,0
0,0.009350452037473532,0
0,0.0033198023213930118,0
1,0.37130173836760255,0
1,0.11393270297395604,0
0,0.10404168167534024,0
0,0.013144997273049559,0
0,0.7144066125461827,1
0,0.028209933558207,0
1,0.8860484635613646,1
1,0.5966972466357221,1
0,0.019068097906388207,0
0,0.0017857002031426569,0
0,0.07125983310216676,0
1,0.6648565277619598,1
1,0.3587441425208682,0
1,0.5191959618680893,1
1,0.45078770003520424,0
1,0.4412976444042615,0
0,0.02097796696930378,0
0,0.006357937492068747,0
0,0.12365936175596653,0
0,0.7879089998259381,1
0,0.023981545019915642,0
0,0.005623330549036596,0
1,0.7559534351168758,1
0,0.001125059762250028,0
0,0.10836786496648351,0
1,0.5527159017953391,1
0,0.0038620951475690822,0
0,0.5195388714438754,1
0,0.1851802926819888,0
0,0.17497608191542569,0
0,0.19974184765695274,0
1,0.4556482470194795,0
0,0.20911811698304728,0
0,0.647735509020456,1
0,0.0350154673154763,0
0,0.009754877000616067,0
0,0.10119450961862361,0
0,0.05394456238495204,0
0,0.30838749972059376,0
0,0.023426141860607916,0
0,0.3221254478944234,0
1,0.06307639715707566,0
0,0.20351007757487796,0
0,0.32180449196633737,0
0,0.08422881302946358,0
0,0.049064385038734955,0
0,0.07636594725301196,0
0,0.057494064528317554,0
1,0.5142921346561008,1
0,0.21941655171004484,0
1,0.5173776766583371,1
0,0.0023313502671563073,0
0,0.0014084329328456788,0
0,0.3379552865324858,0
1,0.6163394526977165,1
0,0.03501171289671125,0
0,0.25084243967891884,0
0,0.23701143244390177,0
0,0.31636438821662066,0
0,0.05481481470293601,0
0,0.0015454239013857093,0
0,0.5598025308586566,1
0,0.4962133341404998,0
0,0.4873092086276561,0
0,0.0057886185965814844,0
0,0.17049080101084557,0
0,0.00390645055146266,0
1,0.5253740002644981,1
1,0.6810288428394567,1
0,0.04918542233667386,0
0,0.22434006445218282,0
0,0.012167922942672146,0
1,0.5138996795315925,1
0,0.057094363645537466,0
0,0.337399229285191,0
0,0.25445772905873576,0
0,0.3541966520930053,0
0,0.023462854256042106,0
1,0.7975250215618805,1
1,0.24637788441681152,0
0,0.12618087060803196,0
0,0.0010515286797607945,0
0,0.11768985743709978,0
1,0.19697183488394843,0
0,0.38647385829431113,0
1,0.6007972138777226,1
0,0.36790820200058155,0
1,0.636641119045881,1
0,0.034363534470406264,0
0,0.028316908131566378,0
0,0.36486452149492016,0
0,0.5053226602992887,1
1,0.49425551396470363,0
1,0.4591238014934133,0
0,0.727253140213488,1
0,0.03462547723317581,0
0,0.3849843199997809,0
1,0.33330656669006486,0
1,0.88320933155544,1
0,0.027438841601255645,0
0,0.038564623663155266,0
0,0.017099855412094574,0
1,0.49522983966299355,0
1,0.18517050103024457,0
1,0.5525422705640812,1
0,0.3838456432321976,0
0,0.7558646429741604,1
0,0.000734127411705993,0
1,0.7478987970906315,1
0,0.19684624796972375,0
0,0.0007105540559717489,0
0,0.018390651700689292,0
0,0.016548629271851946,0
0,0.07432816980008357,0
1,0.2193318270974972,0
0,0.13824870545323018,0
1,0.2510463096020936,0
1,0.8161105800407563,1
0,0.010529442765572003,0
0,0.4760089350378942,0
1,0.5296634183319173,1
0,0.03036955114772659,0
1,0.3008051879175766,0
0,0.12234262645055186,0
1,0.4487354397860199,0
0,0.009194989802179934,0
0,0.26747964101726196,0
1,0.8224719838034469,1
0,0.0014170779416319507,0
0,0.016501962932073354,0
0,0.3767326601871111,0
0,0.07031602175252431,0
0,0.02974061132998842,0
1,0.7190990859707077,1
0,0.010086308314660628,0
0,0.10033193233085239,0
0,0.048968149851191925,0
0,0.28740494347625356,0
0,0.0017222038364761803,0
0,0.03489556600185971,0
0,0.020611235855710494,0
1,0.20721293369757793,0
1,0.7262001725385528,1
0,0.13315565585664077,0
0,0.030870817646036778,0
1,0.5744363778042183,1
0,0.08549290302684383,0
0,0.8115901460422164,1
0,0.14547888827226216,0
0,0.1392009670150481,0
1,0.7352154396562655,1
0,0.0018364456565975928,0
0,0.3074512442154833,0
0,0.01391379771458841,0
0,0.0010272802747006335,0
0,0.02833531056998165,0
0,0.012072552954938389,0
0,0.02551199550357995,0
0,0.10018754756753295,0
0,0.2328279242032986,0
0,0.24738730183948565,0
1,0.7369618778541472,1
0,0.34095730108937894,0
0,0.11172392413545017,0
0,0.005627746987599534,0
0,0.09416078811004489,0
1,0.3616159291559267,0
1,0.7587442360109887,1
0,0.045490569991214785,0
0,0.36127229594305144,0
0,0.007036693422667221,0
1,0.7221190292912876,1
0,0.5830871704782905,1
0,0.28897689469945914,0
0,0.03943373537115618,0
0,0.007762312785169404,0
0,0.20429449300006763,0
0,0.006165697601753051,0
0,0.07872333871909053,0
0,0.3752832899972549,0
0,0.0021113499364165057,0
1,0.7767525990954334,1
0,0.0006090433731793128,0
0,0.6404121682558528,1
0,0.4833910344076939,0
0,0.018913227752052616,0
0,0.003911707807752255,0
0,0.14476344198711746,0
1,0.6993476369865584,1
0,0.0031023078814882616,0
0,0.011403387379584575,0
0,0.2043456976649645,0
0,0.08515024027968426,0
0,0.02888803434228303,0
0,0.08387324817604032,0
0,0.056277082977964375,0
0,0.4955460065263165,0
1,0.19148835504039044,0
1,0.652802487440643,1
1,0.4948851336950504,0
0,0.012564245538274,0
0,0.43453521957804647,0
0,0.245744680108959,0
0,0.03938598414855128,0
1,0.7158422387649572,1
1,0.31398062360939083,0
0,0.18491274122446444,0
0,0.3272401072314031,0
0,0.8190352710001673,1
0,0.03664994981257169,0
0,0.4072565517402182,0
0,0.008035580381555623,0
0,0.004822814852681863,0
0,0.3800072625734463,0
0,0.07801449195613049,0
0,0.004154279587322486,0
1,0.2513407163161598,0
0,0.027251791806013826,0
0,0.012619186477557477,0
0,0.2163833569469427,0
0,0.3213928905057425,0
1,0.6451980930034287,1
0,0.06191531389026912,0
0,0.010277110851662186,0
1,0.5675373924888975,1
0,0.059885015415350906,0
0,0.1594772356468205,0
0,0.3074279146427798,0
1,0.8180982095061732,1
0,0.07491639901386042,0
1,0.6209240344016711,1
0,0.019260701749632337,0
0,0.5008480083331864,1
0,0.2705886576364889,0
1,0.20705006060628287,0
0,0.13901148130189023,0
0,0.1196539680625853,0
0,0.04917748266613483,0
1,0.19480934667346708,0
0,0.7470630306266114,1
0,0.19840592642819135,0
0,0.4157801337773859,0
0,0.38500793418011986,0
1,0.6979228584613318,1
0,0.04002588756647813,0
0,0.19820966287102984,0
0,0.5358089560833068,1
0,0.05800851611222484,0
0,0.001436748151095384,0
0,0.004513351487515817,0
0,0.002324191499810449,0
0,0.040241802059087756,0
0,0.533335984130979,1
0,0.42032449088789703,0
0,0.22995280046153038,0
0,0.0012378117306631427,0
0,0.22945842675736536,0
0,0.009260568034322321,0
0,0.2848100838132182,0
0,0.05893763751271331,0
0,0.09030183497273313,0
0,0.015943148931956773,0
0,0.005241029659252564,0
0,0.0417828840980527,0
1,0.36236501568163765,0
0,0.028834644071202245,0
1,0.8845086962261912,1
0,0.1976520407099079,0
0,0.02375790786226341,0
1,0.7147802637033294,1
0,0.04996521717308454,0
1,0.46944067931042105,0
0,0.0025472383724134524,0
1,0.47920352056875165,0
0,0.023150078723430504,0
0,0.05143865672502667,0
0,0.7973626542323199,1
0,0.054622078024907886,0
0,0.01589947547107433,0
1,0.8312936013910687,1
0,0.020373633987060574,0
1,0.39905568406699765,0
1,0.21495159937861022,0
0,0.0026015959319017597,0
0,0.2892293448037492,0
1,0.7381960441111763,1
0,0.08918834602147896,0
0,0.013388346044079876,0
0,0.0018089170204214446,0
0,0.5196610788030047,1
0,0.0017991923530535931,0
0,0.023086539207977843,0
0,0.03007822737407805,0
1,0.8314005028482113,1
0,0.05166481949936646,0
0,0.07988703637256403,0
0,0.006359592262043646,0
1,0.7997309862393055,1
0,0.2959383982490562,0
0,0.0017787290723906815,0
0,0.015227550984797295,0
0,0.500823907562113,1
0,0.6157705867306064,1
0,0.1982321317747971,0
0,0.2021391705094874,0
1,0.7866739442042457,1
0,0.007325831227337023,0
1,0.736352373794545,1
0,0.4394813762603865,0
0,0.17738673750113218,0
0,0.046504199402610885,0
1,0.8358011481441723,1
1,0.7036895743919175,1
1,0.3471092264674058,0
0,0.0067466427931531636,0
1,0.7287672584117029,1
1,0.5432336805997703,1
0,0.04268335004178316,0
0,0.20087261154287667,0
1,0.5874714005350323,1
0,0.4649794692122414,0
0,0.04608839378924954,0
0,0.025816676954812087,0
0,0.014097683597133884,0
1,0.7263676575876573,1
0,0.5082147030574555,1
0,0.10522081586867543,0
0,0.0027035092029725548,0
0,0.06871751590424996,0
0,0.011067128993285998,0
0,0.3007297652094473,0
0,0.6889348520381458,1
0,0.6149614912813335,1
0,0.01603537614881578,0
1,0.7688497371312313,1
0,0.009428739910848194,0
1,0.3701743857940239,0
0,0.49994989432660475,0
0,0.40696025733863495,0
0,0.7118334762696725,1
1,0.625502645560162,1
0,0.0006720959182570352,0
0,0.013781316123578961,0
0,0.23806842618960755,0
1,0.5243167563924462,1
1,0.5041512011983331,1
0,0.24231524074282934,0
0,0.048695528698976746,0
0,0.2206752265415962,0
1,0.5826607433189861,1
1,0.7909586170950214,1
0,0.006346913784434938,0
0,0.014191238165830422,0
0,0.03386911056517871,0
0,0.18799415855547555,0
0,0.10929395998519781,0
0,0.2487935207392811,0
0,0.011873105098176599,0
0,0.05465528593751414,0
0,0.0011980249517297697,0
0,0.000813267938529691,0
1,0.6061124990101532,1
0,0.05304145074171486,0
1,0.6524616461383043,1
0,0.002924499532219171,0
1,0.4561014762902066,0
0,0.18702584240214,0
0,0.3847090836493129,0
0,0.7728707732930513,1
0,0.6832398341816227,1
0,0.013518916729089168,0
0,0.0008707769580448992,0
0,0.05381688683491537,0
1,0.6113222429613423,1
0,0.06347454343541413,0
0,0.5005511014282095,1
1,0.27781554332343683,0
0,0.39379353263804334,0
0,0.31122644219606926,0
0,0.002439846019705552,0
0,0.04223771825851848,0
0,0.014016905135116942,0
0,0.03330667476261857,0
0,0.001513461739815099,0
0,0.17201268046538862,0
1,0.5559497111721277,1
0,0.02442996528854431,0
1,0.7529017835752387,1
0,0.0008018914517672238,0
0,0.01192661039161331,0
0,0.004439673722351814,0
0,0.03989475977168361,0
0,0.04968204430271197,0
0,0.11056876045983462,0
0,0.0069895906433898635,0
0,0.02820528984164851,0
0,0.15294144073620564,0
0,0.21277350295385652,0
0,0.0015118535662443943,0
0,0.010097016751221677,0
1,0.7568197621881184,1
1,0.31233721706629386,0
0,0.16274360076294875,0
0,0.002477635315530573,0
0,0.12116426398740748,0
1,0.8138848870458378,1
0,0.7607779276871867,1
0,0.2824450055550357,0
0,0.0020914236718333297,0
1,0.6426359199818268,1
0,0.12842570706988743,0
1,0.839106610617565,1
0,0.28853694065541463,0
0,0.5499804962263757,1
0,0.1250142425545271,0
0,0.4097154848228688,0
1,0.8226668869430118,1
1,0.29925374010603045,0
0,0.1478511422090306,0
1,0.7306559679182708,1
0,0.00602424998120624,0
1,0.602643644339977,1
0,0.6597422980176139,1
0,0.0074367925405034105,0
0,0.010780837757394279,0
0,0.00897819010157661,0
1,0.8605589473845475,1
0,0.007038602338971699,0
0,0.023817140159468758,0
0,0.7586383802370892,1
0,0.4631024320067864,0
1,0.5322497984370884,1
0,0.0901690213296989,0
1,0.6879327241251925,1
0,0.004292160878472805,0
1,0.7197116705954456,1
0,0.19051123616165355,0
0,0.00669174915994858,0
0,0.1220186284975868,0
0,0.2871975120274613,0
0,0.02130268888826754,0
0,0.2712184509258749,0
0,0.26993078247590885,0
1,0.7096402583955641,1
0,0.009443994318038,0
0,0.020429929101330777,0
0,0.13152473159016176,0
0,0.03315905903397395,0
0,0.024604531771528708,0
1,0.352212357776742,0
0,0.03145290608460747,0
1,0.5691568999872125,1
1,0.6792810415949906,1
1,0.2865827130243284,0
0,0.12462227232884619,0
0,0.00455479195574502,0
0,0.0009588372413166011,0
0,0.057744223717996424,0
0,0.03743195831236219,0
1,0.04414013580142783,0
0,0.0742476048163212,0
0,0.08390551486807621,0
1,0.41507376049193134,0
0,0.08649595501219104,0
0,0.025116276941488137,0
0,0.3676207820199206,0
0,0.14272067731025848,0
0,0.10567645465043113,0
0,0.1395539263768483,0
0,0.2506274902663086,0
0,0.009629591891405767,0
0,0.0014234987781664688,0
0,0.01469893088441286,0
1,0.179958011721647,0
1,0.2957785910532146,0
0,0.18633433393705087,0
0,0.02252854574369364,0
0,0.27931037538541537,0
0,0.6827185705643822,1
1,0.42155682572428044,0
0,0.046851522558620386,0
0,0.39962114447513136,0
0,0.08995869596675336,0
1,0.6181959102868432,1
0,0.04084888261554121,0
1,0.74175193673003,1
0,0.3158688183753494,0
0,0.355354326319459,0
0,0.07315670781648662,0
0,0.4953150769957769,0
1,0.43836902937767,0
1,0.35324777451237693,0
0,0.022735891030883817,0
0,0.8740219566469161,1
0,0.0005213103077970627,0
0,0.017394672004137853,0
1,0.18918317056151912,0
0,0.17797854665748328,0
0,0.09694903419444274,0
0,0.0011028189025356393,0
0,0.016011409005134834,0
0,0.035327252397575906,0
0,0.45577787356367816,0
0,0.06373864258642424,0
1,0.2220267724634438,0
0,0.21413517354790726,0
1,0.8276472179082536,1
0,0.33704628089195054,0
0,0.28437945618884525,0
0,0.027978622800846956,0
0,0.2563978013188086,0
0,0.6405816530440299,1
0,0.03989378703596704,0
0,0.026724898905766757,0
0,0.010519267048104837,0
0,0.0024118836876280726,0
1,0.411632917554027,0
1,0.8426876474008328,1
0,0.00874839332411617,0
0,0.7475815761072099,1
1,0.47769174232026385,0
1,0.6432018213126285,1
0,0.0041411375124891705,0
0,0.08266104175487056,0
0,0.2771303921053662,0
0,0.1381086632624732,0
0,0.04085548836394689,0
0,0.0559861395131607,0
0,0.026933051305054002,0
0,0.38809825031668077,0
1,0.20043798571502427,0
0,0.5165410983869596,1
1,0.8011725440028173,1
0,0.3367004801652895,0
0,0.7787538949438955,1
0,0.042900441234980935,0
0,0.147919100842385,0
0,0.022029819858981413,0
1,0.7864835722877794,1
0,0.25482682858238204,0
0,0.3442563903684951,0
0,0.10642973338637836,0
0,0.1090667312780708,0
0,0.0049933612479883364,0
0,0.31195102093811733,0
0,0.0012026595259751948,0
0,0.0019110283556006233,0
1,0.09034455670942398,0
0,0.006601080300318075,0
0,0.03471135087828134,0
0,0.028508802398937022,0
0,0.1552350926673151,0
0,0.0015708710952684114,0
0,0.4230819212292869,0
1,0.36903403031024345,0
0,0.10929366051574893,0
1,0.7344155150476959,1
0,0.011513451066969162,0
0,0.3117863290708873,0
0,0.2560585120644156,0
1,0.8388569905700523,1
0,0.033919612032923395,0
0,0.3834607497139411,0
0,0.13434286394770584,0
0,0.1877184565221023,0
0,0.002502055907996021,0
0,0.014257692048107786,0
0,0.37093864390893755,0
0,0.18513050828606825,0
1,0.873854227576738,1
0,0.0019140922938749015,0
0,0.0037228280804465926,0
1,0.7015664020878208,1
0,0.3677516954195423,0
1,0.13100906298256187,0
1,0.16099676687907974,0
1,0.7424919899577379,1
1,0.7680411492625244,1
0,0.7014803699578909,1
0,0.10671981411694878,0
0,0.0698698874893602,0
0,0.009210088272047397,0
0,0.0445765464919437,0
0,0.08157473104647618,0
0,0.12497885277205256,0
0,0.002016014968942246,0
0,0.0008036056091651295,0
0,0.37095930995724335,0
1,0.5637474908108252,1
0,0.4543490273332017,0
0,0.00432418235365145,0
1,0.7656864467227688,1
0,0.4957610230148905,0
0,0.18438233272638782,0
0,0.10826681623597462,0
1,0.1963553135967722,0
1,0.750607704639865,1
0,0.4664653399202578,0
0,0.324579073729845,0
0,0.34691651792700406,0
0,0.050704206996864426,0
0,0.4931893794825437,0
0,0.03984890800081947,0
0,0.35024619630608683,0
1,0.7341675466503251,1
0,0.0014388322412940905,0
1,0.32445720840035613,0
0,0.03204316950344272,0
0,0.017798752977423938,0
1,0.6814822737024366,1
1,0.7004027335264709,1
0,0.0034991562040286063,0
0,0.05335291631296318,0
0,0.7626459566500289,1
0,0.1201442075917644,0
0,0.08028406111662051,0
0,0.1772660734079532,0
0,0.33462760660270036,0
1,0.7551216999952378,1
1,0.7533003592534452,1
0,0.495037553627541,0
0,0.11527580560220739,0
0,0.08547530033001166,0
0,0.18357148205699275,0
0,0.3649015419071664,0
0,0.14154168142728749,0
0,0.21729243775541401,0
0,0.0020016280936464275,0
1,0.516841389868044,1
1,0.4438175268220743,0
0,0.06900484916072328,0
0,0.14380097346979395,0
0,0.43110220195559856,0
1,0.7314298717718211,1
0,0.09341506096360096,0
0,0.0837310921088581,0
0,0.0017038972808384781,0
1,0.8147417119113456,1
1,0.4913138756928883,0
0,0.2834117525124589,0
1,0.7089591645272065,1
0,0.015171165874049859,0
0,0.47463236318762503,0
0,0.0015354415749918417,0
0,0.05600239100099718,0
0,0.08651306110404532,0
0,0.17638244850706974,0
0,0.0020936086550637258,0
0,0.0052093822816131055,0
0,0.005583784830181092,0
0,0.3809323651860347,0
0,0.23522614995423666,0
0,0.0033837416155314127,0
1,0.07839406724184171,0
1,0.25153507201389347,0
0,0.2439032834267065,0
0,0.044293171083636444,0
0,0.005740667159343095,0
0,0.539575715147116,1
0,0.37765326116461956,0
1,0.07178746499883029,0
0,0.2770789142783899,0
1,0.6433137937268307,1
0,0.04521767273802354,0
0,0.3379651215788813,0
0,0.4386631572456362,0
0,0.003318902580389406,0
0,0.41795209440579684,0
0,0.049532873464610126,0
0,0.3242738298142143,0
0,0.22568042068478567,0
0,0.06737709835682183,0
0,0.031941470856998784,0
1,0.6472233790867358,1
0,0.0008115398901205385,0
0,0.6933020853679887,1
0,0.001894521198848769,0
0,0.015593717668708906,0
0,0.02043640204760008,0
1,0.4392966814533225,0
0,0.12669292175571387,0
0,0.03623591446540508,0
0,0.08170719165555713,0
0,0.026878979381344693,0
0,0.009860472460352704,0
0,0.372466327909953,0
0,0.29355990671483534,0
1,0.4017709623631535,0
1,0.4188368835361297,0
0,0.2665689933825742,0
0,0.40303890314118035,0
0,0.10537090805825124,0
0,0.014455267070013869,0
0,0.21072568687731352,0
0,0.4621275233469024,0
0,0.0008907151741417629,0
0,0.03897869409406557,0
1,0.6813981104020002,1
1,0.49930370496349596,0
0,0.37224240611676207,0
0,0.13831851152482075,0
0,0.02282391616367567,0
0,0.7822270320083231,1
0,0.0009432710625398334,0
0,0.035103599147667454,0
0,0.03830915293627466,0
1,0.8698509172916472,1
0,0.03716936728463429,0
1,0.49193475609601583,0
0,0.23452552298803572,0
0,0.04435530049742192,0
0,0.5229722569337167,1
0,0.3521240048761167,0
1,0.07205388086265398,0
0,0.20954603285613427,0
0,0.29122951370426725,0
1,0.08479477688802756,0
0,0.7486872396802494,1
0,0.0008985618602500038,0
0,0.20954169498035072,0
0,0.004109603091641,0
0,0.5360941903539436,1
0,0.11922494771995351,0
0,0.009197553727476056,0
0,0.0011086615299718968,0
0,0.1941657038759257,0
0,0.04960253515731391,0
0,0.10548766172827669,0
0,0.02531379975200519,0
0,0.0045734046229841,0
1,0.7113834838720792,1
0,0.0021783111899616077,0
0,0.04092535303626006,0
1,0.09391666063849019,0
0,0.0054629431667956065,0
0,0.24588184092697035,0
1,0.6881124416548636,1
0,0.2711081373428082,0
1,0.23078309166221586,0
1,0.47804563862080124,0
0,0.022168267611802902,0
0,0.15650093349655547,0
0,0.011356552198519448,0
0,0.06383880590606755,0
1,0.6744759073121865,1
0,0.1886653406440555,0
1,0.37103443970554556,0
1,0.8325176420716232,1
0,0.0026862057975080857,0
0,0.0023347110147542657,0
0,0.0990318843979497,0
1,0.48272191855225105,0
0,0.3183588497712393,0
1,0.8350137668036087,1
0,0.027757451433887654,0
1,0.40163831878040035,0
0,0.0015957734401187507,0
1,0.47370605043557995,0
0,0.5171739541995384,1
0,0.001676113071860004,0
0,0.09301926191381765,0
0,0.350844115681045,0
0,0.7136371506591932,1
0,0.06729596654128923,0
1,0.7246520651590822,1
0,0.0009477221649379056,0
0,0.0024571290973809962,0
1,0.8027431877360918,1
0,0.3653697713270185,0
1,0.23590406448611975,0
0,0.0018697047294263546,0
0,0.1210207963251637,0
0,0.19167545712988193,0
0,0.008602112261524493,0
0,0.027317981558001976,0
0,0.154805912638765,0
0,0.5958636346337942,1
0,0.060128477401913,0
0,0.5801387550513273,1
0,0.01697829772688653,0
0,0.1975228635619591,0
0,0.0369707513869823,0
0,0.059737008078033414,0
0,0.0013732299492488131,0
0,0.32953051643462244,0
0,0.025565644019907668,0
0,0.2801426584553735,0
0,0.02057891055008105,0
0,0.0016121309572856854,0
0,0.03024267843155233,0
0,0.03587365619781079,0
0,0.00719161455605502,0
1,0.36924462675041153,0
0,0.043380595480979424,0
0,0.02164598552627496,0
0,0.5938656746378661,1
0,0.01201087209396768,0
0,0.22346458142952258,0
0,0.0046425416916150404,0
0,0.15393493590254548,0
0,0.13843366958846678,0
0,0.02345305813445456,0
0,0.23822864514212402,0
0,0.23003782518928995,0
0,0.022090730625931414,0
0,0.34471125138972214,0
0,0.10735107549211577,0
0,0.06889920918022159,0
0,0.14013713554873342,0
0,0.036909740481557304,0
0,0.24185526207439806,0
1,0.3987086007292801,0
1,0.853601283626906,1
0,0.20350049355821107,0
1,0.34682949623523585,0
0,0.0011554408137509158,0
0,0.011467089439876097,0
0,0.029442622457204103,0
1,0.7088614989571365,1
0,0.4009055374078623,0
0,0.0026560329615187544,0
1,0.21171315397124388,0
0,0.14013143226648117,0
1,0.7153780721011748,1
0,0.22300045108283414,0
0,0.35603213021693947,0
1,0.5908257972570253,1
0,0.04102196446058991,0
0,0.005478382387546138,0
0,0.024775284082118057,0
0,0.01456479527256015,0
0,0.025592081856785,0
0,0.10493855683581974,0
0,0.0332423451683027,0
0,0.03945480516470878,0
1,0.3929592815586869,0
0,0.022258397247342215,0
1,0.2861263954638913,0
1,0.4085448190429826,0
0,0.007070015634610073,0
0,0.19283164354888271,0
0,0.03134300352400322,0
1,0.2735713312780363,0
1,0.9041241758692051,1
0,0.4152469723889384,0
1,0.5767681409354395,1
1,0.38112245436079567,0
0,0.0020295090974766063,0
0,0.005821054392683841,0
0,0.0006557386454151473,0
0,0.002166664828502728,0
1,0.53744721761356,1
0,0.032005032112611305,0
0,0.36942294917964796,0
0,0.0037832204665644025,0
0,0.07053454762884906,0
0,0.3215464810583268,0
1,0.3145070360784826,0
1,0.5276330226180912,1
0,0.0023742128839485815,0
0,0.012447095344737884,0
0,0.3502446428914482,0
0,0.15543368186613415,0
0,0.13705101222227944,0
0,0.005151583202361496,0
0,0.002677120607436658,0
0,0.0017141266889711595,0
0,0.3131997098962603,0
1,0.7076296271768173,1
1,0.16862830953112484,0
0,0.034844871789318985,0
0,0.007043328047045057,0
0,0.3281068948848854,0
1,0.7787030537628584,1
0,0.04144359420188667,0
0,0.0011732373703792745,0
0,0.0721294053823504,0
0,0.0043075124767818955,0
0,0.023320460832303325,0
0,0.09101946117529992,0
0,0.5049087087065697,1
1,0.7480377118709717,1
0,0.4657663318004259,0
1,0.8091224868635072,1
1,0.38153871193505223,0
1,0.825155896920947,1
0,0.021546497464867607,0
0,0.0656516960115474,0
0,0.08838581620150775,0
0,0.11309551651881511,0
0,0.004408036311072463,0
1,0.7779396396311281,1
0,0.5131505349721005,1
0,0.06522407275522539,0
0,0.450655770529051,0
0,0.0010994908510868304,0
0,0.0018850426821919336,0
1,0.8296380510561788,1
1,0.6064975058694523,1
1,0.39252354478625556,0
0,0.2565779358730126,0
0,0.4357342672763022,0
1,0.6608773710193293,1
0,0.16898050193658687,0
0,0.0017066637417148451,0
1,0.4425523360095792,0
1,0.16649632983660037,0
0,0.0021754256489911017,0
1,0.1570279857528802,0
0,0.10150727002442421,0
0,0.07953228056312295,0
0,0.015882145667701,0
1,0.7122871212941163,1
1,0.29748878876217,0
0,0.3278295561615257,0
0,0.04862638696085546,0
0,0.024563792713281258,0
0,0.1383471411364873,0
0,0.11848388311506854,0
0,0.0017678918669472104,0
0,0.01256283317530747,0
0,0.01157951270054708,0
1,0.5744323512944663,1
0,0.45647494202156735,0
0,0.001714159471494841,0
0,0.08558367253350864,0
0,0.0917940953234536,0
0,0.26745538789181517,0
0,0.34302488466954223,0
0,0.014953020378526756,0
0,0.2070066513452159,0
1,0.6824191357686292,1
0,0.0034124843288282016,0
0,0.6957813458192723,1
0,0.34160626062548893,0
0,0.03455532817400302,0
1,0.8065279083334818,1
1,0.3034882656197906,0
0,0.35373626402749947,0
0,0.004369699851019378,0
1,0.5540775123712764,1
0,0.21134868545517402,0
1,0.29705402998849084,0
0,0.14210723198297592,0
0,0.0009146056788277741,0
0,0.028972660408961074,0
0,0.09112795532301582,0
0,0.2896731002182512,0
1,0.7559861121817838,1
1,0.3662969111227459,0
1,0.8581151818739872,1
0,0.6021427879295883,1
0,0.0026083466121913958,0
0,0.005112527482363392,0
0,0.021743210311748133,0
0,0.09245860241987666,0
0,0.009320222808085945,0
0,0.02619186369961002,0
0,0.028293405729318447,0
0,0.005107765342952585,0
1,0.36372314581974585,0
0,0.6540290335907447,1
1,0.4902936814358487,0
0,0.2576265222873054,0
0,0.22563091313442915,0
0,0.26038014256005737,0
0,0.1738342614115761,0
0,0.31198646852149403,0
1,0.059434774901798534,0
0,0.5317959509793717,1
0,0.0355842831907237,0
0,0.28504364299429047,0
0,0.01383724963463508,0
1,0.22481757461810128,0
0,0.5698418926205643,1
0,0.007353906601381838,0
1,0.8246327326014885,1
1,0.8060654423297844,1
1,0.49103433112802614,0
1,0.26045963254330823,0
0,0.21344150950849777,0
0,0.038643307937644165,0
0,0.03161589231322944,0
0,0.3742913716015341,0
0,0.4822303038019079,0
0,0.01801965814812468,0
0,0.4660410326287143,0
0,0.15362433033291012,0
1,0.7441670419931161,1
0,0.06192585713701127,0
0,0.009533715721951637,0
0,0.01692097831636519,0
1,0.8330979266657192,1
0,0.12223540785868563,0
1,0.8897176550887771,1
1,0.5965571952380433,1
0,0.015590000441987937,0
1,0.6460618453977076,1
1,0.7551993037551834,1
0,0.41397643523517674,0
0,0.029430353717412948,0
0,0.26970579628594626,0
0,0.14003729063285295,0
0,0.001632656566325568,0
0,0.027691912783030313,0
0,0.0028031558932693516,0
0,0.16839411260041703,0
0,0.27203137301771785,0
0,0.1598195727124715,0
0,0.17004439271666796,0
1,0.6610572238174757,1
1,0.7995223283001094,1
0,0.27520276743896593,0
0,0.0016454561933862777,0
1,0.8263245012501065,1
0,0.3548470908775992,0
0,0.45775151590194846,0
0,0.04308742867193905,0
0,0.49188218648887605,0
0,0.3096848303393713,0
0,0.02058116213343032,0
0,0.11412356675615683,0
0,0.0006573617541566942,0
1,0.6770749445292371,1
0,0.26772441767188876,0
0,0.07806948451872371,0
0,0.10795995149593501,0
1,0.08674487601897278,0
1,0.7876754117154852,1
0,0.00126581935728456,0
0,0.05581043716729776,0
1,0.303443145771255,0
0,0.001073312680952699,0
0,0.001281580192432729,0
0,0.4734241345015358,0
1,0.41570181510465865,0
0,0.0023956904836217262,0
1,0.4841687314590095,0
1,0.7692422468140332,1
0,0.03823569793237057,0
0,0.02301312415003419,0
1,0.8825802605970889,1
0,0.016411576963817596,0
1,0.5538934927852963,1
0,0.4586352614618059,0
0,0.013681754193650943,0
0,0.15490233967462072,0
0,0.277696949115998,0
0,0.01932907984224165,0
1,0.6256405016805647,1
1,0.7281538679127161,1
0,0.010067549543876581,0
0,0.20112165483983468,0
0,0.4746006692135357,0
1,0.8462683378873634,1
0,0.14789288502126507,0
0,0.01129850965939508,0
0,0.023706040459773182,0
0,0.00460266115305277,0
0,0.028158764700917317,0
0,0.055746454012959336,0
0,0.3803530488177105,0
1,0.2975621218347361,0
0,0.052210158371485,0
0,0.2831215019717235,0
0,0.0012532782464177922,0
0,0.0016595514347009204,0
1,0.3703219324700682,0
0,0.01235490131418318,0
1,0.09319215928356807,0
1,0.6943336413563356,1
0,0.23198050855648605,0
1,0.1729722269281568,0
0,0.009261273724101486,0
0,0.10272953831051827,0
0,0.29791977078594983,0
0,0.0208405326621672,0
0,0.2950533750264841,0
0,0.09560819801200005,0
0,0.034214540944346464,0
0,0.014041676641416714,0
1,0.4792041287991763,0
0,0.002648979189348773,0
0,0.03352893425632985,0
0,0.1723822464012671,0
0,0.010898421856155647,0
0,0.07126985437565421,0
0,0.556050640306273,1
0,0.545044142103722,1
0,0.010873580403903961,0
0,0.0015824705788448478,0
1,0.8165372348671788,1
0,0.017795689291815252,0
0,0.4726833983885512,0
1,0.8272793072307804,1
0,0.04497957206409832,0
1,0.6464112597349387,1
1,0.1740120617161492,0
1,0.46247560578939684,0
1,0.5917251418452595,1
1,0.701002049838838,1
0,0.5250443099824164,1
1,0.3913309419707437,0
0,0.011288071970001166,0
0,0.18859408366003824,0
0,0.013587215382617925,0
0,0.05347668119302931,0
0,0.35855482356408364,0
0,0.006948740918849308,0
0,0.24964514684728775,0
0,0.020270016654780218,0
0,0.05751196533424429,0
1,0.6307675346671965,1
1,0.028560641060867947,0
0,0.01908457821504997,0
1,0.25747884971528223,0
0,0.04353601986846631,0
0,0.013222812795702574,0
0,0.7715248809362062,1
0,0.004462022916704047,0
1,0.5820942444774956,1
1,0.5618243004736759,1
0,0.00680083105012089,0
0,0.0023973480193599144,0
0,0.6806569228945137,1
0,0.001141198197765769,0
1,0.17406718420092834,0
0,0.7211375097607328,1
0,0.14541205714094685,0
0,0.059233997518365916,0
0,0.4596183202856745,0
0,0.0870880386337001,0
0,0.21248499631723838,0
0,0.408858048924861,0
1,0.823464371431852,1
0,0.06506451468301916,0
0,0.04759942888603648,0
0,0.12134530540175881,0
0,0.0014810493131349567,0
0,0.1162514653041257,0
0,0.023091851171087224,0
0,0.08456723266315123,0
0,0.11592484835992402,0
1,0.46286095828105767,0
0,0.026080926128361707,0
1,0.6241931156109799,1
0,0.02672450024782959,0
1,0.6766231129021216,1
1,0.5324844012820502,1
0,0.02846872037734398,0
0,0.04623857550930244,0
0,0.001500561803107438,0
0,0.0024754278495006106,0
0,0.031927684027045225,0
1,0.5265333351341863,1
0,0.7237540977340032,1
0,0.11330219154234843,0
0,0.029894538991381232,0
0,0.6177985431129318,1
1,0.8836917126418048,1
0,0.0013050743521953196,0
0,0.011527066040966965,0
0,0.030432563864453716,0
1,0.7998529857307496,1
0,0.0036828599909157276,0
0,0.006055408194788419,0
0,0.0006378472537407616,0
0,0.015433176927766069,0
0,0.007373449603012462,0
0,0.012244663833738314,0
0,0.023680060848927407,0
1,0.6277927269593614,1
0,0.02007542148217346,0
0,0.028356266762812745,0
0,0.1365071222352398,0
0,0.14620511102566572,0
1,0.30334729864372795,0
0,0.3134580986636017,0
0,0.1966855331851457,0
1,0.18629539818601507,0
0,0.007464555885467314,0
1,0.6530838252935949,1
1,0.8097308927028272,1
0,0.2843711390982023,0
1,0.6056778415085219,1
0,0.006202944528929007,0
0,0.03427159442198757,0
0,0.5031968713895157,1
0,0.03959667422602049,0
1,0.042362655307837074,0
1,0.4952383316801503,0
0,0.04400339175236358,0
0,0.30920519937295443,0
1,0.5962000323633159,1
0,0.07206921205822615,0
0,0.02446315622873241,0
0,0.17688876009842036,0
0,0.23057021869219865,0
0,0.04257645022487948,0
0,0.1124490296620499,0
0,0.09610808231276927,0
1,0.800776809511097,1
0,0.17104675611061565,0
0,0.7779945564829022,1
0,0.530397393235938,1
1,0.22985545665203677,0
1,0.43646679048588477,0
0,0.25287185254985434,0
1,0.8560208922263738,1
0,0.024502896724106157,0
0,0.02262351289812361,0
0,0.0013851165559402895,0
0,0.0012798808604705027,0
0,0.015633648491708684,0
0,0.2240627168740329,0
1,0.3685434623179718,0
0,0.004217687473446096,0
0,0.013033842643225881,0
0,0.025446070335593696,0
0,0.1067138522498288,0
0,0.017666239340783735,0
1,0.5080757212947411,1
0,0.006298131483790315,0
0,0.08361591697465924,0
0,0.0013543457371597684,0
1,0.5897561688963961,1
1,0.61939740131025,1
1,0.8095253494545734,1
0,0.46312935488822227,0
0,0.36148821701658973,0
0,0.007243229970460534,0
0,0.053768240801638466,0
0,0.11660217223086848,0
0,0.3227359842871109,0
0,0.687423197263387,1
1,0.7916781569746454,1
0,0.2040127721532372,0
0,0.07704312357685553,0
0,0.18208620125899697,0
0,0.25766558049027194,0
0,0.023403254333577164,0
0,0.009018188162496606,0
0,0.0030088464296601537,0
0,0.31321771580517926,0
0,0.2705629451563927,0
0,0.00875251139115081,0
0,0.1040723516075624,0
0,0.6132015233763906,1
0,0.829052473286506,1
0,0.4535096667555941,0
1,0.7539762402270873,1
0,0.002839095708886052,0
0,0.019858733722148855,0
0,0.3043041573187881,0
1,0.4831987028219506,0
0,0.0007634310939645979,0
0,0.0015635956412028854,0
0,0.5524991583706779,1
0,0.0023169312206803238,0
0,0.014188104567472055,0
0,0.2683157236657857,0
0,0.22269003178837857,0
0,0.028318625838618754,0
0,0.2998466087598153,0
0,0.0013430263063842884,0
0,0.024215914334373964,0
1,0.09122210803564641,0
1,0.47000773955405106,0
0,0.13747331914137847,0
0,0.0821197789855959,0
1,0.4006502094581825,0
0,0.04289406537018161,0
0,0.004524150280438711,0
0,0.35333337112785496,0
1,0.04616507730572025,0
0,0.0010281111564624484,0
1,0.3091131419802431,0
0,0.019722927362096174,0
0,0.03082634518876713,0
0,0.02777443226645199,0
0,0.3291804170975148,0
0,0.04161127464757616,0
1,0.06991471387423295,0
0,0.33608631049726556,0
0,0.0170008942682271,0
0,0.02368147389493303,0
1,0.7802434489951716,1
0,0.05720282901057813,0
1,0.42385362991722864,0
1,0.8126110780949876,1
0,0.28039535578995006,0
0,0.15224195005547939,0
0,0.018464508078978186,0
0,0.0032080801038453337,0
0,0.046309355427243064,0
0,0.4953929391795461,0
0,0.0038653324319323666,0
0,0.2093745659092383,0
0,0.36749586106610754,0
0,0.02440840192468914,0
0,0.14819851503212897,0
1,0.7755722269084582,1
0,0.062455031543518086,0
0,0.02604889013782137,0
0,0.6264897715436448,1
1,0.8292253911781918,1
1,0.058693932630942545,0
0,0.010382765999374367,0
1,0.6895198392114276,1
0,0.015725567427483787,0
1,0.4096748617296736,0
0,0.36378623508497787,0
0,0.02195411771977969,0
0,0.009016452596208474,0
0,0.03152627323096843,0
1,0.5829288443667102,1
1,0.28707597076879565,0
0,0.00733368710912606,0
0,0.1553271470602378,0
1,0.787765224569288,1
0,0.017154281092570736,0
0,0.21003261338743603,0
1,0.7211142823927417,1
0,0.03196731428210766,0
0,0.039393365196943864,0
0,0.5965314766419706,1
0,0.005384110041925848,0
0,0.0033795388762957778,0
0,0.236731823774922,0
0,0.03849117050974633,0
0,0.01614588870255319,0
1,0.44502292369107754,0
0,0.01469319866625422,0
0,0.010866320858093139,0
0,0.16335099454023314,0
0,0.0016171602777360788,0
1,0.06761600414196431,0
0,0.0018306182174725688,0
0,0.020345868219097337,0
0,0.024117243585266616,0
0,0.40984747098898344,0
0,0.39088138381477955,0
0,0.29305503411816575,0
1,0.7105585684468846,1
0,0.007810317912734777,0
1,0.6876950649245179,1
0,0.7036922340176517,1
0,0.005108692460255086,0
0,0.4759669937354458,0
0,0.23750460904749382,0
0,0.1835738270944091,0
0,0.055163656946924905,0
0,0.7450481600684933,1
0,0.4830088409528939,0
0,0.001205348238512746,0
0,0.43506055078117134,0
0,0.13444497967923716,0
1,0.1023005938662215,0
0,0.1321902161800853,0
0,0.004190900988504089,0
0,0.23547830251794263,0
0,0.06193949741053025,0
0,0.010425135645174798,0
0,0.031842081186735316,0
0,0.1305569708410081,0
0,0.07360695518332877,0
0,0.001935664308536522,0
0,0.2550698814802661,0
0,0.5255542240365898,1
1,0.6980639337260278,1
0,0.04404321035477955,0
0,0.7204568738464023,1
0,0.17185609901904259,0
0,0.04151780800282121,0
1,0.7741762065601221,1
0,0.005800287201103063,0
1,0.6849021939643458,1
0,0.02694326090219828,0
0,0.7063229588364621,1
1,0.6681773392975979,1
0,0.31916470814746944,0
1,0.7224198436864195,1
1,0.21193262108090802,0
1,0.8501428659667877,1
0,0.6606814129708711,1
1,0.3126604396936414,0
0,0.0534136549199872,0
0,0.07835127800941988,0
1,0.4163509708366216,0
0,0.29731506664711327,0
1,0.2059531367477516,0
1,0.16212597741592835,0
0,0.14491130672832545,0
0,0.0024986372858489085,0
0,0.15658690499852937,0
1,0.6298976241053925,1
0,0.009579174584214787,0
0,0.03255842787924595,0
0,0.06883440770253275,0
0,0.16751342325592017,0
0,0.09369484459730176,0
0,0.0015539088122262191,0
0,0.05924364639009719,0
0,0.002280220665406495,0
1,0.49116231994828674,0
0,0.10101869600208799,0
0,0.04088142248880385,0
0,0.05941757665393592,0
0,0.15461375369515962,0
0,0.023730459665251526,0
0,0.36241111235984635,0
1,0.47658025120803016,0
0,0.02668894201400648,0
0,0.32658358935451454,0
0,0.0011215591852527492,0
1,0.2540536936419551,0
0,0.22041788263544845,0
0,0.001656087171785938,0
0,0.36336884098283917,0
0,0.0011261799217487558,0
0,0.08993826712615231,0
1,0.31161888420127576,0
0,0.005418448192982206,0
0,0.014185306910874789,0
0,0.21907128315371793,0
0,0.0634001368813818,0
0,0.11639949202316269,0
0,0.2788001203680198,0
0,0.0022937149544225446,0
0,0.0023571538154115116,0
0,0.10880629125188382,0
0,0.32824106839663303,0
0,0.3076697357504131,0
1,0.8320056110347432,1
1,0.39216867535661315,0
1,0.5861282950832526,1
0,0.009712540687601339,0
1,0.5838278623371879,1
1,0.5581176783093184,1
0,0.050207349599560976,0
0,0.2612796630570353,0
1,0.7308601427626167,1
0,0.0012017961778836399,0
1,0.27655301692651474,0
0,0.0020404953639557074,0
0,0.718999007001571,1
0,0.26009548105094554,0
0,0.022364846099439083,0
0,0.12036311848456503,0
0,0.04074273153673106,0
0,0.25206508872937733,0
0,0.016280109313569456,0
0,0.3643942116817252,0
0,0.010592990929058297,0
0,0.1853566672128569,0
1,0.5508253303566367,1
0,0.40297474914525827,0
0,0.392318924004448,0
0,0.07654089720808414,0
0,0.4837636142280974,0
1,0.12642875983874785,0
1,0.24466059525450226,0
0,0.03301806474778375,0
0,0.29887368229450734,0
0,0.10907309477002544,0
0,0.3367306809145898,0
1,0.4293782777946995,0
0,0.09600736359642566,0
0,0.03494757614595205,0
0,0.017744474418024337,0
0,0.0028277162649444506,0
1,0.3867944659337689,0
0,0.16815151662889136,0
0,0.119139860999369,0
1,0.523666266730197,1
0,0.016034870713074165,0
0,0.38275214276137537,0
1,0.13950351803058267,0
1,0.624188594569833,1
1,0.441331225865332,0
0,0.3762378541142785,0
1,0.6891137837979862,1
0,0.6593733467501601,1
1,0.4664039987736773,0
1,0.05287050574276485,0
0,0.0005383695431624455,0
0,0.0925094042174365,0
1,0.7686699970946903,1
1,0.40757821419214857,0
0,0.7240647014413173,1
1,0.20636796730905121,0
1,0.8122179815311648,1
1,0.44460851911725635,0
0,0.0013795307667958383,0
0,0.37538430916037063,0
0,0.009668614954107434,0
0,0.0012255849623702263,0
0,0.21288181595317468,0
0,0.016491944728810867,0
1,0.5174273797386953,1
0,0.004519108183109142,0
0,0.020420456813311692,0
1,0.08800394946148188,0
0,0.859978740546814,1
1,0.531410965835325,1
1,0.2569697653690131,0
1,0.7959089316604688,1
0,0.029130080207946708,0
1,0.3927833870382002,0
0,0.06380547672961101,0
0,0.028577683182898665,0
0,0.04041731252415493,0
1,0.4598757958305398,0
0,0.006878903811268282,0
0,0.11673036587901532,0
0,0.03008096755334147,0
0,0.2454487918271388,0
0,0.7479107744193889,1
0,0.015464183436473653,0
0,0.8143363343938688,1
1,0.7188273410952256,1
0,0.007063757773325514,0
0,0.04647674320971645,0
0,0.011704479480148024,0
0,0.22266984478128293,0
0,0.009163151370924008,0
0,0.012041327355317055,0
0,0.33091190586912683,0
1,0.5907006168818759,1
0,0.0034146569997350732,0
0,0.2587573387051142,0
0,0.0250449447434684,0
0,0.0019252093589239969,0
0,0.18523602897561695,0
1,0.8794114367929287,1
0,0.22707826176698986,0
1,0.15417939610546427,0
1,0.5746383772871828,1
1,0.4693674943035548,0
0,0.005155845416162087,0
1,0.7829361016684843,1
0,0.010130952882174707,0
0,0.0009251656266787735,0
0,0.012781350764467268,0
0,0.0026869641208401413,0
1,0.5880287786745135,1
0,0.001808935998656385,0
0,0.6588505671863344,1
1,0.23628540086469685,0
1,0.7000671502208218,1
0,0.003927399477794466,0
0,0.06194415253675011,0
0,0.011148010872749605,0
0,0.011573814179970441,0
1,0.608132349106788,1
0,0.009796253437477925,0
0,0.10504927329910477,0
1,0.3688571084101242,0
0,0.6904962712724632,1
0,0.0016099027184977228,0
0,0.4415367967018045,0
0,0.1182860138501137,0
0,0.07238434113031018,0
0,0.011328619515438025,0
0,0.06938506879828923,0
0,0.04920600817988345,0
0,0.2603347825649232,0
0,0.0030098457728416792,0
0,0.055577292443870885,0
0,0.030272783813640333,0
1,0.08141030785329698,0
0,0.007517931907040147,0
0,0.0877385194893724,0
0,0.08313966498552587,0
0,0.04126083172832996,0
0,0.01587205220808849,0
0,0.0008792021835145138,0
0,0.02988449583067203,0
0,0.014593693265500106,0
1,0.7022408091507334,1
0,0.061369566644194684,0
0,0.008096548878887545,0
0,0.17516036811851612,0
0,0.12179176268656927,0
0,0.35514832231749405,0
0,0.016224066489621682,0
0,0.047648606946350924,0
1,0.591395204916767,1
0,0.4549336159514108,0
0,0.1989040196929113,0
0,0.011034587142524432,0
0,0.08068183559907723,0
0,0.3806240312026889,0
0,0.07313770023091169,0
0,0.022938385455439265,0
0,0.02202190771549822,0
1,0.7691709347928866,1
0,0.005586881036501632,0
0,0.030498032136723762,0
1,0.8830665232890889,1
1,0.44211838235096884,0
0,0.2899774103244517,0
0,0.003915878867728269,0
0,0.007317469470831506,0
0,0.0010321167742534034,0
0,0.09267029320244836,0
0,0.047952528840636104,0
0,0.362865940942199,0
0,0.0026405142089437417,0
0,0.03544732519077813,0
0,0.003282956031400981,0
0,0.07742897873521207,0
0,0.370562149620473,0
0,0.363595095016811,0
1,0.6783405287201859,1
1,0.2577543626561184,0
0,0.18809616307999977,0
0,0.0468707793719992,0
1,0.07881213779253562,0
0,0.22726958791817178,0
0,0.022927824310618718,0
1,0.7840857572572156,1
1,0.7445792205277391,1
0,0.1586128088007438,0
1,0.20449064516925372,0
0,0.12051873362593887,0
0,0.19496248228941235,0
0,0.20498467341873186,0
1,0.6453037621303663,1
1,0.025575695182426375,0
0,0.5078675649343019,1
1,0.6886509504903974,1
0,0.48862105432452807,0
1,0.6507549604421362,1
0,0.15624180805158688,0
1,0.7194914079304272,1
1,0.24004749141891363,0
0,0.011686613955118696,0
0,0.16645867165902398,0
0,0.28755265884684184,0
1,0.8309166096925895,1
0,0.03310644897339333,0
0,0.0012587290348493804,0
0,0.005481282700182195,0
1,0.47436327706489095,0
0,0.3574251496056946,0
1,0.5274378128233743,1
0,0.09052821389696866,0
0,0.03181283347949806,0
0,0.04794732913960626,0
0,0.3799296674669893,0
0,0.3818428805069901,0
0,0.0019532170008742674,0
0,0.021379492513306456,0
0,0.1625211635883663,0
0,0.06739213962355904,0
0,0.29643632344494264,0
1,0.5042719604537675,1
0,0.06200142237909125,0
0,0.05450035189128042,0
1,0.3930369050228254,0
1,0.7440662422083792,1
0,0.042274327608627774,0
1,0.7086845960852535,1
0,0.6525297103543903,1
1,0.8901152935518085,1
0,0.47432482777644774,0
1,0.6533464386506518,1
1,0.6573963420901616,1
1,0.2288922917503804,0
1,0.4326975898931146,0
0,0.5612859105211015,1
0,0.12337901662497922,0
0,0.00755052335869967,0
0,0.043606535423078664,0
1,0.8118725835492367,1
1,0.44688267886026023,0
0,0.35222367441965013,0
0,0.003969718840131442,0
1,0.7303577370894392,1
0,0.018709431577388337,0
1,0.5741732748120288,1
0,0.3447036477528636,0
0,0.026400330012999143,0
0,0.6383469870033293,1
0,0.006032389841330564,0
0,0.07555392036083872,0
1,0.6170408442528386,1
0,0.08235557717659826,0
1,0.7438988296470661,1
0,0.08835650903108823,0
0,0.0584985428568248,0
0,0.7925910535169157,1
0,0.12828890959346798,0
0,0.23607629975616562,0
0,0.08315762668635002,0
0,0.16291316088562774,0
0,0.01275264417096888,0
0,0.0077247622242516654,0
0,0.004145787430250093,0
0,0.026385298369653004,0
0,0.80080222561681,1
1,0.533235118846927,1
0,0.001238734922369632,0
0,0.5269340064374888,1
0,0.004351431023331658,0
1,0.3579108854588289,0
0,0.005396007751027214,0
0,0.0007677542964743312,0
0,0.30456209698863107,0
0,0.10431531628116791,0
0,0.10052884625820788,0
1,0.471188171336925,0
0,0.0019363722147756753,0
0,0.013937206713663159,0
0,0.7692484531223869,1
1,0.26800520135290895,0
0,0.584719105324443,1
0,0.009455425796220008,0
0,0.27001196424750423,0
0,0.32647856372120854,0
0,0.01560586048366028,0
0,0.022817516485586053,0
0,0.5329157982024741,1
0,0.4331121120944508,0
0,0.044750308463728086,0
0,0.06387285517285507,0
0,0.013678253650688922,0
0,0.0025949313224467425,0
1,0.4365008958492589,0
0,0.03514985114777902,0
0,0.6595312446494632,1
0,0.04807663288368128,0
1,0.05509287123359749,0
0,0.35753121565359036,0
0,0.04458720679080128,0
0,0.04164174665278526,0
0,0.1276725382641238,0
1,0.48998483141955007,0
1,0.3830344157328285,0
0,0.4693341560597616,0
1,0.8461855280267935,1
1,0.4562997631273788,0
0,0.04091380921622168,0
0,0.028998035710475836,0
0,0.07485424529331375,0
0,0.37930776553905476,0
0,0.03546418532801284,0
0,0.3789270298320194,0
0,0.22858554064071612,0
0,0.7088420208871863,1
0,0.27715123234783506,0
0,0.33574510520669854,0
0,0.29359204531284044,0
0,0.017425559172654984,0
0,0.007250139270276987,0
0,0.6069152364168307,1
0,0.01142055302520909,0
0,0.08864912843245207,0
0,0.5607065076800329,1
0,0.24876070654708304,0
0,0.2644658067498269,0
0,0.20609893159307963,0
0,0.029277259046669005,0
0,0.005527612552629845,0
0,0.027445330525181773,0
0,0.0013791296476224437,0
1,0.4586632899224295,0
0,0.09328162671616347,0
0,0.01192901854055923,0
0,0.0017837526205000758,0
0,0.01014517009142827,0
0,0.036167272527548075,0
0,0.028485507445064243,0
0,0.01754936798679941,0
1,0.7724769892608496,1
0,0.0195182332275568,0
1,0.7748851568503408,1
1,0.3100445513454396,0
0,0.571747805368508,1
0,0.161128948174833,0
0,0.0011532621572627275,0
0,0.1688942192581001,0
0,0.0010333867605184803,0
0,0.07063074885783263,0
0,0.27118532906389636,0
0,0.18057787589916288,0
1,0.5014710197195581,1
1,0.4613989304276375,0
1,0.36416062513762304,0
0,0.36032515783681973,0
1,0.22099943072779055,0
0,0.24738750894138342,0
1,0.384726447896477,0
1,0.4251672678828887,0
0,0.20216539867228775,0
0,0.011704316804365723,0
0,0.02317778938368774,0
0,0.2786449446855736,0
0,0.03576722756825043,0
0,0.002466519371564522,0
0,0.18049992683159796,0
0,0.000999206117348649,0
0,0.010644504130286956,0
0,0.40747258051380414,0
0,0.22178036365041648,0
1,0.8047510206598503,1
0,0.37766642009287993,0
1,0.7195477771683356,1
0,0.003125642182943624,0
0,0.06820589015718491,0
0,0.322266173974187,0
0,0.028992586064986114,0
1,0.06666732943959613,0
0,0.0059757674352504285,0
0,0.012577907308109072,0
0,0.006113872306959144,0
0,0.4344509867163426,0
0,0.0052087662993259435,0
1,0.4829485729955891,0
0,0.00836937149500446,0
0,0.6671352572592061,1
0,0.024189007647492843,0
1,0.8044451833417966,1
0,0.5408692103301065,1
1,0.4897035155963214,0
0,0.21704133913210746,0
0,0.297061600081093,0
0,0.043593150242608694,0
1,0.3561692238206619,0
1,0.899347881822614,1
0,0.28812484120513426,0
0,0.019866964794375434,0
0,0.0691453778244999,0
0,0.031199360679793512,0
0,0.3991874787319818,0
0,0.03053621926141529,0
0,0.11466023381166135,0
0,0.013272497913815098,0
0,0.37150914431270016,0
0,0.0021968344186438465,0
0,0.027552265846405223,0
1,0.46987387864925795,0
1,0.7661660387260903,1
0,0.03219264867825301,0
0,0.04004390516915364,0
0,0.06152231918993448,0
0,0.0066131683257622306,0
0,0.13403947248959455,0
1,0.7196573229959339,1
0,0.1286380984651321,0
0,0.24538727626059045,0
0,0.06753040519995003,0
0,0.07215256656704627,0
1,0.3055729666393767,0
0,0.6909522532682618,1
1,0.817847671556647,1
0,0.00812726374535484,0
0,0.021862214128251702,0
0,0.4274111622040087,0
1,0.24268156121210258,0
1,0.6463036995059507,1
0,0.004043835346156138,0
1,0.7359678647339658,1
0,0.014688248818452085,0
0,0.295228590427091,0
0,0.00261093747518312,0
0,0.6025531647885,1
0,0.06165024322463353,0
1,0.5637953405378288,1
0,0.00947511418206166,0
0,0.0037397002343029628,0
1,0.06804954882672737,0
0,0.7665913436726065,1
0,0.05822838258145065,0
0,0.008876762142098767,0
0,0.12549020279431028,0
0,0.006206722001000314,0
0,0.039612951509770726,0
0,0.0407421768935182,0
1,0.6990064854035702,1
1,0.704223270161272,1
0,0.11242152482857508,0
0,0.20804644515257514,0
0,0.051627574402519916,0
1,0.32973882711429797,0
1,0.16887100485177547,0
1,0.26209804161870737,0
1,0.4665709678568392,0
0,0.02217002440264813,0
1,0.6433646188516963,1
0,0.32283019586408396,0
0,0.2888475942312724,0
0,0.2909879119965701,0
0,0.026755056587728275,0
1,0.28394262744740617,0
0,0.7261498504397956,1
0,0.018882587329147348,0
1,0.3960208378859456,0
0,0.0011014129313958194,0
1,0.2852732660360582,0
0,0.029822106370337026,0
1,0.6896983950174299,1
0,0.035873288480923235,0
0,0.03824229340233647,0
0,0.10131465292685946,0
0,0.1618538753792037,0
0,0.026290620858722392,0
1,0.7286022552059334,1
1,0.7106637423470719,1
1,0.6368874052819221,1
1,0.5159775199530179,1
0,0.03726484267723374,0
0,0.07507604570628891,0
0,0.018684121721801398,0
0,0.20334018652652974,0
0,0.3691071258998011,0
0,0.4634695906538061,0
0,0.036595161987708645,0
0,0.020624978458642328,0
0,0.02169337790536102,0
0,0.5955669316831331,1
0,0.1151083798234869,0
0,0.2281715591489465,0
1,0.7718634563708181,1
0,0.3082445967350995,0
1,0.65097142811273,1
1,0.6415285291776509,1
0,0.18995153148457689,0
0,0.25286882969113816,0
0,0.4306112495702063,0
1,0.09603501287802935,0
1,0.42205516812498317,0
0,0.3924076282172869,0
0,0.059785527988484174,0
0,0.0068749759338961524,0
0,0.13878002343908927,0
0,0.020204731195264246,0
0,0.37872993967463453,0
0,0.019965404707740764,0
0,0.20420659340527272,0
0,0.03744853382944282,0
0,0.021338445098984714,0
0,0.005532754208773782,0
0,0.28659778589459517,0
0,0.14421110785761002,0
0,0.25708114754862205,0
1,0.7266895491838454,1
1,0.8801930186232052,1
0,0.17325175817882235,0
1,0.818036382732128,1
0,0.022993658798879445,0
0,0.048015085419872115,0
0,0.0009291537136876902,0
1,0.0712896690191875,0
0,0.0017281322565310807,0
0,0.0804803844826294,0
1,0.1960208729230387,0
1,0.7531534836521192,1
0,0.06056466538965733,0
1,0.6971327947697611,1
1,0.2719328141327892,0
1,0.4517660082145914,0
0,0.3285064051438754,0
0,0.012347841286863503,0
1,0.6850606538153582,1
0,0.4842591831916401,0
0,0.0014981356925567837,0
1,0.875228769704957,1
0,0.001298538472969647,0
0,0.02155086903182772,0
0,0.23968454130336864,0
0,0.005166057261185246,0
0,0.10664169140554336,0
0,0.0642885433700992,0
0,0.08713628548580427,0
1,0.24657919692143104,0
0,0.0008586351256909265,0
1,0.7046492977317967,1
0,0.6361229260905853,1
0,0.02419575337731504,0
0,0.0013932015334107428,0
0,0.0354036901339114,0
0,0.6783700954989851,1
1,0.5600576629607339,1
0,0.0540008302936841,0
0,0.09443726960144055,0
0,0.07348203674307575,0
0,0.012995404708910654,0
1,0.31505489848944995,0
1,0.7348795790371576,1
1,0.42703855233850774,0
0,0.023398983554574117,0
0,0.02215425417650805,0
0,0.17548454029821678,0
1,0.25226282754048823,0
0,0.07029570588889515,0
0,0.02522461829057729,0
0,0.0050657078545480305,0
0,0.08623040602906569,0
1,0.3651264846859055,0
0,0.012280896154573378,0
0,0.006852371440534968,0
0,0.09993765535689267,0
1,0.5871866701650942,1
0,0.11654151271663697,0
0,0.0018073769791245307,0
1,0.2958329391029232,0
1,0.5738668857403629,1
0,0.006255609859296344,0
0,0.0009185714789261409,0
1,0.5795978253987483,1
0,0.010828882148183165,0
0,0.03418194716572756,0
0,0.7310024869319314,1
0,0.00438257417896793,0
0,0.6281839932886252,1
0,0.029815570926425436,0
0,0.4860308354712788,0
0,0.19519066757171438,0
0,0.13738670356198251,0
0,0.1302058499704583,0
0,0.010313679401554723,0
0,0.25649389480708595,0
0,0.36165932891048574,0
0,0.3751884833568118,0
1,0.6133446771208014,1
0,0.0014545355031316226,0
1,0.7152499368452836,1
0,0.004169798405172682,0
0,0.32863811744732613,0
0,0.2649375416020763,0
1,0.5227373603679085,1
0,0.03600908299298753,0
0,0.0065697917177845976,0
0,0.29668102356951176,0
0,0.12181903658313593,0
0,0.03481165981935034,0
0,0.37207851028425415,0
0,0.13418341683348603,0
0,0.024272865332555255,0
0,0.8692425582048919,1
0,0.22159783392546523,0
1,0.05065540795871731,0
0,0.0330358546940098,0
0,0.02166398575836199,0
0,0.017173384801444855,0
1,0.8837149134285126,1
0,0.2781095770645032,0
0,0.038615834639666585,0
0,0.32280780345125193,0
0,0.012730029017694567,0
0,0.10173370134937644,0
0,0.00388999073545978,0
1,0.08793454983246812,0
1,0.7742515281833842,1
1,0.8633339982276399,1
0,0.001665680137445879,0
1,0.7575185267676633,1
0,0.26869092540591955,0
0,0.08541923200149569,0
0,0.006767595752434302,0
0,0.1842822237597611,0
0,0.06451335421440041,0
0,0.0006204499001680408,0
0,0.021770886813272362,0
0,0.014897661213117723,0
0,0.4546506948575002,0
0,0.0010942432744443131,0
1,0.17662329414363917,0
0,0.057462079691698704,0
0,0.04296972612606464,0
0,0.060985700632372374,0
0,0.3012717720631797,0
1,0.24279208502965524,0
0,0.1571889076021098,0
1,0.13082645509190013,0
1,0.7273875093383961,1
0,0.0016600619647141768,0
0,0.16006593495145796,0
1,0.4822539522211631,0
0,0.10980509192947434,0
1,0.16283190540168202,0
0,0.003203402370359346,0
0,0.37686223214344017,0
0,0.16702998074968878,0
0,0.09183151851562937,0
0,0.126630612811914,0
1,0.45086061134830024,0
0,0.14908957776181736,0
0,0.024075953493000523,0
1,0.21061554583595496,0
1,0.14110958880553628,0
0,0.045741190146218844,0
0,0.016681395163524525,0
1,0.7896625962646021,1
0,0.07871138460427375,0
0,0.24694067007770418,0
0,0.0038497270200094857,0
0,0.017758005063054912,0
0,0.033773844347487425,0
1,0.8642057375823898,1
0,0.05009756842860631,0
0,0.5657379763741295,1
0,0.3890852691099787,0
1,0.3256617894816705,0
0,0.7760164695188314,1
0,0.10935393978347376,0
0,0.05232309396483916,0
1,0.23959307387881754,0
0,0.07957843800542094,0
1,0.7864806697049128,1
1,0.3338121124691298,0
0,0.28258498401398335,0
0,0.05710159639497084,0
1,0.13222139631201768,0
1,0.6987555728189723,1
0,0.018994836933662204,0
0,0.3233608612885519,0
1,0.6151982865730511,1
0,0.7091298748831686,1
0,0.006134044880741107,0
1,0.7008848631703576,1
1,0.6481875687808913,1
1,0.14301452976389886,0
0,0.008197567032766273,0
0,0.0011789109844185545,0
1,0.6555133085976975,1
0,0.26707661819449685,0
0,0.004831767500058151,0
1,0.7501757440164838,1
0,0.094438468934466,0
0,0.31374160842516036,0
0,0.005801923358049022,0
0,0.035430567348642424,0
0,0.3282316961652521,0
0,0.7063630012704745,1
1,0.7579893390685359,1
0,0.05300453596457215,0
0,0.000785378482586082,0
0,0.38314812137199356,0
0,0.21502075716841595,0
0,0.3448137582610285,0
0,0.27347742966320093,0
0,0.14753886501580077,0
0,0.02352378194842859,0
0,0.2259591610786157,0
0,0.047164615277091614,0
1,0.49829422055864947,0
0,0.04555685276806524,0
0,0.724571632181873,1
1,0.3198888676144717,0
0,0.020488659804924286,0
0,0.4876780065254027,0
0,0.3278238699701703,0
0,0.23235729689668488,0
1,0.7170582773548178,1
0,0.25383310256905495,0
1,0.46007392687306004,0
0,0.028020314039735664,0
0,0.34128337794007196,0
0,0.027597080194462466,0
1,0.03472279096394058,0
1,0.07956652964206241,0
0,0.18593213654297158,0
0,0.07039634492621726,0
0,0.0061122997272415715,0
1,0.5923528423289632,1
0,0.015804549252199332,0
0,0.41417566568486025,0
0,0.03386851935893887,0
1,0.46501983749430925,0
0,0.123030441394253,0
1,0.8429248746182746,1
0,0.7583270727475611,1
0,0.022315685566931153,0
0,0.06293869096047666,0
1,0.6321731565595446,1
1,0.2728003535894874,0
1,0.44308799941599375,0
0,0.10367786840175607,0
0,0.07661914667597439,0
0,0.4188195969727526,0
0,0.037400400871331604,0
0,0.03567600160261142,0
0,0.0012170186202192742,0
1,0.5400803298226186,1
0,0.06504531165233055,0
0,0.4112706490451942,0
0,0.34442321665950343,0
0,0.41925383008565,0
0,0.008055993145419901,0
0,0.21069553701945876,0
0,0.0331769329141639,0
0,0.07278394433177408,0
0,0.1456595847455538,0
0,0.03710652910966298,0
0,0.012092117572340806,0
0,0.7903971251100347,1
1,0.7722604817657409,1
0,0.2294552309682783,0
0,0.10009220771210382,0
0,0.049642508672154466,0
0,0.31638709676339005,0
0,0.3047236550944898,0
0,0.1961368501277607,0
0,0.15304911864487925,0
1,0.7155019553979787,1
0,0.002317914777280049,0
0,0.002416653200323839,0
1,0.23948138341870118,0
0,0.021030232747904404,0
0,0.03359397953972331,0
0,0.06687327980312094,0
0,0.49842805189409367,0
0,0.22716382022432288,0
1,0.4455047546766642,0
1,0.287808884456958,0
0,0.4341220992279476,0
0,0.02889513540844709,0
0,0.010236840695751927,0
1,0.06897658971210233,0
0,0.06686490629215086,0
0,0.2640416935831213,0
0,0.002138137607412386,0
0,0.21344369838852909,0
0,0.004122884051897447,0
0,0.05216833121018635,0
0,0.20298805999843192,0
1,0.7474160938007667,1
1,0.10846600084236262,0
0,0.14006227347599434,0
0,0.003532424730724156,0
0,0.015292136441349309,0
0,0.2911770720374907,0
0,0.03712616846853059,0
0,0.2540323323213055,0
1,0.5229466746402339,1
0,0.03671185415681394,0
0,0.27251789913048585,0
0,0.06117269479740137,0
0,0.39886937753501905,0
0,0.03141454140102375,0
0,0.8543844138329969,1
0,0.033696210462387736,0
0,0.004857338266627494,0
0,0.01581991418863578,0
0,0.05470788024673195,0
0,0.024692921550103532,0
0,0.3700841926888954,0
1,0.7793435521028005,1
0,0.001444053008579066,0
1,0.2765103412193692,0
0,0.027668513867144053,0
1,0.38041744709237013,0
1,0.3884639529400263,0
0,0.0017667996656759173,0
0,0.053929222805505585,0
0,0.755582718097143,1
0,0.288364483385431,0
1,0.12326186397049006,0
0,0.005022670242931396,0
0,0.6421048214432709,1
0,0.009803734018193223,0
0,0.3712212352385821,0
0,0.005159140260945971,0
0,0.04912078620509729,0
0,0.4285356890474448,0
0,0.33288424332805633,0
0,0.011714335478035139,0
0,0.13539375525434522,0
0,0.02567121317391388,0
0,0.0625466228878942,0
1,0.3617806109590106,0
0,0.09811871053974171,0
0,0.03003311007104352,0
0,0.322199493779898,0
0,0.3052764525992692,0
0,0.024943868996759107,0
1,0.7496206930109724,1
1,0.8373210582455749,1
1,0.5137770675242258,1
0,0.26408639154931207,0
1,0.503652749347373,1
0,0.00582027785769884,0
0,0.11726146771685224,0
1,0.6503417627332364,1
0,0.013530708931612727,0
0,0.06137349386047483,0
0,0.21244625190159583,0
0,0.0008723646660672133,0
0,0.029503559664442756,0
0,0.03909846496570448,0
0,0.017592305012266888,0
0,0.01693775883970726,0
0,0.006167874283716119,0
0,0.0924424157379005,0
0,0.2762808902878177,0
0,0.002226159697817772,0
0,0.14793272829399728,0
1,0.2463738244857289,0
0,0.2616199282714199,0
0,0.08685202963083608,0
0,0.03443323526821178,0
0,0.08315803652645196,0
1,0.4072025236035146,0
0,0.002271895962869121,0
0,0.05459933006291694,0
0,0.023219657226922718,0
0,0.4705147027159511,0
1,0.6553285036642065,1
0,0.14363572861203036,0
0,0.4987473126282989,0
0,0.37245834035615355,0
0,0.47057808508275606,0
0,0.5212774943493006,1
0,0.27645679801706285,0
0,0.0035042532980081747,0
0,0.04213643726912385,0
0,0.002834852806921629,0
0,0.1445443106083922,0
0,0.016137095038065246,0
0,0.008971187897978013,0
0,0.005256567212247313,0
1,0.5204584735403734,1
1,0.05856352694073572,0
0,0.5397382212804622,1
0,0.06921347575206,0
0,0.21780694086648208,0
1,0.4044910806406552,0
0,0.03963936035762833,0
0,0.11344177885092988,0
0,0.2854491435830041,0
0,0.7458842040969194,1
0,0.30887135883953876,0
0,0.0015092030231861164,0
0,0.07708549714828856,0
0,0.0067836029468093285,0
0,0.006351342620541236,0
0,0.04520810120156803,0
1,0.7562452188386662,1
0,0.7711764211919442,1
0,0.10407008227493861,0
0,0.005835812853519561,0
0,0.005318218276008909,0
0,0.11476174203990765,0
0,0.8161278380820918,1
0,0.11192500913623359,0
0,0.3537719518336025,0
0,0.054464113850858385,0
0,0.1244486931394663,0
0,0.03947069581795368,0
0,0.018729921069777316,0
0,0.006823647551364906,0
1,0.6057252484657505,1
0,0.008138676644912178,0
1,0.18356474681668028,0
1,0.1578598793346263,0
0,0.2221001677818542,0
1,0.18935249467014345,0
1,0.903224672563995,1
0,0.03751572561211158,0
0,0.001336893402864915,0
1,0.5099746196365864,1
1,0.7682551077481277,1
0,0.0011151549851049782,0
0,0.10268375574444599,0
0,0.12103563235723706,0
0,0.420454353468338,0
0,0.018091273256045457,0
0,0.33584890967108544,0
0,0.03775181787212864,0
0,0.022726428536741217,0
0,0.0019194500811097698,0
0,0.11791644946232427,0
0,0.012042910558136388,0
0,0.01487185902322815,0
0,0.033547423946233786,0
0,0.5739206252009168,1
0,0.04432130152257075,0
0,0.15018918789278435,0
1,0.7336022245183059,1
0,0.011757944356513289,0
0,0.0014760429502342404,0
1,0.7782039077077947,1
0,0.05250542200351642,0
0,0.021284004114471355,0
1,0.7271466119235005,1
1,0.35900752293849564,0
0,0.04652010479078946,0
0,0.263667594746545,0
0,0.08264453909584836,0
0,0.027258142684243595,0
0,0.004506913819747917,0
1,0.31156501786711,0
0,0.008849040855427263,0
0,0.3539977594161963,0
0,0.2547569685536009,0
0,0.171065609919569,0
1,0.3829410826327519,0
0,0.010324962982316561,0
0,0.34137492914244055,0
0,0.0009952292540336511,0
0,0.07163211907734353,0
0,0.42338776156324653,0
1,0.4160449397418986,0
0,0.5780663698818207,1
1,0.45397241054383036,0
0,0.48882005933489053,0
1,0.7253149612124452,1
0,0.8129701451374888,1
0,0.009142221492292624,0
1,0.5008549695728081,1
1,0.5544872925923146,1
1,0.8393302371854943,1
0,0.31214627328330846,0
0,0.3543615805296669,0
0,0.021749127641795162,0
0,0.0013583854402723441,0
0,0.018580617815610993,0
0,0.19128378598571646,0
1,0.7331641580561394,1
1,0.6571974845336069,1
1,0.5762851296300617,1
0,0.3329863413890191,0
0,0.00500408339389152,0
0,0.042118222069768195,0
0,0.38084350045187937,0
0,0.007235510757105081,0
0,0.008895066343725545,0
1,0.47590215853464424,0
1,0.8150794050221092,1
0,0.31479581314222765,0
0,0.04855872725892343,0
1,0.2525235681196699,0
0,0.006245693117678565,0
1,0.8667741324032617,1
1,0.25117398501277277,0
0,0.24256960305167344,0
1,0.4985599536742542,0
0,0.011066877764729845,0
0,0.2823270595099526,0
0,0.011450616367468879,0
0,0.04513534501399933,0
0,0.0011053345074513877,0
0,0.3103012745477561,0
0,0.02147512503249482,0
0,0.07191532466007015,0
0,0.49902387668650816,0
0,0.0022865852416099654,0
1,0.6370174203278149,1
0,0.12811836630142767,0
1,0.8001689206833658,1
0,0.6849084972226983,1
1,0.4896085647115705,0
0,0.15989920905747726,0
0,0.13564796629344508,0
0,0.007947131890453912,0
0,0.005974835035522844,0
0,0.13359292656668587,0
0,0.015850125872685375,0
0,0.12167268785487416,0
0,0.04994467036587309,0
0,0.07484891345012593,0
0,0.4466030834424761,0
0,0.14130527857343902,0
0,0.5779845319151284,1
0,0.2971818325933283,0
0,0.018317834848294218,0
0,0.000703496670599882,0
1,0.5777855461877778,1
0,0.03592052505173223,0
1,0.041108644281128474,0
0,0.028434150250290058,0
0,0.5430418846034799,1
0,0.019080613156069032,0
0,0.0600451305071517,0
1,0.5024010649066945,1
0,0.10853821854502466,0
0,0.008976865103978732,0
0,0.02782069461600803,0
1,0.8210976885869385,1
1,0.4911302702344645,0
0,0.2570589303039464,0
1,0.5172215382925104,1
1,0.3859271622018252,0
0,0.0009978442140696152,0
0,0.36274287191121585,0
0,0.010029627321898556,0
0,0.2573455508403907,0
0,0.17015775293016205,0
1,0.48335944302033,0
0,0.34390403522613633,0
1,0.4061806442332305,0
1,0.8405434432225478,1
0,0.0012999979125503083,0
0,0.11470784460260161,0
0,0.224213851367455,0
0,0.18180266353129546,0
1,0.36828272015882585,0
1,0.3579797255805962,0
0,0.0014260497111987268,0
0,0.15672254907527658,0
0,0.002026449113135484,0
0,0.008827398983922378,0
0,0.1522781266846858,0
0,0.005685319979926012,0
0,0.01955617225706557,0
0,0.2639396576817457,0
0,0.03751643602517885,0
0,0.00202241037941791,0
0,0.016417671923750262,0
0,0.024848036987570182,0
0,0.04395587186736179,0
0,0.0008886058128553723,0
0,0.30238085436142903,0
1,0.16503123804593245,0
0,0.15909856810724515,0
0,0.01801672982326603,0
0,0.0011663497354532757,0
0,0.637968094143877,1
0,0.0009081228896428311,0
0,0.04061832906583655,0
0,0.03980637433963554,0
0,0.07775418769032888,0
0,0.041330587039312236,0
0,0.007215140127058441,0
0,0.028857457210043857,0
0,0.01559794283883097,0
0,0.1353414501503871,0
0,0.006941499963301328,0
0,0.46143102064627045,0
0,0.018522298421024614,0
0,0.3379765258984955,0
0,0.5082823933355027,1
0,0.014869829176855334,0
0,0.008498455643405331,0
1,0.682986939125853,1
0,0.03333709583177359,0
0,0.003974192892801131,0
0,0.38703031456455655,0
0,0.07613254808144015,0
0,0.42596769904976434,0
1,0.8987112805576862,1
1,0.8015086967294965,1
0,0.3142064127709837,0
0,0.1146283640684494,0
0,0.02392959051653972,0
1,0.3701134782041375,0
0,0.28734478978354927,0
0,0.009404471942959488,0
0,0.06682137694679835,0
1,0.3945553208775895,0
0,0.3987840730501047,0
0,0.3532917548574745,0
1,0.5883958084248918,1
0,0.01459927074906008,0
0,0.10742941798152601,0
0,0.01938066517219038,0
1,0.3539321110665604,0
0,0.3828941101998274,0
1,0.30846116840168203,0
0,0.0006454745639774963,0
0,0.08719239440174067,0
0,0.030778529393913897,0
1,0.35564649246996427,0
1,0.7398734077058541,1
0,0.002245063283668638,0
1,0.3834105646198176,0
0,0.028336410279052187,0
1,0.39575282315741683,0
1,0.6567595624628094,1
1,0.6666586764360919,1
0,0.13778612330828013,0
0,0.0015606712167360631,0
0,0.16347289253105768,0
0,0.11480957633051228,0
1,0.7958714165275035,1
0,0.6728269127041887,1
0,0.023677245643139066,0
0,0.0009897312977206606,0
0,0.12425665268352892,0
0,0.48898080186052567,0
0,0.16352781095994307,0
1,0.755743946839116,1
0,0.011313504411832346,0
0,0.11675828214835204,0
0,0.3815046366100781,0
1,0.4357192913184015,0
0,0.07260337423932858,0
0,0.29739052151260104,0
1,0.062115286224625886,0
1,0.3765485881458791,0
0,0.006461390503562901,0
0,0.027333216669925064,0
0,0.20487737437623182,0
0,0.08182761925430684,0
1,0.7913476452088986,1
0,0.3467866701504058,0
1,0.49813146464567104,0
0,0.6451534119263636,1
0,0.019390619946968442,0
0,0.026002280173714653,0
1,0.3504109689367365,0
1,0.7529828467228764,1
0,0.015377124277225571,0
0,0.3286498270581993,0
0,0.004802099163977719,0
1,0.49483248797701507,0
0,0.07863018972342734,0
1,0.49281507740547525,0
0,0.36118973346214955,0
0,0.027757014506884357,0
1,0.41143861581729446,0
0,0.2249671983504484,0
1,0.57956305463152,1
1,0.801148931014814,1
0,0.17246907475484005,0
0,0.009073756790320993,0
0,0.181587470836296,0
1,0.711017427966999,1
0,0.020659340523388546,0
0,0.1173200560365975,0
1,0.6535784863151156,1
0,0.3498163371612316,0
0,0.027646510505834384,0
0,0.6256171217602641,1
1,0.4314010396507873,0
0,0.4792402382351957,0
0,0.07453609121831352,0
0,0.3250847168877413,0
0,0.4183568302153464,0
0,0.10377829747024364,0
0,0.021973302514221357,0
1,0.8779672112154906,1
0,0.7406440794432023,1
1,0.7712111167351838,1
0,0.019841881954487557,0
0,0.1526262626951892,0
0,0.5931434362894293,1
0,0.0772026609863205,0
0,0.4025704790187369,0
0,0.035645289304035634,0
0,0.08075412040042211,0
0,0.002845041273279601,0
1,0.7482893046733895,1
1,0.40985306786528514,0
0,0.006329636487762424,0
1,0.10130185883596374,0
0,0.0012694237552323931,0
0,0.34553787968822924,0
1,0.7886167527187551,1
0,0.5374310064942766,1
1,0.2243154006222424,0
0,0.0013697266401283882,0
0,0.03450027903697596,0
0,0.006419179701294222,0
0,0.19834992377102875,0
1,0.8474487827606303,1
0,0.0761063828873706,0
1,0.37440921111858877,0
0,0.08888905761584935,0
0,0.09072661348330835,0
0,0.013611740155331762,0
0,0.33378820839694934,0
0,0.6159633788645278,1
0,0.040903567729298,0
0,0.5010512097284451,1
1,0.2657848479246722,0
0,0.5332697920882525,1
1,0.3264653549685532,0
0,0.2916816238016787,0
1,0.859118809499628,1
0,0.015560745471172583,0
0,0.07517605541588289,0
0,0.0015113719763723882,0
0,0.0007217067825741311,0
0,0.12444310737985019,0
0,0.00349824170061165,0
0,0.01626450107673904,0
1,0.20587395311112236,0
0,0.001196290460633416,0
1,0.5035934056315954,1
0,0.001350192437473001,0
0,0.3155793181873872,0
0,0.4368589017744116,0
0,0.3456201504310741,0
0,0.24282834761864985,0
0,0.4509229913106912,0
0,0.05259697284397473,0
0,0.23656093493256164,0
0,0.013829434369268414,0
0,0.03574407128502712,0
0,0.04087546227697095,0
0,0.020395518852739505,0
0,0.7828962873774717,1
1,0.8113483539367584,1
0,0.026453998288838515,0
0,0.13646233477933895,0
0,0.024355633406554243,0
1,0.27379060908073866,0
0,0.3528808767870777,0
0,0.016686862246783722,0
0,0.032076870312723826,0
1,0.7320182405541622,1
0,0.04573726942328766,0
0,0.5037585258599955,1
0,0.017164153416459205,0
0,0.36802016377540975,0
1,0.7712969952991893,1
0,0.5773852344014637,1
0,0.1521781786143241,0
0,0.03336416594590003,0
0,0.03301001317524817,0
1,0.6953418541697539,1
0,0.006414041045425919,0
1,0.5486820273542736,1
0,0.0011262463015624985,0
0,0.3842866235608335,0
0,0.003765186501709773,0
0,0.00177024625991118,0
1,0.7567509717090605,1
0,0.007566379367505527,0
1,0.7575783266949719,1
0,0.0016879759619182328,0
1,0.5846949689521918,1
0,0.01034249520459676,0
0,0.009043916230013613,0
0,0.04180705503588476,0
0,0.0011256207816243548,0
0,0.013011362734908681,0
1,0.7090600588904249,1
0,0.07154687061676014,0
0,0.033502675406493085,0
0,0.09938758244522271,0
0,0.38236602015587723,0
0,0.002745471257255438,0
0,0.2739896035645677,0
1,0.010301666583626225,0
1,0.3623257372710001,0
0,0.001816617265191612,0
0,0.594116123997029,1
0,0.002563606112032406,0
0,0.04298979165504194,0
1,0.2095684773435649,0
0,0.17508395834503562,0
0,0.1212740778312592,0
1,0.43535933893659,0
0,0.05550397794911314,0
1,0.021844916503416526,0
0,0.014876764623641719,0
0,0.011502844043427211,0
0,0.25065087559217675,0
1,0.804015396412954,1
0,0.03953897998032083,0
0,0.1372048608503376,0
1,0.336052238153313,0
0,0.1767735749077517,0
0,0.0012743480057764512,0
1,0.4474185849131932,0
0,0.13794008820385115,0
0,0.24726048161395425,0
0,0.15994971716406686,0
1,0.4509754089740806,0
0,0.0013259848127900311,0
0,0.10320022739902422,0
1,0.6150738153420097,1
0,0.39831448137409503,0
0,0.005373767157441787,0
0,0.26389996440861746,0
0,0.10067188693437888,0
0,0.009241623533149565,0
0,0.0007963229091336644,0
1,0.5434356018489069,1
1,0.47114579561271464,0
0,0.29232878453020655,0
0,0.48497460718051166,0
0,0.0011102658961508534,0
1,0.4430043352874249,0
0,0.020874873241256968,0
0,0.004444069242988144,0
0,0.023197563241549583,0
0,0.423283244911042,0
0,0.429571094028705,0
0,0.0007088533121371131,0
1,0.6817560269506804,1
1,0.24146174333728762,0
0,0.05182954878091243,0
0,0.03674584511785921,0
0,0.09901384533132973,0
0,0.0029060394878124896,0
0,0.01736502331135934,0
0,0.02919350608574056,0
0,0.010472613071913873,0
0,0.07161738739405273,0
0,0.4807404238992487,0
0,0.04301874185974367,0
1,0.6593673492317983,1
1,0.2091190680130305,0
0,0.01883123842796681,0
0,0.18671655329482062,0
0,0.17938564293964515,0
0,0.21330406169623514,0
1,0.6839944641153913,1
1,0.21751059565424236,0
0,0.044970988155445424,0
0,0.21787359048090807,0
0,0.6959302147015609,1
1,0.6236931200588025,1
0,0.05344968874725589,0
0,0.005997293797527384,0
0,0.013829725487254654,0
0,0.03366861115052941,0
0,0.04047395751162706,0
0,0.21414566486045689,0
0,0.041939867330095845,0
0,0.06272564545296433,0
0,0.6753612704948982,1
0,0.03163845716644338,0
0,0.0006932882611972676,0
0,0.4322445569037381,0
0,0.3513635555365186,0
0,0.006183495053638788,0
0,0.002067545179234491,0
0,0.002228617791052049,0
0,0.0010817618490722297,0
0,0.509172250507519,1
0,0.5700280371326125,1
0,0.10160380696161314,0
0,0.06094719194696789,0
1,0.6832776277783248,1
0,0.00109077614100741,0
0,0.15542249965814692,0
0,0.37311055579739777,0
0,0.6966585363271648,1
0,0.15660795443743192,0
0,0.005354660219932122,0
0,0.2500637214192234,0
0,0.3301452447098371,0
0,0.39301354981891456,0
0,0.012978703569759045,0
0,0.6931672559811178,1
0,0.06469170318316272,0
1,0.7884690174704001,1
0,0.320975856726315,0
0,0.18757621395543167,0
0,0.010656022643383228,0
0,0.03305305542784822,0
1,0.7813288625125782,1
0,0.15132033991948557,0
0,0.07114007622156004,0
1,0.2515718316384676,0
1,0.46772928676587655,0
0,0.09992236302576225,0
0,0.34687753575499997,0
0,0.15394925516842192,0
0,0.0021395340451113875,0
0,0.04355544116465508,0
0,0.11203431135009795,0
0,0.22291002196251136,0
1,0.12365097417626325,0
0,0.00406020627682522,0
0,0.048972050624292225,0
0,0.10872865403295683,0
0,0.10350916638714995,0
0,0.07052531031195282,0
0,0.016237138280411064,0
0,0.20054505377145282,0
0,0.059241561364550194,0
0,0.0263712055332686,0
1,0.6652770617868504,1
0,0.04060967484722926,0
1,0.6455856679371828,1
0,0.7112117500339552,1
0,0.48511537956473433,0
0,0.03643702820991281,0
0,0.02146277200108915,0
0,0.004237175843613928,0
0,0.029746541674420965,0
0,0.196911813066113,0
0,0.003809083300327214,0
1,0.7888410716258967,1
0,0.651164434006231,1
0,0.17946905133127664,0
0,0.01411657355087703,0
0,0.08081968650855487,0
1,0.34938097863740625,0
0,0.14921770181085417,0
1,0.6423578014907346,1
0,0.4765936348575822,0
1,0.6759540535951636,1
0,0.008410306592823918,0
0,0.02166898054554898,0
1,0.2359108944121456,0
1,0.17167959407486802,0
1,0.37159424241370237,0
1,0.7957506435182062,1
0,0.017916079772489452,0
0,0.17862031909886,0
0,0.0008580068284884651,0
0,0.4435836248430442,0
1,0.3571056198013933,0
0,0.20359558878158845,0
0,0.061446832442047815,0
0,0.019423758495764398,0
0,0.037368589964571076,0
0,0.3713754310909892,0
1,0.6286772895658588,1
0,0.31666392604333327,0
0,0.002170675958765946,0
0,0.012180950422587234,0
0,0.21192262029859937,0
0,0.2755837826019552,0
0,0.0910394294558989,0
0,0.232869255770533,0
1,0.5326614382415414,1
0,0.03273363284859362,0
1,0.7872860722820819,1
1,0.7416973175872974,1
0,0.038903003737220276,0
0,0.021348047587238697,0
0,0.0021132404050708785,0
0,0.010145169506252123,0
1,0.30341338767939346,0
0,0.08332334473709972,0
0,0.218453391750344,0
0,0.0741279333670295,0
0,0.34716645510490307,0
0,0.253949370653269,0
0,0.00783555371312677,0
0,0.020816907756783676,0
0,0.15260720507206116,0
0,0.35229337820244516,0
0,0.014609770168879363,0
1,0.7627494872249404,1
0,0.01646290397430008,0
1,0.5387718306120132,1
0,0.3776722773023414,0
0,0.19951802311839806,0
0,0.2956032058611358,0
0,0.003034752752232861,0
0,0.3305889018679604,0
0,0.1653489990515872,0
0,0.3306957893334463,0
0,0.0037647293811026794,0
1,0.42665317285919513,0
0,0.030012632596255452,0
0,0.29305725962440454,0
0,0.5154538746527187,1
1,0.40945149675853776,0
1,0.48666631191506105,0
1,0.6274395376583839,1
0,0.21140371632639543,0
0,0.02253451818149023,0
0,0.06224426935093044,0
0,0.489056431683712,0
0,0.02410193517598664,0
0,0.05238074016675655,0
1,0.12190180269476539,0
0,0.0037472782594069735,0
0,0.11152571581759123,0
1,0.42061346725503695,0
0,0.021983562528992764,0
0,0.3869431280835527,0
0,0.05303866320313996,0
0,0.014266222251732104,0
0,0.22583681786086807,0
0,0.4147464478188639,0
0,0.0668438413516314,0
0,0.47377386271938504,0
1,0.7564122945724142,1
1,0.7458194396232015,1
0,0.2102952969668456,0
0,0.21812229196911667,0
0,0.013714436661602172,0
0,0.2971129161850649,0
1,0.24661124262294085,0
0,0.5127545515573527,1
0,0.017756902535160067,0
0,0.4689746175297899,0
0,0.31191114051281155,0
0,0.1606567603432972,0
0,0.007322228022318682,0
1,0.3371922503422104,0
0,0.0026345282777575857,0
0,0.24318894997018345,0
0,0.012109946571009283,0
0,0.18684904255532703,0
0,0.007443569696201388,0
1,0.6794911248153821,1
0,0.005796539408379862,0
1,0.6829018115256915,1
0,0.3313074453365444,0
0,0.014206053728127895,0
0,0.11841785465565717,0
1,0.5866480619377215,1
0,0.29343696539597447,0
0,0.16458772545572173,0
0,0.24438946320088464,0
0,0.08510596891768317,0
0,0.4524220282664136,0
0,0.6255577521861366,1
0,0.0024416314855152184,0
0,0.001915785500738966,0
0,0.009031921097168273,0
1,0.7231148012622799,1
0,0.3908191845339581,0
0,0.07066942856867478,0
0,0.01900116802382058,0
0,0.06456869921679145,0
1,0.3654560923835363,0
0,0.3154925306370432,0
1,0.6926226645439287,1
1,0.8358443242172297,1
1,0.7453844942045299,1
0,0.009674397126499736,0
0,0.029624654530000943,0
1,0.8472006123360392,1
0,0.010913353986445527,0
0,0.49315029819884093,0
0,0.04167890501860153,0
0,0.20744003867281427,0
1,0.4551658573116912,0
1,0.452300330666105,0
1,0.2778878977468339,0
0,0.06692367830110384,0
0,0.21192563561630298,0
1,0.3336365188680183,0
0,0.19284833264349274,0
1,0.7904087256338856,1
0,0.4734844542811538,0
1,0.11606381262181092,0
1,0.428444620690222,0
0,0.2836632022858415,0
0,0.07156708332045122,0
0,0.024807914918600137,0
1,0.7230007711039866,1
1,0.49524935187077646,0
1,0.6435991643482651,1
0,0.021786659574227304,0
1,0.8940980159669937,1
1,0.36405717494899953,0
0,0.001686829224357082,0
0,0.08774650071446383,0
0,0.7217342110635427,1
0,0.01572511379805736,0
0,0.0018822313795124864,0
0,0.412118928748562,0
0,0.3076815849242711,0
0,0.02753661273015248,0
0,0.03735410837085652,0
1,0.8815213416503568,1
1,0.09259244003627516,0
0,0.0008532545412809757,0
0,0.0418308499369581,0
1,0.7492694581832766,1
0,0.5463252192595074,1
0,0.03565166386914437,0
1,0.7912112988910148,1
0,0.042020852186938934,0
0,0.574323149874131,1
0,0.0019254898256206398,0
0,0.5453475796357252,1
0,0.008405220413408469,0
0,0.03565069831392686,0
0,0.11686724767166934,0
1,0.6213095741933422,1
0,0.3619813520700121,0
0,0.005423166857078715,0
0,0.09226942565279023,0
0,0.003920555475855345,0
1,0.6429235338976578,1
0,0.07813321322549678,0
0,0.367841225014751,0
0,0.007038444927618131,0
0,0.010312949595944705,0
0,0.35686259186077396,0
0,0.009620885420621112,0
0,0.07738338064418651,0
0,0.012775927334478843,0
0,0.0645633632655452,0
0,0.3026936489704355,0
0,0.01761625774376212,0
1,0.7247682016925442,1
0,0.36998752364050136,0
1,0.43045288396962644,0
0,0.009428104819216531,0
1,0.4721078703866935,0
0,0.0015313448823479,0
0,0.04612619467546471,0
1,0.7803228440086488,1
0,0.3904260843819566,0
1,0.09204754917765828,0
0,0.01261961473213563,0
1,0.7276384888796511,1
0,0.17796262403359,0
0,0.08124332832811015,0
0,0.001763835609311732,0
0,0.0036563689096299947,0
0,0.4279208308262936,0
0,0.7030517638762578,1
0,0.1320787414038693,0
0,0.1725884358766874,0
0,0.022770181586723143,0
0,0.04379340775865969,0
0,0.18020099782449928,0
0,0.04048800087901903,0
0,0.018474577970710296,0
1,0.5041776400438706,1
0,0.012868496280893928,0
0,0.0013626709176729507,0
1,0.3531432899294492,0
1,0.7014448704428111,1
0,0.0010376159499090201,0
0,0.274222296540499,0
1,0.629178367568211,1
1,0.7183470170040045,1
0,0.3658230848346928,0
0,0.37636148236897704,0
0,0.24499378497093224,0
1,0.6109395645193196,1
1,0.7535482350620855,1
0,0.28863568294143005,0
0,0.02256890786357318,0
0,0.007514708038820862,0
0,0.028282580418312407,0
0,0.09163772513403512,0
0,0.2912793176970714,0
0,0.13996940370383035,0
0,0.09269697783165624,0
1,0.40550045419568265,0
0,0.34348197684004605,0
1,0.7928745641165266,1
0,0.0402395355537721,0
0,0.808415337227186,1
0,0.038038333162555345,0
0,0.22807428383696637,0
0,0.01301719452752454,0
0,0.7568958932248678,1
0,0.32756839047010766,0
0,0.23344649659710495,0
0,0.002971610930585725,0
0,0.09959856133002028,0
0,0.22522044475913597,0
0,0.020088817346681127,0
0,0.5996707103199724,1
1,0.34800957530881754,0
0,0.46517753593631106,0
0,0.01746224354874771,0
0,0.03559102622930725,0
0,0.0028469125635810365,0
1,0.8189029224319475,1
0,0.024968749163240083,0
0,0.01959228431889928,0
0,0.28475428121998553,0
0,0.029117022115026002,0
1,0.6590790727020095,1
0,0.002312258158276295,0
0,0.3327966412455631,0
0,0.031310178986665084,0
0,0.0008799207104210859,0
1,0.3082446112592587,0
0,0.03595952038629353,0
0,0.5072475245076408,1
0,0.0014692985334871398,0
1,0.40705937959801214,0
0,0.007638957554088593,0
0,0.040118612890804685,0
0,0.023210102276705148,0
0,0.41476493144825577,0
1,0.7256921846182429,1
0,0.22528708903766265,0
0,0.02192177326042501,0
0,0.03454523062900567,0
0,0.049927280991874046,0
1,0.7885705879569943,1
0,0.06744557693118457,0
0,0.3461221970411566,0
0,0.2755212070763504,0
0,0.26758061769629343,0
1,0.5127843873602068,1
0,0.02148251302113318,0
0,0.5073414728643484,1
0,0.38391155666617377,0
1,0.7643076725430694,1
1,0.04548902296673221,0
1,0.08473185183582771,0
0,0.05323378011478104,0
0,0.011294081069071402,0
0,0.0034814037171519985,0
0,0.010285441818146059,0
0,0.02177099818146818,0
0,0.0009231384318852436,0
0,0.04823833204449686,0
0,0.08679013579336228,0
1,0.538873198749156,1
0,0.02781079165871289,0
0,0.5712003777506764,1
0,0.01563170847463141,0
0,0.00572709283698492,0
1,0.09522268882790076,0
0,0.06618889941808126,0
0,0.044825908496516575,0
0,0.503735893257681,1
1,0.8261635401532424,1
0,0.007978448322450012,0
1,0.35749943558941494,0
0,0.007926910220361273,0
1,0.4736751293994107,0
0,0.17079012290618395,0
1,0.11142215474165379,0
0,0.5007690457249897,1
0,0.03881943207515874,0
0,0.07134424674351618,0
1,0.5179131907340588,1
0,0.2791522291827231,0
1,0.3067984772831842,0
0,0.026096500706087707,0
0,0.003952377241302039,0
0,0.03894733383613089,0
1,0.3939883049709783,0
1,0.05642175136957795,0
0,0.0021783836737076056,0
0,0.008524749913047486,0
0,0.0019333333966402005,0
0,0.02316748544636373,0
0,0.35027181953539094,0
0,0.15533282129693668,0
0,0.02097595832663902,0
0,0.01111236983952757,0
0,0.0035904918962577055,0
1,0.4975491324606775,0
0,0.019671847980045936,0
0,0.17040614504863105,0
0,0.02463469188890173,0
0,0.019625316304437212,0
0,0.001670123492401472,0
0,0.7943181829781882,1
0,0.02755336173767596,0
0,0.23575710715643777,0
0,0.04149716079992563,0
0,0.027509659228429014,0
0,0.3864786109128883,0
0,0.02439260770691125,0
1,0.405426635794873,0
0,0.27147921984330325,0
1,0.677525179466453,1
0,0.4208126662616715,0
0,0.2121254608918463,0
1,0.2569786817034599,0
0,0.41930602140902445,0
0,0.15232742855022835,0
0,0.02392956467970155,0
1,0.4104516995035332,0
0,0.0013682406364331587,0
0,0.043004538035868185,0
0,0.2165424891651992,0
1,0.7784979314771592,1
1,0.6294491773196754,1
0,0.018779874039174818,0
1,0.6208483064440214,1
1,0.45625573890468224,0
0,0.3519500670340811,0
0,0.45176124477533075,0
0,0.0016251390084456167,0
0,0.1959029099273063,0
1,0.4869805054594428,0
0,0.009299282483643503,0
0,0.025741018900031457,0
0,0.006735407414942797,0
0,0.3932781543575152,0
1,0.2147114191351175,0
0,0.0028149320057836314,0
0,0.0014942055392337674,0
1,0.3722856815208194,0
0,0.00112630782134202,0
0,0.023994646544653997,0
0,0.2750046744238952,0
0,0.005697400908457863,0
0,0.011743090410754919,0
0,0.0496402267414993,0
0,0.32288097875771454,0
0,0.09786672605774209,0
0,0.0026249118458255205,0
0,0.0272033027716608,0
0,0.023178296550702904,0
1,0.4358249679697247,0
0,0.17121488590778913,0
0,0.7456934304364278,1
0,0.8775483877686574,1
0,0.4308217725807003,0
1,0.44812855468618373,0
0,0.13766666750267081,0
0,0.4055568220581084,0
0,0.03883998770037442,0
0,0.10686741035750609,0
0,0.01875928881016131,0
0,0.4003082799791589,0
1,0.5741995708788772,1
1,0.883398459168259,1
0,0.011626232054430656,0
0,0.0010252034957390248,0
0,0.3979550720363471,0
0,0.008004924988799284,0
1,0.4524999493098434,0
0,0.5037587330030635,1
1,0.8008536567834877,1
1,0.2389339251450671,0
0,0.03585906699022751,0
0,0.433434429755928,0
0,0.1187700118926146,0
0,0.10610326851185842,0
0,0.01121960234542642,0
1,0.6651166614985407,1
1,0.7727464731607604,1
0,0.04800415042968972,0
1,0.597607176707918,1
0,0.0018811049022719728,0
0,0.023739559431944657,0
0,0.030153330209883714,0
0,0.23244256865852977,0
0,0.27081958628069375,0
0,0.001079140909873265,0
0,0.07643501192836723,0
0,0.02666885933150265,0
0,0.2192764541305415,0
0,0.002903955757795378,0
0,0.4750114452134097,0
0,0.04497763363647289,0
0,0.018305069021692308,0
0,0.019629666739769513,0
0,0.3890317436112681,0
0,0.520900216558756,1
0,0.00281678092759726,0
0,0.0022039942952056728,0
0,0.031002073607365416,0
0,0.6022972256701735,1
1,0.7128163214461591,1
1,0.47364937130412643,0
1,0.31435127094264587,0
0,0.7741093714498011,1
0,0.037910117555579936,0
1,0.30691143465226134,0
0,0.13070378516780057,0
0,0.19095963332113908,0
1,0.8839870666092123,1
0,0.33700091997167114,0
0,0.0013600274159479052,0
0,0.012322943194619462,0
1,0.5961527834626253,1
0,0.012456036188418267,0
0,0.6594318246579077,1
0,0.0971868891409598,0
0,0.13681201535594528,0
0,0.10488797544482513,0
0,0.2042171306716845,0
0,0.08239649417827995,0
0,0.0014501488359058422,0
0,0.02513624791555873,0
0,0.09339501104155777,0
1,0.5278189537045087,1
1,0.503108853150509,1
1,0.4944999644734289,0
1,0.4035131289903815,0
0,0.6974192059186938,1
0,0.035794565675982264,0
0,0.08450707749901179,0
0,0.08656782746937575,0
0,0.044444148193907525,0
0,0.0027496663902756824,0
0,0.0035210540448120326,0
0,0.013142755751561774,0
0,0.0032792852742434776,0
0,0.13454960459648857,0
0,0.4661980519106882,0
0,0.0034487323305577157,0
1,0.8193358369867545,1
0,0.30688475785012553,0
0,0.015615701745610054,0
0,0.22930406290658997,0
1,0.42720923971637875,0
0,0.051000005736267166,0
0,0.047549632405481185,0
0,0.07988245384931289,0
1,0.21575444861656679,0
0,0.0829321296542536,0
0,0.5968501029637272,1
0,0.021459466402108093,0
0,0.08604649378289476,0
0,0.0684071387731108,0
0,0.5512539054627966,1
0,0.43548245490523696,0
0,0.019688948905879747,0
0,0.05332755187300842,0
1,0.805255147840779,1
0,0.4949811212018376,0
0,0.29967240729338424,0
0,0.05067290487397836,0
0,0.010229424418970718,0
0,0.021891375440639804,0
1,0.37068739294651154,0
0,0.07211177375165233,0
0,0.6733592254891828,1
0,0.052858206957068055,0
0,0.22688456040027621,0
1,0.27338207582191115,0
0,0.00610384472652303,0
0,0.014611686312850479,0
0,0.009839283844416015,0
0,0.041257393668134704,0
0,0.4169207840965213,0
1,0.056399536830506254,0
1,0.5433453701631185,1
0,0.01263279602266092,0
0,0.18882494060703306,0
0,0.03926722234977399,0
0,0.14353904027908163,0
0,0.04513756883002227,0
0,0.1412132082818297,0
0,0.21358031523748178,0
0,0.02885194392503744,0
1,0.700983494745477,1
0,0.012736924127492057,0
1,0.6121233950699447,1
1,0.7601546447575781,1
0,0.032362273500324494,0
0,0.012665721920472318,0
1,0.5400524117697806,1
0,0.7389708930931417,1
0,0.0015494776782513644,0
0,0.0024062701926585387,0
0,0.1638546306946599,0
0,0.40394044573860827,0
0,0.008165674070026082,0
0,0.020313344616452022,0
0,0.3301551919030475,0
0,0.166711059715551,0
0,0.0015705316553964476,0
1,0.4947033832542902,0
0,0.05535575746271915,0
0,0.23067026364802234,0
0,0.004784789453122865,0
0,0.22036466419013054,0
0,0.10627825065065523,0
0,0.1086505047307432,0
0,0.0008963021621750465,0
0,0.4338587078509115,0
0,0.040942286086997515,0
0,0.019252789007682097,0
0,0.018088160855206203,0
0,0.0037855108978786765,0
1,0.36639731856683966,0
1,0.7587042834185875,1
0,0.005923351669570316,0
0,0.49503753672184314,0
0,0.02621332492566169,0
0,0.15921785056399654,0
1,0.43532297789619995,0
0,0.026773795940004428,0
1,0.8802373170984953,1
0,0.012816179249705158,0
0,0.23751193198435844,0
1,0.07612185717355319,0
1,0.7151902044720075,1
0,0.006040995455808697,0
0,0.09630367103526025,0
0,0.23252958526710985,0
0,0.01017860816045037,0
0,0.3689015575139061,0
0,0.02687278514535331,0
0,0.02082432067614874,0
0,0.013770642119709417,0
0,0.14669919793931213,0
0,0.026877939050446838,0
0,0.35448034344555807,0
0,0.601554457479598,1
0,0.0010806060860218518,0
0,0.6029623412844294,1
0,0.5452956980594259,1
0,0.027323988040625594,0
0,0.1736205962867275,0
0,0.03231778926856335,0
1,0.37845221601995066,0
0,0.02870162990084581,0
0,0.029076840942796535,0
0,0.0014222855534499984,0
1,0.5252399285598891,1
1,0.41911973814989223,0
0,0.3476200838540198,0
1,0.799260024432675,1
0,0.25817175754159344,0
0,0.2860882195134564,0
0,0.0013569210471667218,0
0,0.048601527273619126,0
1,0.4927338676768665,0
1,0.3489198905485893,0
1,0.71371560806631,1
1,0.6605440898697023,1
0,0.4045674669337122,0
0,0.051217820916139384,0
0,0.22318234739079534,0
0,0.6757170320509889,1
1,0.2802475118137488,0
0,0.7469088115112585,1
1,0.1253200254236647,0
0,0.18326562555857717,0
0,0.0019151263596487742,0
0,0.11455916352549302,0
0,0.29057704362015857,0
0,0.31657054139270874,0
1,0.5037329167107546,1
0,0.007474646854577847,0
1,0.6438492312694101,1
0,0.005500483687273844,0
0,0.3871506608875181,0
1,0.8807931223839991,1
0,0.015040014621721902,0
0,0.12289017931227597,0
0,0.06671509117740192,0
0,0.016972795992710007,0
0,0.003612952083388628,0
0,0.006932506051246252,0
1,0.44263612687488957,0
1,0.5420893348138788,1
0,0.05832617085950727,0
0,0.010797547544908415,0
0,0.008113343056218697,0
0,0.23996044526787977,0
0,0.024870816679269592,0
1,0.8058364258061677,1
0,0.13813839668089276,0
1,0.19318700164668454,0
0,0.00180600220843808,0
0,0.0471239301917587,0
0,0.15591225386899216,0
1,0.3901061931017475,0
0,0.05693089467303621,0
0,0.16278357863002238,0
0,0.383428365232856,0
1,0.2649599085237362,0
1,0.3218169555046606,0
0,0.41993091018447976,0
0,0.05354624416084541,0
0,0.2687630375074057,0
0,0.4654295655462737,0
0,0.030840248557485808,0
1,0.07866252998482766,0
0,0.04470591575221957,0
0,0.17076887559095977,0
1,0.6644862738316125,1
0,0.05673541411244074,0
0,0.004236924095006807,0
1,0.8460872671427512,1
0,0.0022594058346598997,0
0,0.0029613343648936695,0
1,0.8258612478983118,1
1,0.5934467445855854,1
0,0.06615785123323738,0
1,0.2866154699236111,0
0,0.008516863744580681,0
0,0.08336098428475557,0
0,0.18695111694070307,0
0,0.06382560578897517,0
1,0.41542931795079213,0
0,0.09317656422281036,0
0,0.0241077263807343,0
1,0.781617204060244,1
0,0.01317925700705746,0
1,0.29274807163414307,0
0,0.03164730289918892,0
0,0.03598833869803959,0
0,0.10669641370197935,0
0,0.21218176191768026,0
0,0.03962993651122018,0
1,0.6377034759414846,1
0,0.43681891027046427,0
0,0.013296214117773623,0
0,0.2729241777641606,0
0,0.008979629321663766,0
0,0.4697659263339301,0
0,0.0020874574973695653,0
0,0.05723747258028289,0
1,0.4792872846864799,0
0,0.3659533969722611,0
0,0.21956165724983692,0
0,0.218858876197653,0
0,0.24027321866482548,0
0,0.40903795912011603,0
1,0.6876964049778725,1
0,0.2392402817717497,0
0,0.015338338052808542,0
0,0.4236963761842771,0
0,0.26639854496567805,0
0,0.5209968748454724,1
0,0.02416068543627208,0
1,0.5901515100492218,1
0,0.021342430947943202,0
0,0.6720333546126305,1
1,0.6601362171683904,1
0,0.38635951758438625,0
0,0.02132814061383684,0
0,0.09686517016713646,0
1,0.9070009489910159,1
0,0.003831891296094082,0
1,0.8109868138685304,1
1,0.4336827139797895,0
0,0.06610494556788747,0
0,0.5988348721524753,1
1,0.5352662775021989,1
0,0.09701661204401038,0
1,0.7221083076981922,1
0,0.5473234837064309,1
0,0.003002596851737681,0
0,0.04445138472178436,0
0,0.17831768078613966,0
0,0.008089725552547273,0
1,0.17625500275019956,0
0,0.15104859964969256,0
0,0.047302733117334454,0
1,0.2520212599372392,0
0,0.026139740710075025,0
0,0.07022226085823674,0
0,0.04386751217389862,0
0,0.0010396258846255967,0
0,0.4568475861897278,0
0,0.03871642744266976,0
1,0.6189534693044082,1
0,0.3458789271493852,0
0,0.4535474705010799,0
0,0.606308552132104,1
1,0.2054351507567084,0
0,0.19763926576808363,0
0,0.16133502508010314,0
0,0.029592795132190847,0
0,0.21420459590032886,0
0,0.028786279967958624,0
0,0.027607807313621543,0
0,0.33563423700476497,0
0,0.003607404850299775,0
0,0.2726072353599909,0
1,0.17639928387226284,0
0,0.36065704485420097,0
1,0.30561896239119596,0
0,0.005173690998013994,0
0,0.06477165281356374,0
0,0.3933903804729087,0
0,0.009777674513029848,0
0,0.03481957567329543,0
1,0.6442528702982436,1
0,0.0718897584257227,0
0,0.005023778295392047,0
1,0.36972102791064576,0
0,0.009340896176054443,0
1,0.7753593845225187,1
0,0.025498273505059506,0
0,0.38380072564710077,0
0,0.026529395769927158,0
0,0.0008757058792279278,0
0,0.0027915674404653825,0
0,0.7714302097637813,1
0,0.010154950751199772,0
0,0.02625583637922861,0
0,0.44114110641930365,0
1,0.530568722082267,1
0,0.15809621085616624,0
1,0.7158997572393271,1
1,0.8420774645851737,1
0,0.01939155621326356,0
0,0.06759881912766283,0
0,0.14872349473549573,0
0,0.38820579236324265,0
0,0.03517807622482725,0
0,0.06147878142810278,0
0,0.022578967323064893,0
0,0.08851524837361265,0
0,0.06430904862805084,0
1,0.7415817189180787,1
0,0.0017720232478064795,0
1,0.11120018495824588,0
0,0.24290665028942693,0
0,0.09944034017290691,0
0,0.10728812337784056,0
0,0.002605737663210602,0
0,0.0009949629277841397,0
0,0.23399544053964988,0
0,0.2701025538778313,0
0,0.04324330530002906,0
0,0.26719617168031085,0
0,0.015582612840235464,0
0,0.29482618970643987,0
0,0.37616252566974073,0
0,0.16765160408479865,0
0,0.42698324184678915,0
0,0.06749033321303063,0
0,0.06226258062121005,0
0,0.20873571505281888,0
0,0.014783155416023036,0
1,0.3131963071113951,0
1,0.529457649107968,1
0,0.23695797745514238,0
1,0.6037543601567311,1
0,0.14831979616857985,0
0,0.4322577432249407,0
1,0.7640370715189927,1
1,0.45866098723557963,0
0,0.0016120450070182181,0
1,0.5580079034862149,1
0,0.04886831931943433,0
0,0.10495538731466038,0
0,0.22337787614758184,0
0,0.0015721855117302994,0
0,0.24721780586857578,0
0,0.001576689922884491,0
0,0.2652416594915052,0
1,0.3776039068962782,0
0,0.030991736326514707,0
0,0.03556467432065833,0
0,0.3417286336925372,0
0,0.1019165387390981,0
0,0.027126249142091483,0
1,0.24579191743523882,0
1,0.5322272470845227,1
0,0.05543640285449152,0
0,0.6652547084481317,1
1,0.2473723325556726,0
0,0.004509292384136307,0
0,0.2491934213262422,0
0,0.269955721995092,0
0,0.11208845718479292,0
1,0.6191916983592397,1
1,0.40838985201301026,0
0,0.27088590600228646,0
0,0.6292886808393793,1
0,0.0058127515881128845,0
1,0.7784806280350454,1
0,0.0020391582667126907,0
0,0.5097233155820478,1
0,0.004297229270741599,0
0,0.09847010412213693,0
0,0.30786270254811116,0
0,0.3351848150079648,0
1,0.46493271409346276,0
0,0.04806202013806681,0
1,0.7072863045461086,1
0,0.03914122341693978,0
1,0.027470758681096216,0
0,0.0830149538261861,0
0,0.06086404570678912,0
0,0.5309677211247044,1
0,0.11534137366725578,0
0,0.004271376372625963,0
1,0.14529017537216227,0
0,0.09718201301400776,0
1,0.4051442070087863,0
0,0.0021995819778610347,0
1,0.7129648675040321,1
0,0.00519611896648885,0
0,0.23088246456592976,0
0,0.010763924729532899,0
0,0.1343453587934162,0
0,0.07932316873597561,0
1,0.10377248700446082,0
1,0.718362644518163,1
1,0.3058603277418892,0
0,0.17116709355929788,0
0,0.10236512819025796,0
0,0.017453885912036175,0
0,0.35391313651008965,0
0,0.5026721425893063,1
1,0.21707986669916216,0
1,0.7384295886527432,1
0,0.33805662947856574,0
0,0.027131922172958508,0
0,0.0023085799991443986,0
1,0.5506890345425847,1
0,0.0011232454863247122,0
0,0.11182277478042035,0
0,0.35148097983994037,0
0,0.06073569961931136,0
1,0.3125316218095308,0
1,0.3992102216862441,0
1,0.7675034619106395,1
1,0.2521177126896268,0
0,0.004227597304627023,0
0,0.0032859444955773715,0
0,0.017760114717094506,0
0,0.0015053708365297006,0
0,0.6807964565159871,1
0,0.019262118035963532,0
0,0.3989887619881847,0
0,0.1862589673446183,0
0,0.0017736255013835638,0
0,0.39651040838870244,0
1,0.35926737093611827,0
0,0.40795550482081355,0
0,0.10691970953889901,0
0,0.014469029914484921,0
0,0.03905896505336335,0
0,0.08611174363884987,0
0,0.15366333353685538,0
0,0.0023088290943455905,0
0,0.18513945043951868,0
0,0.15812296021542419,0
0,0.09014133759898116,0
1,0.2316658087865015,0
0,0.00793383131505346,0
0,0.011209693323801844,0
0,0.10228359553441414,0
0,0.0639369041690216,0
0,0.2096194602072816,0
0,0.05436323658294781,0
1,0.24842465598137772,0
1,0.2866845728007409,0
0,0.07831933753880545,0
1,0.7226384635362635,1
0,0.23547841468596356,0
0,0.7048911080980451,1
0,0.5059402036768393,1
0,0.0009009284218759703,0
0,0.040467618352882234,0
1,0.45017696168191373,0
0,0.034872548739049464,0
1,0.06549777596157821,0
0,0.16443899625004765,0
0,0.47586929954965984,0
0,0.4299347957538038,0
0,0.38786002969161293,0
0,0.0028559215941863503,0
0,0.47653391533456463,0
1,0.3929834784384347,0
0,0.40896281205254637,0
0,0.00525282807277211,0
1,0.4580556621754944,0
0,0.009809739365983613,0
0,0.1127836990364688,0
0,0.005326840652440751,0
1,0.37627021613795136,0
1,0.17264570054826095,0
0,0.049542046015308074,0
0,0.3693087974485485,0
0,0.004589531495941154,0
0,0.2710077037700036,0
0,0.002619018141091245,0
1,0.7091632014095154,1
0,0.051178944086920516,0
0,0.001441218502828994,0
0,0.3687955552150838,0
0,0.10180865383424165,0
0,0.01629129374674118,0
1,0.4043239194896024,0
1,0.5058181691193441,1
0,0.009742217620201329,0
1,0.7652585173226697,1
1,0.8373926071150438,1
1,0.8266740803672148,1
0,0.1795581721825554,0
0,0.01879245340069455,0
0,0.004503765659116309,0
1,0.33998634326080857,0
0,0.001402329620708428,0
1,0.3942694053843382,0
1,0.5596321321723723,1
0,0.0010895395693424949,0
0,0.22505379002957887,0
0,0.3029650928336284,0
0,0.024171336575256594,0
0,0.015903119833036307,0
0,0.5003390334422422,1
0,0.008666310980149217,0
0,0.4026528334296225,0
0,0.20086839627042477,0
1,0.7820484809023273,1
0,0.0089924413933593,0
1,0.6633202206389021,1
0,0.03902789738049405,0
0,0.0019418518645412028,0
1,0.4472759999047771,0
1,0.5379683742125624,1
0,0.0041664497982678746,0
1,0.29947423381476823,0
0,0.035364857907252384,0
0,0.07876637907257061,0
0,0.001309474486580014,0
0,0.045359954453201075,0
0,0.04438420157305771,0
0,0.20209672194974623,0
0,0.29998650452136116,0
0,0.34816722558843893,0
0,0.3804547120044311,0
0,0.4104665248978644,0
0,0.659087300134767,1
0,0.018174152435520802,0
1,0.15898841731142357,0
0,0.06369025193276198,0
0,0.43161985058893815,0
0,0.01730344819823764,0
0,0.014021609609972343,0
1,0.552010976768884,1
0,0.24872599260413394,0
0,0.05304575499035672,0
1,0.14490941446908917,0
0,0.31367865156602415,0
1,0.8251396870925874,1
1,0.2152328164756507,0
0,0.29558288408564837,0
0,0.10970112160966583,0
1,0.7376907774268753,1
0,0.039376788205996646,0
1,0.3041072168126197,0
0,0.34029893425448626,0
1,0.3561996627579067,0
1,0.44779570760181486,0
0,0.6187185737746199,1
0,0.5006932604123424,1
0,0.026504686112942273,0
1,0.11761331067779317,0
0,0.361851801193798,0
1,0.483694464936609,0
0,0.04787299273592233,0
1,0.4647242429041916,0
1,0.7321865629027033,1
1,0.7214743401650898,1
0,0.004946467981911067,0
0,0.03923149943732771,0
1,0.5246394895170707,1
0,0.011831483817437028,0
0,0.02843990027382661,0
0,0.002908498206425414,0
0,0.008692991647053817,0
0,0.10071119709930729,0
1,0.5851381411687637,1
0,0.002018531437634801,0
0,0.581938422928259,1
0,0.0017701188197543425,0
0,0.033814634345816066,0
1,0.4519915047429304,0
1,0.3615903881281193,0
0,0.03427455108558344,0
0,0.017910317184402315,0
0,0.017552103227734893,0
0,0.22104985362993215,0
0,0.011911714781037402,0
0,0.20061565539302378,0
1,0.31885235305022197,0
0,0.25384144408591164,0
1,0.5003817034629648,1
0,0.039743541272810684,0
1,0.5078627856899938,1
0,0.027930329623816433,0
0,0.13507075692324363,0
0,0.7414343493515393,1
0,0.22327590954902793,0
0,0.1989920608140262,0
0,0.12157557517076667,0
0,0.13799760689654403,0
0,0.09383563586005471,0
0,0.004288019223532289,0
0,0.021482519390788535,0
0,0.028757966694624302,0
0,0.0024104386492891277,0
0,0.03231570142684656,0
0,0.18381606573525114,0
1,0.06298932207614535,0
0,0.0013036680905089894,0
0,0.16020275229204892,0
0,0.003784317319808806,0
0,0.3084113698705649,0
0,0.037216833152605905,0
0,0.43884029055881724,0
0,0.16335437019566423,0
0,0.25900843022393955,0
0,0.26782123901648214,0
0,0.46872968266340176,0
0,0.04147908884740047,0
0,0.010812203222337917,0
0,0.1594254383202224,0
0,0.14748615898565812,0
1,0.8774221542185019,1
0,0.4720238856317344,0
1,0.42208338872403495,0
0,0.005451559599398927,0
0,0.08596304617406013,0
0,0.10866587742192443,0
1,0.8039399629769065,1
0,0.1780326389030622,0
0,0.06027179682469823,0
0,0.02391409245722775,0
0,0.5433549213372625,1
0,0.07655777182578503,0
1,0.39553852469419043,0
0,0.00847140856863577,0
0,0.23136495359209316,0
0,0.04720758995047606,0
0,0.13785376795888837,0
0,0.002856187004082949,0
0,0.04485653018725072,0
0,0.027128140817231555,0
1,0.4295609136816101,0
0,0.2022677963499136,0
0,0.00451018826827145,0
0,0.05083377330326203,0
0,0.07077185475904772,0
1,0.26667772782727733,0
0,0.2634423272484467,0
0,0.05999890524566607,0
0,0.31658373332387135,0
0,0.1587821049298682,0
1,0.47623212739851395,0
1,0.6344380694467593,1
0,0.03907519690270978,0
0,0.2219934128633784,0
0,0.03033260576138245,0
0,0.4304864085168901,0
0,0.04806384885538154,0
1,0.897447173461086,1
0,0.623617821513677,1
1,0.25988604469301746,0
0,0.012278144284581783,0
0,0.6837755022900426,1
1,0.10969643685073571,0
0,0.47092080927202623,0
0,0.006176593348952047,0
0,0.0037616930622080672,0
0,0.012664124755660875,0
1,0.08052348754824626,0
0,0.011992079190986007,0
0,0.04413122314401908,0
1,0.7155378449513121,1
0,0.5471561638587671,1
1,0.6939692887607307,1
0,0.06141232473978966,0
1,0.48225877150940605,0
0,0.6912554420958533,1
0,0.20011375447867544,0
0,0.12354212922315949,0
1,0.5524345489878474,1
0,0.008202600916563422,0
0,0.03789393375615276,0
0,0.013222464632554127,0
1,0.7887451302542301,1
0,0.07832164072873443,0
0,0.10939143510988215,0
1,0.5931340669374596,1
0,0.39061934134766924,0
0,0.08703643849672252,0
0,0.12741088454811167,0
0,0.006878378866352981,0
0,0.4737882095311102,0
0,0.037665981730860054,0
1,0.3631757200320974,0
1,0.7561726060843079,1
1,0.569797628210868,1
0,0.06573173536921334,0
0,0.07227226812362918,0
1,0.335384354327191,0
0,0.6143167902774791,1
0,0.0017991819984928882,0
0,0.06994913008105269,0
0,0.45279599226771083,0
0,0.06133117147344125,0
1,0.5045310642012774,1
0,0.15990900887724377,0
0,0.000551352280601643,0
0,0.06689468037322982,0
0,0.04989020642941797,0
0,0.1692135871034665,0
0,0.06754974244977427,0
0,0.0034342303900667063,0
0,0.10168670038918037,0
0,0.000784324652382073,0
0,0.03477930650239602,0
0,0.1312029500507257,0
0,0.008960573298808762,0
1,0.8371933229903726,1
0,0.053234119844745756,0
0,0.5260773797091356,1
0,0.3344320410254191,0
0,0.046416953477733384,0
0,0.4236266916948386,0
1,0.7701983411162125,1
0,0.012720470906254253,0
0,0.1269101679238066,0
1,0.4764311573652417,0
0,0.3728543709521947,0
1,0.660951797447,1
0,0.0014458727555841694,0
1,0.24872295761751662,0
1,0.8709976465968349,1
0,0.015864458706732348,0
0,0.010917098287116268,0
0,0.5141967919616819,1
0,0.24090977142004127,0
1,0.7835440398669614,1
1,0.4341724750076771,0
1,0.3882210606901241,0
1,0.7666249215846425,1
0,0.26990651239416613,0
1,0.3975639420925232,0
0,0.07223518844938659,0
0,0.2070819225006653,0
0,0.005635188704353322,0
0,0.0009163388613076314,0
0,0.002598865289218415,0
1,0.3085590646739363,0
0,0.09418424565746446,0
0,0.17633534197095851,0
0,0.04746554647923049,0
0,0.01616833456114395,0
0,0.14833913099511234,0
1,0.49550220315348126,0
0,0.07129542533837473,0
1,0.7917235667993419,1
0,0.2483748666115403,0
1,0.33983717862587176,0
0,0.1538744899290735,0
0,0.0015175837411814583,0
1,0.47156914001891276,0
0,0.11099031419908789,0
1,0.5177426650831228,1
1,0.7414585840122346,1
0,0.12661735376308283,0
0,0.4446929006394544,0
1,0.6307984585871719,1
0,0.0020404910421968096,0
0,0.4580648583697638,0
0,0.3307198741155441,0
0,0.10377774166894196,0
1,0.7447522450230933,1
0,0.48616027495973024,0
0,0.4809383818202223,0
1,0.27937792292640845,0
1,0.5083520611613035,1
0,0.025358678557942896,0
0,0.2086480130374914,0
0,0.029287429351574166,0
0,0.3020157728831691,0
0,0.0013233043316028844,0
0,0.0022313847215789857,0
1,0.4252510557028337,0
1,0.32825834947755456,0
0,0.4258395309425063,0
0,0.0018946079510795222,0
0,0.006355820120340718,0
0,0.017575806929678358,0
1,0.42865654459069874,0
0,0.0032958423026775764,0
1,0.40043461089728405,0
0,0.007489460875792746,0
0,0.042108589873996,0
0,0.4494222418003661,0
0,0.2973229513027341,0
0,0.29383141881238956,0
0,0.15291108829226066,0
0,0.014358931935499147,0
1,0.2166492644128186,0
1,0.3696584918750501,0
1,0.7102572060130065,1
0,0.09818729164454275,0
0,0.14959324114772005,0
1,0.45125244010545373,0
0,0.3705151056448853,0
0,0.02481539552924724,0
0,0.3272675822783648,0
0,0.48888104976263036,0
0,0.5394732787132821,1
1,0.6436005163288714,1
0,0.019517135384695117,0
0,0.15646812593141127,0
0,0.0034136697685126765,0
0,0.004324313623163421,0
1,0.6070374820472316,1
0,0.00115150360704479,0
0,0.008391326120565807,0
0,0.0013968166340556395,0
0,0.3718969587175805,0
1,0.5950868440400787,1
0,0.01237855246696309,0
1,0.3569432626741546,0
0,0.028855750053803163,0
0,0.12734159503969905,0
0,0.5546691730496807,1
0,0.26382267275231513,0
0,0.011060184925154164,0
0,0.1646389085928675,0
0,0.4050352496816646,0
0,0.00887692265803984,0
0,0.7635026473647547,1
1,0.34098321205709603,0
0,0.0043422068830543,0
0,0.14017731283502932,0
0,0.39219361933588137,0
0,0.38494220752774416,0
1,0.5877865825304973,1
0,0.19126232200019314,0
0,0.2800998694439431,0
1,0.3532514506882947,0
0,0.08955312758523658,0
0,0.01881735795582245,0
0,0.0029089635900607443,0
1,0.7879109981039502,1
0,0.6144862660245078,1
0,0.0016817286597011415,0
0,0.3756583394988536,0
0,0.03198844786995756,0
0,0.022346952592388742,0
0,0.032428650614756485,0
0,0.2910933561457773,0
0,0.2748250204425941,0
0,0.05594081734696603,0
0,0.154264163601215,0
0,0.15584004007452884,0
0,0.3589546464114517,0
0,0.3255150046954586,0
1,0.739700976754358,1
0,0.0032014505678382575,0
0,0.03534958253230988,0
0,0.03411358293865013,0
0,0.19461462708270677,0
0,0.0034553603429122504,0
0,0.47241499886051214,0
0,0.002414132954777049,0
1,0.7116047082238165,1
1,0.6827877140776778,1
0,0.2642071650958672,0
0,0.2913178390510494,0
1,0.3683330735746962,0
0,0.33939216322127597,0
0,0.35253387292425326,0
0,0.02241053194717522,0
0,0.002128079454759217,0
0,0.42871336102726076,0
0,0.036420582158637194,0
0,0.45610334790272616,0
1,0.848476608178728,1
0,0.0035852882869735893,0
0,0.1820176587877946,0
0,0.001178463367745978,0
0,0.005400695203874361,0
0,0.20707901077839844,0
0,0.4494736045500617,0
1,0.7797040372963013,1
1,0.441529308029667,0
0,0.0810249480632294,0
1,0.18113673515379022,0
0,0.028069090027464647,0
0,0.03820366908454459,0
0,0.0226443229563713,0
1,0.6989807576754019,1
0,0.39918467899015786,0
0,0.06459112835115112,0
0,0.10809442342207065,0
0,0.04674086237722677,0
0,0.005695229365928814,0
0,0.1218024782872523,0
0,0.034452150626089945,0
0,0.7150793314508986,1
0,0.28537790041058136,0
0,0.07394904042045368,0
0,0.3692790933361179,0
0,0.014661719528539922,0
0,0.6811847181637519,1
1,0.5622058362001515,1
0,0.006263938297330501,0
0,0.27749061848942014,0
0,0.00739640782587244,0
0,0.21348409697936752,0
1,0.2860311136761714,0
0,0.008415159337051262,0
0,0.4714265223567296,0
0,0.36537807559269,0
0,0.025013794702675406,0
0,0.0038282301621088,0
0,0.014626737675782178,0
1,0.27476114422118214,0
0,0.02059199079252987,0
0,0.015486727345765004,0
0,0.24584935385794865,0
0,0.011468300684594679,0
1,0.8887504049524442,1
0,0.25339323067555175,0
0,0.24258955910934524,0
1,0.4249448655497819,0
1,0.4801581356950009,0
0,0.005517962689485693,0
1,0.4223792057514229,0
0,0.7287716621004385,1
0,0.05455402979761129,0
0,0.4851344505168399,0
0,0.04708261638606195,0
1,0.4933130925195709,0
0,0.058645856127397124,0
0,0.3759489321003299,0
1,0.5399429464097253,1
0,0.2100153419526462,0
0,0.4162254366250805,0
1,0.8626620912965345,1
0,0.004071595052579036,0
1,0.15655574665448457,0
0,0.05865643191217049,0
0,0.2845739563355632,0
0,0.42438835910239503,0
0,0.09019877030902824,0
1,0.15373038462481126,0
0,0.027287422404183737,0
1,0.36156813896893014,0
0,0.0023851797328708095,0
0,0.004247577426687143,0
1,0.37531983997810825,0
1,0.534571162528372,1
0,0.46185506067745224,0
1,0.8262438479150493,1
0,0.004552377839463191,0
0,0.0010807322460480648,0
0,0.041091744618279843,0
0,0.002306971288298858,0
1,0.27697648564629695,0
0,0.12485102189381968,0
0,0.03016175010353207,0
0,0.006146294970474833,0
0,0.33483773773384323,0
0,0.23966956516899668,0
0,0.39427495154979153,0
0,0.07887920462784158,0
0,0.09380293896644151,0
0,0.08076890121532115,0
0,0.001991390089567984,0
0,0.24598084127921813,0
0,0.4109895309686635,0
0,0.03247226714424913,0
0,0.04103605759873075,0
1,0.4981237317252723,0
0,0.17782983407539382,0
0,0.06301303288416393,0
0,0.19391658699061126,0
1,0.5313587511885046,1
0,0.2616593548859029,0
0,0.27737817641357126,0
0,0.028382811309893632,0
1,0.050420869442130575,0
0,0.0013332607555167023,0
0,0.3105123609695683,0
1,0.10766595903839427,0
0,0.475929974226259,0
1,0.6985002691525659,1
0,0.10178908745305497,0
0,0.3170069537758686,0
1,0.09607335007874811,0
0,0.0983648304648716,0
1,0.7196915767919543,1
0,0.3143178909385809,0
0,0.12505924394656312,0
1,0.5544749926494295,1
1,0.404587796043376,0
0,0.4118250676245643,0
0,0.3297042140357241,0
0,0.151628720097235,0
1,0.6431056489725812,1
0,0.01536833985222372,0
1,0.8840940989263624,1
1,0.41322407920198445,0
1,0.43435602050326594,0
0,0.6552160428157543,1
0,0.00181618774653516,0
1,0.032329920094612385,0
1,0.2829321343048948,0
1,0.8075259408761668,1
0,0.01446295834047035,0
0,0.001720815656314503,0
0,0.5474050643067526,1
0,0.20372915637387412,0
0,0.001663140941577026,0
1,0.665185387811001,1
0,0.07813534269480711,0
0,0.006076770236741465,0
0,0.01966904096094571,0
0,0.7681553956337287,1
1,0.47729324902526526,0
0,0.07981734155407351,0
1,0.6052961839935826,1
0,0.0062295333159576635,0
0,0.17254155200459917,0
0,0.007126426032341262,0
0,0.08945806868596669,0
0,0.5109398216122426,1
0,0.029324184251724242,0
0,0.6049312813787814,1
0,0.005033412474002097,0
0,0.0038703597115060744,0
0,0.022823839207112114,0
0,0.0687917799625449,0
0,0.02472962371617254,0
0,0.027798697862330548,0
0,0.026532057758697797,0
1,0.17802651557233154,0
1,0.48316754823417896,0
0,0.13011287883149963,0
0,0.05182731638312381,0
0,0.049155588240534724,0
0,0.5082945269227386,1
1,0.6935277129317627,1
0,0.048227332235292596,0
0,0.0014750796706228054,0
0,0.009857512091667077,0
1,0.27752880482555087,0
0,0.4063729094701983,0
0,0.4000469527403331,0
0,0.7601289742420646,1
0,0.5029621154539503,1
0,0.002059029797200842,0
0,0.04319317503881606,0
0,0.40783161830677045,0
1,0.6949328684620677,1
0,0.0011019614385260447,0
0,0.026172609037050855,0
0,0.360704886974202,0
0,0.02103778331532007,0
0,0.23042849553278888,0
0,0.2232582298904499,0
0,0.0015395423490033378,0
0,0.13177810065779938,0
0,0.44308367130337417,0
0,0.1326716549910524,0
1,0.7199956728811303,1
0,0.020227880452160677,0
0,0.011817785043008858,0
0,0.3083040103027447,0
0,0.727929833020434,1
1,0.8804251278026275,1
0,0.2857239343513886,0
1,0.8119059034116308,1
1,0.3655150590772137,0
0,0.022348360400068015,0
0,0.028208857650087883,0
0,0.06282854666756241,0
0,0.017427390431336766,0
0,0.003052028843703008,0
0,0.6038794744670323,1
0,0.06364909614478073,0
0,0.4293781160002013,0
1,0.6376198905712955,1
1,0.5819379844515955,1
1,0.36153002482561497,0
0,0.11929713056494483,0
0,0.009513953110171672,0
0,0.07821529457444813,0
0,0.2836081071696321,0
1,0.7389472161752974,1
1,0.8785704581698051,1
0,0.040862866776274764,0
0,0.0015352830628075245,0
1,0.6729151704041157,1
0,0.21337031310821802,0
0,0.13015736712954049,0
0,0.2943178799776173,0
1,0.6427629112017308,1
1,0.25870439445613086,0
1,0.6301911878571389,1
1,0.7550540329704325,1
0,0.0012517438541908756,0
1,0.8922916299639728,1
0,0.34634133054233474,0
0,0.09614215142988007,0
0,0.006857190298805339,0
1,0.4726085521040093,0
0,0.0029180128161390177,0
0,0.023850574813896894,0
0,0.5763816107366985,1
0,0.10467066657957982,0
0,0.36173954698253047,0
1,0.7365923612068612,1
0,0.026346615134399808,0
0,0.0007036011092319937,0
0,0.4038543565479037,0
0,0.26417873278104625,0
0,0.12172485691757222,0
0,0.03311275789911773,0
1,0.3896403000423275,0
0,0.018690048985130235,0
1,0.5305481799926619,1
0,0.009695833587016443,0
0,0.0850588652479877,0
0,0.036194940235750116,0
0,0.0018671410315255791,0
0,0.0055020555877872525,0
0,0.07430064950493553,0
0,0.2552923542426202,0
1,0.7755081287130579,1
0,0.0557136375265854,0
0,0.05361452777666004,0
0,0.014250549628218968,0
0,0.001858338063059556,0
0,0.010864608024717106,0
0,0.19594731530884724,0
0,0.046488293022057633,0
0,0.10009523293757848,0
0,0.008355975659763207,0
0,0.3925184420192985,0
0,0.2037477108761959,0
0,0.07854147856105355,0
1,0.50259494576986,1
0,0.2654873033226336,0
0,0.029925762171372515,0
1,0.3122046901553343,0
0,0.1443830806255745,0
0,0.058585316117075334,0
1,0.27142737800477673,0
1,0.05773721923668559,0
1,0.8196506521335786,1
1,0.4719601943599158,0
1,0.4404390373013454,0
1,0.33199973700032265,0
1,0.48691202172537934,0
0,0.11355718070572941,0
0,0.05604264583005029,0
0,0.02592154421291879,0
0,0.1747862861126589,0
0,0.38792145526506644,0
0,0.02995066682239825,0
1,0.6596728847916481,1
0,0.3617585256816861,0
0,0.008925484361838945,0
0,0.23596261572288466,0
1,0.6304763525010175,1
0,0.03849734226164624,0
0,0.0180887981487193,0
0,0.06520715737111178,0
0,0.015691847863816152,0
0,0.012277405422263441,0
0,0.3689575684758691,0
0,0.0333311980750285,0
0,0.01174519278018567,0
1,0.525610449276978,1
1,0.3378324010747433,0
0,0.0006985001720475964,0
1,0.7191791552336876,1
0,0.3963258649006718,0
0,0.22125700068421872,0
0,0.003067189248709926,0
1,0.6545313877045824,1
0,0.12366274083647301,0
0,0.026313043535044586,0
0,0.15999405510510387,0
0,0.06567782081049528,0
0,0.054639999542596886,0
0,0.020988009979139993,0
0,0.004518168901334065,0
1,0.15825153881091977,0
0,0.027520321080497893,0
0,0.1665966654375243,0
0,0.0014450761044286198,0
0,0.3305858312384622,0
0,0.38230575734415767,0
1,0.535256527459518,1
0,0.022933089945599568,0
1,0.5084001427195706,1
0,0.03967882645754681,0
0,0.004509825252116171,0
0,0.0008991618344688523,0
0,0.6441823168073192,1
0,0.6734690240611986,1
0,0.06690017806389097,0
1,0.39040720800695666,0
0,0.6806985691404058,1
0,0.3502412695462695,0
1,0.8979530965694817,1
0,0.08147184670870113,0
0,0.06927289641066155,0
0,0.049143609518461896,0
0,0.5615327560602507,1
0,0.05227697533876207,0
0,0.012082630531244672,0
0,0.06213895079489253,0
0,0.01554938222037422,0
0,0.054320730946509715,0
0,0.3814920446362594,0
0,0.014191984806047124,0
1,0.35623858186076857,0
0,0.05614936959588489,0
0,0.07420509238871079,0
1,0.6884651273458466,1
1,0.18664406665931588,0
0,0.43059897706250305,0
0,0.03557562460834631,0
0,0.4048996241312427,0
0,0.21312236235710166,0
1,0.021981036634847864,0
0,0.07779957711997232,0
1,0.8649692486316617,1
0,0.026837294643518014,0
0,0.01690741845866041,0
0,0.005071551317043971,0
0,0.02579053757836901,0
1,0.621456060232324,1
0,0.00766997965200996,0
0,0.4165380322902421,0
0,0.04462396158922784,0
0,0.039659880076392255,0
1,0.7327386845341437,1
0,0.01304825533315797,0
0,0.46926362326279114,0
0,0.019830739002672872,0
0,0.013933477217074584,0
0,0.0063497027018636285,0
1,0.34761372329624135,0
0,0.7010961735381435,1
0,0.0012618279195035006,0
1,0.7236692038279241,1
1,0.7302995544359344,1
0,0.6989858497862662,1
0,0.15202008755472085,0
1,0.5286311487578036,1
1,0.1382865116456411,0
0,0.031779886515004324,0
0,0.15078586819165088,0
1,0.734277775608585,1
0,0.0901829935560097,0
1,0.7632357175674009,1
0,0.022018049445183423,0
0,0.023073421482169287,0
0,0.019086111920272566,0
0,0.10996818910212712,0
0,0.002249500989793809,0
0,0.2234768506702731,0
1,0.7580878883760076,1
0,0.40756765336350936,0
1,0.8154759561545235,1
0,0.061491189322814936,0
0,0.03311709343285119,0
0,0.0017011968953594733,0
1,0.7896357564696181,1
0,0.0894671051276457,0
1,0.8678812745355293,1
0,0.2770509509169275,0
0,0.04961426643007458,0
0,0.012326318078469223,0
0,0.28469376201305574,0
0,0.001105183640018439,0
0,0.012754427203400441,0
0,0.014638459433901912,0
0,0.22017769235939658,0
0,0.3667793229276208,0
0,0.0331880121983214,0
0,0.02303501160025405,0
0,0.00930864390362287,0
0,0.2577961469763409,0
0,0.054251451880129364,0
1,0.6541812580015238,1
0,0.0019059586260269993,0
0,0.007899483220338345,0
0,0.3171685378537143,0
0,0.30459141983777516,0
1,0.5554922409813119,1
0,0.08451159955346882,0
1,0.16662977699454276,0
0,0.08357768702318712,0
0,0.5026053839308525,1
0,0.42727830842108766,0
0,0.0020373865508615803,0
0,0.4069050697634446,0
0,0.08337600259290559,0
0,0.1418338030291331,0
1,0.590192363213828,1
0,0.06391950175892629,0
1,0.5479711299732142,1
1,0.7639362133529353,1
0,0.022326500852103325,0
0,0.33749949068062585,0
0,0.00090187963187773,0
0,0.03556442240303807,0
0,0.033811474582964525,0
0,0.031643114514543644,0
0,0.8024611786707629,1
0,0.04366813996005034,0
1,0.6743155799767154,1
0,0.007932355246870398,0
0,0.041877988254141026,0
0,0.32102694888971167,0
1,0.5374588122681783,1
0,0.07105356558668098,0
0,0.029157002235470183,0
0,0.0010992162386688755,0
1,0.2198911137259611,0
0,0.6484198113775959,1
0,0.046178803184340325,0
0,0.001985478254780889,0
0,0.0017835427278204657,0
0,0.033993399425041516,0
0,0.09050778729078691,0
0,0.11919393324085839,0
0,0.014422002115168964,0
0,0.021031001643554474,0
0,0.035503047854523836,0
0,0.1595307712965622,0
0,0.0665418541430964,0
0,0.3101330989698373,0
1,0.24989030886847377,0
0,0.3019833504387369,0
0,0.031605955554773746,0
0,0.07193717120425329,0
0,0.11200841330254484,0
0,0.1311612546765341,0
1,0.40907146037340275,0
0,0.5995433817676434,1
0,0.16144861756997614,0
0,0.15229500032438031,0
1,0.42191267409733213,0
0,0.04077298365980127,0
0,0.08939738698843837,0
1,0.015157746554021407,0
0,0.05708044375475161,0
0,0.0022299640163930324,0
0,0.06780835029298482,0
1,0.36781912779159515,0
0,0.0031488260566372517,0
1,0.8247705999084921,1
1,0.8692546932981814,1
0,0.47498809119309565,0
0,0.008475553672427128,0
0,0.0007684435215335357,0
0,0.001802740738186604,0
0,0.8535967374807919,1
1,0.29102665342170037,0
0,0.031224106752753476,0
1,0.885280398591841,1
0,0.30854417405630336,0
1,0.7076928656430096,1
0,0.19661502113655685,0
0,0.5587348166970035,1
0,0.39524561283166315,0
0,0.004162371739738203,0
0,0.035109504220102644,0
0,0.018561234194958108,0
1,0.8630716951853904,1
0,0.03913460750150866,0
0,0.7193549264306967,1
0,0.7842702870400212,1
0,0.008720023088511998,0
0,0.01765698646243642,0
0,0.08592524129079086,0
1,0.23590445394949458,0
0,0.018655525794507796,0
1,0.52436199764412,1
0,0.001348628165716642,0
0,0.05114604856141227,0
0,0.32442472084475626,0
1,0.8851980452346656,1
1,0.7316682119728023,1
0,0.01799834803589772,0
0,0.37886461363173574,0
0,0.010303136841486182,0
1,0.10459777761042828,0
1,0.4315437069252811,0
0,0.33442824715428693,0
0,0.09114946278531502,0
0,0.13141656971882187,0
0,0.021269027504176842,0
0,0.24146402102216613,0
0,0.2686888356960411,0
0,0.10768904623612477,0
0,0.14777606165234988,0
0,0.7195038617332541,1
0,0.014582413883162641,0
0,0.011288775139153011,0
0,0.011635288987518913,0
0,0.007580436295806724,0
0,0.30060277857087053,0
0,0.018895621563857348,0
0,0.5242831904471743,1
0,0.05627035362481237,0
0,0.1546528887333236,0
0,0.23042733662590295,0
1,0.8718948906459753,1
0,0.2664700693144834,0
1,0.31033367955725777,0
1,0.3077542484914519,0
0,0.015784530215009043,0
0,0.19038909856113626,0
0,0.45062901609556455,0
0,0.3633626072491608,0
1,0.37540828369826956,0
0,0.03464479952442049,0
0,0.013075024625980827,0
1,0.3401720219975697,0
0,0.29449228110160264,0
0,0.4812465701102876,0
0,0.0020251874577941345,0
0,0.27343968588515805,0
1,0.5176160704204378,1
0,0.06542028850726875,0
0,0.002910087620729079,0
0,0.32849016138246634,0
0,0.021453964278846063,0
0,0.0056939848114930846,0
0,0.09085720591557704,0
0,0.0325241898907023,0
0,0.0075162820956327005,0
0,0.0856775435607307,0
0,0.17594813448115734,0
1,0.5397111984708116,1
0,0.00266079287466,0
0,0.020895544827519236,0
0,0.24293959708340224,0
0,0.2730782828023286,0
0,0.015569385809270399,0
1,0.48808592196266415,0
0,0.27274473028427687,0
0,0.04308233443926235,0
0,0.008286990770788791,0
0,0.12453765714145851,0
0,0.004118742254384601,0
0,0.017369244929632807,0
1,0.7881085725692449,1
0,0.07159576669584038,0
0,0.010501713301165772,0
0,0.4700572377262151,0
0,0.0628085215989591,0
1,0.7970243939106629,1
0,0.17096971965358804,0
0,0.04117076001713751,0
1,0.731560268154093,1
1,0.6233307845837105,1
0,0.04512398406034121,0
0,0.03703900478223321,0
0,0.04249699090567376,0
0,0.0016261664925277313,0
0,0.012685683019453619,0
0,0.1058507499773531,0
0,0.10907576120398542,0
0,0.07739887833009641,0
0,0.17396545502810223,0
0,0.3882837039048759,0
0,0.3000548859925127,0
0,0.0156389666797471,0
0,0.001370424856338034,0
1,0.13570145254268015,0
0,0.1729508621995814,0
1,0.42897216387342946,0
0,0.0009810960111953715,0
0,0.01573547176194298,0
0,0.0037774602451671885,0
0,0.000670624923032353,0
0,0.16910988852220263,0
0,0.016263856871576384,0
1,0.6248367537250727,1
0,0.00713619574352779,0
0,0.21987751615068785,0
0,0.7021659673280807,1
1,0.5627636252452283,1
0,0.5007663238381371,1
0,0.37090800318356315,0
0,0.10593269978350191,0
0,0.3400707081509611,0
0,0.20487049076661187,0
1,0.4601516286771449,0
1,0.3891559461494636,0
0,0.10750812256100044,0
1,0.3883626099891612,0
0,0.2546141130170591,0
0,0.10237509604858012,0
0,0.04460303526872344,0
0,0.06828276725804094,0
1,0.3342411028040624,0
0,0.08201077472977093,0
0,0.19014430328675222,0
0,0.06824865851964844,0
0,0.0018217247254478802,0
0,0.02501078190474456,0
1,0.4540433160876076,0
1,0.353933413102477,0
0,0.1144461425538474,0
0,0.18569345721334865,0
0,0.24650071369186327,0
0,0.01205783491003045,0
1,0.13060243462331203,0
0,0.059144586253526074,0
0,0.011332172053402636,0
0,0.023366842625865497,0
0,0.04002688754815486,0
0,0.3457121023151059,0
0,0.01721901610001898,0
0,0.02942611289806619,0
1,0.26048833232883745,0
1,0.7971930669017325,1
0,0.0610826291841331,0
0,0.3185725274438304,0
0,0.000986276731712089,0
1,0.5964955459975115,1
0,0.24315853000877485,0
0,0.06921457360380572,0
1,0.36360953598177465,0
0,0.005077100355516057,0
0,0.6993717415750473,1
0,0.11040393342523508,0
0,0.11365587201790657,0
0,0.22055286154634468,0
1,0.7093166456246596,1
1,0.4719935619009504,0
0,0.15704614220047883,0
0,0.3714229973802069,0
0,0.025109890921230043,0
0,0.31187625061300284,0
0,0.0732302345287033,0
0,0.23370297490639685,0
0,0.09917259664093417,0
0,0.04737696084567629,0
1,0.5774704926610861,1
0,0.7132246837504274,1
0,0.2123930070058547,0
0,0.06932505383607525,0
0,0.19602004540577675,0
0,0.04423781788167133,0
0,0.018337265390052968,0
0,0.08083927025265486,0
0,0.00422152542648931,0
0,0.008203058547127854,0
0,0.006626590060148082,0
0,0.37319862491246253,0
0,0.20797550987702035,0
0,0.002302922797096885,0
0,0.003189251687864965,0
1,0.5807905365446726,1
1,0.6932443567205046,1
0,0.033047082284110046,0
0,0.031538456724154874,0
0,0.001949760229687249,0
0,0.2911722220618448,0
1,0.44129450043184076,0
1,0.7713725060146095,1
0,0.0869166633037501,0
0,0.1400202837749684,0
0,0.4888134739619477,0
0,0.01211116882028298,0
0,0.029681489685290597,0
1,0.4324237834019685,0
0,0.35549077499076875,0
0,0.2320541667786011,0
1,0.7481558482391496,1
0,0.21352252994361318,0
0,0.12518758564258514,0
0,0.002250155547269484,0
1,0.7490047149784913,1
0,0.002415290781250333,0
0,0.010050925551431989,0
1,0.5530232446872453,1
0,0.0036926716466993696,0
1,0.8538717777875127,1
0,0.0012682645641088933,0
0,0.6699101442093963,1
0,0.006170123030298255,0
0,0.015450230782191455,0
0,0.01318738536359734,0
0,0.022458096340061254,0
0,0.0014218312755592641,0
0,0.007597706267224349,0
0,0.0568822030782724,0
0,0.022047012480022356,0
0,0.03422662891870637,0
1,0.816196416799099,1
0,0.36018743138339154,0
0,0.033807878962164306,0
0,0.0014346368526249756,0
0,0.7726347523967528,1
0,0.0016477586130103701,0
0,0.2038474254803311,0
0,0.0038584119801096757,0
0,0.0007277112866232585,0
0,0.09543168025960562,0
0,0.533438411952311,1
1,0.33387804206111327,0
0,0.01852758424013783,0
0,0.2590286728328029,0
1,0.1830042110468062,0
0,0.0015333320096661412,0
0,0.41774186869856544,0
1,0.5890566521763031,1
0,0.002055996425047546,0
0,0.1868553035656876,0
1,0.03235520865318292,0
0,0.1413207436464592,0
0,0.479195909150018,0
0,0.41417302781869886,0
0,0.014253989526741475,0
0,0.38913045881031577,0
0,0.2800059519091066,0
1,0.3781157492280968,0
0,0.11795838644714492,0
0,0.006773477067720663,0
0,0.2820385744432434,0
0,0.007761841354880409,0
0,0.4143843623864003,0
0,0.03872543518386644,0
0,0.16422985824395206,0
0,0.004000089028696724,0
0,0.49822225896317074,0
1,0.38890106688312026,0
1,0.014411707450655937,0
0,0.26771478550515737,0
0,0.010840360510668888,0
0,0.3697510761941347,0
0,0.4347794759636152,0
0,0.2596777681237295,0
1,0.7570885063160965,1
1,0.3108559319469719,0
0,0.7495139890799771,1
0,0.12889020725108044,0
0,0.04996920603022961,0
0,0.6626909916525563,1
0,0.006265352909062346,0
0,0.1774503153292861,0
0,0.09440622058393529,0
0,0.0016738435583442373,0
0,0.0020233274306549914,0
1,0.5045917939755217,1
1,0.6395546340653956,1
1,0.4335935984523012,0
0,0.24057589572770371,0
0,0.00433926307927538,0
0,0.0035498480314923144,0
1,0.6872619850736207,1
0,0.15242475331764124,0
1,0.31346671887491356,0
0,0.0043036990931457665,0
0,0.020614224153292976,0
0,0.008432170845488765,0
1,0.46000440386672764,0
1,0.7116762661254399,1
1,0.3833701912671982,0
0,0.4818247053952527,0
1,0.7413223048216665,1
1,0.22637263343654732,0
0,0.12512444869382303,0
0,0.03024818888658144,0
0,0.005250401651265062,0
0,0.23719682441214304,0
0,0.4760711169248142,0
0,0.03164320282756381,0
0,0.005185225036364555,0
0,0.0009632731804185544,0
0,0.02898666769306514,0
0,0.0983200679216407,0
0,0.580296339358742,1
0,0.027529478322504453,0
0,0.025692163732986887,0
1,0.5340754137288388,1
0,0.027390935149747202,0
0,0.05143895457774117,0
1,0.302611208590373,0
0,0.12413334355446373,0
0,0.041938521054174144,0
0,0.3669207243408244,0
1,0.15904884946813339,0
0,0.41897573341828687,0
0,0.022410322013934912,0
0,0.7298013286250997,1
0,0.17129142224489086,0
0,0.24795571996018143,0
1,0.5900226879530549,1
0,0.016622654026025727,0
0,0.021155017264318756,0
1,0.11762977428741808,0
0,0.025536567613465053,0
0,0.0651969580710604,0
0,0.06754803229655268,0
0,0.006054250758261818,0
1,0.09400665477092648,0
1,0.717861009861979,1
0,0.7747977459477399,1
0,0.024485589200684083,0
0,0.27750043841209715,0
1,0.6282362223952466,1
0,0.6663496905166049,1
1,0.862999649370539,1
0,0.0018786818192487688,0
0,0.029281752228527188,0
1,0.8265308131511169,1
0,0.006006506039402608,0
1,0.5915902902028347,1
1,0.41851946446604676,0
0,0.19637716444371187,0
1,0.40556675950562765,0
0,0.09885832257458688,0
0,0.002001518184624161,0
0,0.34336498073356425,0
0,0.35478774383750883,0
1,0.7902967528429768,1
0,0.49624535393294505,0
1,0.3431217351169812,0
0,0.006241553958810678,0
0,0.423918072084194,0
1,0.8304374830859215,1
0,0.009928267373119581,0
0,0.0011871059761150787,0
0,0.06318898128694243,0
0,0.5713476213968213,1
0,0.30658586748796796,0
0,0.054314653369452015,0
0,0.3192145720529172,0
0,0.12896401052797465,0
1,0.72954623766368,1
0,0.02993018857736336,0
0,0.24983151393794428,0
0,0.3666170127393758,0
0,0.4642438789435438,0
0,0.3944934225360451,0
0,0.06891424398097086,0
0,0.005344959512243128,0
0,0.24877079938923038,0
0,0.2470948239281414,0
0,0.002067843815710377,0
0,0.0016313658814406545,0
1,0.3345534853436978,0
1,0.6602400181646729,1
0,0.004505600936282081,0
0,0.01707552845760465,0
0,0.03218216807416539,0
0,0.3714497558558931,0
0,0.3064215127452529,0
0,0.016518994938123244,0
0,0.05369353563832041,0
0,0.003632356442953841,0
0,0.10963165571718267,0
0,0.0011725644774554977,0
0,0.006588029775651228,0
0,0.09912366423492738,0
0,0.16254672696722566,0
0,0.0021402794794575315,0
0,0.0819036809738252,0
0,0.21040492453694978,0
1,0.5039615947404399,1
0,0.38004441274220463,0
0,0.36755457263379954,0
1,0.736491339673262,1
0,0.03754328950165929,0
0,0.018754944144198694,0
1,0.13569110575899707,0
1,0.4730774503411819,0
0,0.1694687492103949,0
0,0.40517077876229235,0
0,0.360224246023251,0
0,0.09342909592223995,0
0,0.04628195669173725,0
0,0.015108031273738698,0
0,0.12412598423113728,0
0,0.47119958050988814,0
0,0.3989145920871565,0
0,0.0013310427782828268,0
0,0.06669486226027331,0
0,0.013896963237335963,0
0,0.0011765419975531797,0
0,0.05619096001426574,0
0,0.17353930398735687,0
0,0.006936900398582623,0
0,0.031281223949316615,0
0,0.001060293814154254,0
0,0.07946319051959737,0
0,0.007526507700158936,0
0,0.03575584003910469,0
0,0.11613804797992346,0
1,0.7689447681765865,1
0,0.013874457092143279,0
0,0.001374176626524571,0
0,0.015572979895382111,0
0,0.0626934311422028,0
0,0.0071701766196104015,0
0,0.09378519803151626,0
0,0.004125050823997615,0
1,0.872622477821104,1
0,0.09320369670792944,0
0,0.15846677464766906,0
0,0.004727774663630518,0
0,0.20557686904612132,0
0,0.0755438368246229,0
0,0.1807242387198329,0
1,0.7244489409538608,1
0,0.00877707728529711,0
1,0.6322066378028613,1
0,0.2695402855071083,0
0,0.12620424520139104,0
0,0.021844156386888844,0
0,0.04735567505924088,0
1,0.38089258312461866,0
0,0.22448041917073855,0
1,0.4895398795679949,0
0,0.00798112120028042,0
1,0.3475716606092242,0
0,0.04392566875128873,0
1,0.20647803365954298,0
1,0.3923480520046123,0
0,0.11877008659155985,0
0,0.0904458778220037,0
0,0.00940627417736752,0
0,0.0017343068824178136,0
0,0.015486509160540028,0
1,0.8214756562251163,1
0,0.2504724691213903,0
0,0.05787103779083877,0
0,0.06156930129714348,0
1,0.3611167810415597,0
0,0.17047236838308336,0
0,0.17489687102291987,0
0,0.4196628284341666,0
0,0.06608143675231455,0
1,0.15865184351262474,0
1,0.4231433136390411,0
1,0.7049796353031964,1
0,0.12630442314394355,0
0,0.006240475607486533,0
0,0.0014118583399309506,0
0,0.005151759893097615,0
0,0.004148985299703891,0
1,0.13881842719784776,0
0,0.008679403636177302,0
1,0.6922061053509485,1
0,0.208706466534008,0
0,0.31817429501534855,0
0,0.23100601202680063,0
0,0.12613135591736455,0
0,0.30094298786849266,0
0,0.06851990617976607,0
0,0.0016097004830662972,0
0,0.060200884443495556,0
0,0.40085339339521986,0
0,0.023532261652624988,0
0,0.4458874987004276,0
0,0.01351598954112964,0
1,0.3853679865559462,0
0,0.0023375514264595996,0
1,0.41461229914004016,0
0,0.5209561464636007,1
0,0.014198687026190433,0
0,0.2879884729873801,0
1,0.42894224536569214,0
0,0.3474872540238816,0
0,0.027650997567075244,0
0,0.5578787228841491,1
0,0.11100077461199664,0
0,0.38941121396730904,0
0,0.20528779431302951,0
0,0.12819499185430064,0
1,0.19679418552611214,0
0,0.0018890723918559176,0
1,0.772439577677675,1
0,0.2551380042920246,0
0,0.10321794900731235,0
0,0.18296114990064363,0
0,0.08418373509688777,0
0,0.5839518186329969,1
1,0.8352861130145098,1
0,0.5169697987883674,1
0,0.05064433078957025,0
0,0.2675324021318082,0
1,0.7421853455143301,1
1,0.3730443580009981,0
0,0.13165475998478685,0
0,0.007914832949270856,0
0,0.031480600686836814,0
0,0.7782975432105057,1
0,0.024865129415181122,0
0,0.6729442891332684,1
0,0.07346240282247733,0
0,0.0023718341521127063,0
0,0.15071932643242367,0
0,0.3331384921323405,0
0,0.5276012945656505,1
0,0.03705545165502565,0
1,0.8361845572704333,1
1,0.4482820458277979,0
0,0.3274881502413085,0
0,0.35018699825369604,0
0,0.034417510301673136,0
0,0.011254707097383784,0
0,0.7003893901336632,1
1,0.5145429357261428,1
0,0.18105946169036027,0
0,0.008549945227539978,0
0,0.03713224433277465,0
0,0.0017137778179816296,0
0,0.0014485499714841715,0
0,0.0012849283653080178,0
0,0.07095359414411749,0
0,0.12124308961459544,0
0,0.1821941190446427,0
1,0.6458393745150022,1
0,0.014262130589226218,0
1,0.8003125000164824,1
0,0.0060604686018232165,0
0,0.006041490197556564,0
0,0.3794742321716239,0
1,0.770656429723047,1
1,0.08429212493783518,0
0,0.011466107655581119,0
0,0.2596232308398688,0
1,0.055739147497967004,0
1,0.8827447027555114,1
0,0.03378420624093362,0
0,0.05935464316095288,0
0,0.6494703464776012,1
0,0.34686143417086,0
1,0.5024548901934857,1
0,0.6163258142481433,1
0,0.005294514970247032,0
0,0.05741165380884288,0
0,0.034841327695108684,0
1,0.43190992956536045,0
0,0.5819506617767654,1
0,0.005460729797469866,0
1,0.5231211399410699,1
0,0.24495866829135526,0
1,0.8764804909570536,1
1,0.8411407983870532,1
0,0.022213352728548498,0
0,0.09109324771516031,0
1,0.6137813703891148,1
0,0.060224503474018594,0
1,0.470313058496706,0
1,0.8338631018278769,1
0,0.04021366985465181,0
0,0.028200080176504532,0
1,0.30493110796722517,0
1,0.22520249734367614,0
0,0.06944881396440548,0
0,0.017962834953493094,0
0,0.009924926567360336,0
0,0.007861814472557292,0
0,0.0027960192208154526,0
0,0.12827007908671947,0
0,0.008318112623081617,0
0,0.04233946706547576,0
0,0.10252163246538297,0
0,0.34875947985374006,0
0,0.06517791093700992,0
0,0.003705419772644156,0
0,0.38702039475845995,0
0,0.0015352830628075245,0
1,0.6334825674153087,1
0,0.489806807980923,0
0,0.39105632692501757,0
0,0.01653819651949255,0
0,0.006713250984606024,0
0,0.16048604560277419,0
0,0.19554612070229369,0
0,0.004968688412342428,0
0,0.06818347362714984,0
1,0.7532616188274435,1
0,0.40831169286733077,0
0,0.002305674936595664,0
0,0.3149753882770518,0
0,0.015236546371019611,0
0,0.04757731039787142,0
0,0.002020306233024436,0
0,0.02177996663204527,0
0,0.13458244235243544,0
0,0.036109037012394464,0
0,0.021406135379655016,0
0,0.03482435565865621,0
0,0.007654109549877288,0
1,0.8266941983970619,1
0,0.134221167897562,0
1,0.5446162108250658,1
0,0.10713392640267344,0
1,0.6419920530381158,1
0,0.018027034842472776,0
0,0.02082032569038432,0
0,0.04157771367003557,0
0,0.07316282031089721,0
0,0.1413599761961777,0
1,0.19624515566670722,0
0,0.02497008137793476,0
1,0.6004164537461141,1
0,0.0030930325560555357,0
0,0.14326220836370565,0
0,0.005046794086155654,0
0,0.03301065181775131,0
0,0.06043066064365805,0
1,0.296224346407706,0
0,0.8359441001392092,1
0,0.13197448774278478,0
0,0.2328272125672051,0
1,0.8829363989709187,1
1,0.8342170799123633,1
0,0.024155036077355058,0
0,0.004875907377799663,0
0,0.044181587611648164,0
0,0.5800467442347511,1
0,0.2002766467668613,0
0,0.010557632138584634,0
0,0.022709289457586938,0
0,0.05169518477271268,0
0,0.08405059061478028,0
0,0.03963297456133807,0
1,0.5025529081950423,1
1,0.7080646897548815,1
1,0.39617286411330016,0
0,0.0017091084801207988,0
1,0.6836797935920498,1
1,0.6537502475006588,1
0,0.3286759198487188,0
0,0.015535606680028116,0
1,0.7405950730317123,1
0,0.3119038991933963,0
1,0.6668358859984679,1
0,0.0008491528938313014,0
1,0.4480873251611974,0
0,0.2947654999416476,0
0,0.0980736991484283,0
1,0.4011715860123649,0
0,0.0008468033601142978,0
0,0.372563512101736,0
0,0.00408644506910285,0
0,0.010876714697024894,0
0,0.374391414964495,0
1,0.49221692598068706,0
0,0.48670375960763573,0
0,0.038916742909869836,0
0,0.0008236618119418064,0
0,0.34357818320174766,0
1,0.3786657090054244,0
1,0.713705944413418,1
0,0.766602619343888,1
1,0.21002869250913384,0
0,0.16242177664065974,0
0,0.009671128236058524,0
1,0.874133501433232,1
0,0.016072498620435787,0
1,0.27951902390759353,0
0,0.02055159530724862,0
0,0.014857686423984521,0
0,0.04762061554971367,0
0,0.040909370457194644,0
0,0.0736753840665587,0
1,0.838225190883507,1
0,0.10183964805251175,0
0,0.09139786865468913,0
0,0.09785364258646981,0
0,0.24544461359508649,0
0,0.2477119133102255,0
1,0.823458343257001,1
1,0.012049361199251778,0
0,0.03890934133672027,0
1,0.7936833890215482,1
0,0.38086265397403124,0
0,0.003440696865472334,0
0,0.04480662488417134,0
0,0.02349429208500371,0
0,0.13597843788093067,0
0,0.012359591082855165,0
0,0.06725984583403086,0
0,0.022100127332822486,0
0,0.47044791036238176,0
1,0.5363501596469975,1
1,0.2973291459837329,0
0,0.22420844607794904,0
0,0.05587290313096917,0
0,0.41180829907287814,0
1,0.42991652251924384,0
0,0.03251567141850691,0
0,0.04673640177512236,0
0,0.6318573056782454,1
0,0.014917288657720598,0
0,0.06817251916647095,0
0,0.45218914468387916,0
0,0.26054230312938254,0
0,0.008438158083092933,0
0,0.06520768712777664,0
1,0.45102650646683307,0
1,0.8015709499525052,1
0,0.19482965970194918,0
0,0.32705036521642866,0
1,0.3768120236033776,0
0,0.3774265522019607,0
0,0.03525669566993151,0
0,0.07483815458527904,0
0,0.016449663700868623,0
0,0.03793332874475274,0
0,0.20756326523533716,0
0,0.013164336165592727,0
0,0.04697388417810883,0
0,0.03827518068500054,0
0,0.11182553565054301,0
0,0.29613719469413086,0
0,0.0638643124700157,0
0,0.02947868864994019,0
0,0.46720153325976005,0
0,0.08406641894181727,0
0,0.03200169785037731,0
0,0.3019684967213045,0
0,0.18452264525500384,0
1,0.5458046909960439,1
0,0.0027557959337278144,0
0,0.030285538797452338,0
0,0.06879885748695677,0
0,0.29047564088644906,0
0,0.13968807831057933,0
0,0.18578814158985632,0
1,0.27075491214496505,0
0,0.246469663206046,0
0,0.23088139469186683,0
0,0.55354988757795,1
0,0.0009421737821813342,0
1,0.43550151033440004,0
0,0.4736352871539708,0
0,0.020604914053089268,0
0,0.17208941318061044,0
0,0.7929185342994045,1
0,0.10512046894348305,0
0,0.021038864527648332,0
0,0.00823118934649629,0
1,0.7094626465806744,1
0,0.04606412655105798,0
0,0.00304214973048454,0
1,0.5428001237556545,1
0,0.7362594233568543,1
0,0.3904212921370687,0
1,0.4348271573028955,0
0,0.5097062031100683,1
0,0.1295093280386382,0
0,0.12181633138615915,0
0,0.013728444592129923,0
1,0.13911620299513633,0
1,0.6750555173485806,1
0,0.0034853606975828195,0
0,0.00461650373977346,0
0,0.24402828176929994,0
0,0.04811467452274749,0
0,0.0067079419548942585,0
0,0.05868346569335004,0
0,0.041841931077357224,0
0,0.23752840452458446,0
0,0.008095521003974341,0
0,0.3670198037654513,0
1,0.7446247176217571,1
1,0.21377288142120446,0
1,0.646677839376731,1
0,0.252924776574699,0
1,0.7255589699264994,1
0,0.007351060250760901,0
0,0.006570534252790459,0
0,0.008637007803889622,0
0,0.007813698052949488,0
0,0.01702186446516369,0
0,0.20299037169944636,0
0,0.021084949970930356,0
0,0.49317528740592637,0
0,0.0176585807498658,0
1,0.4019321182864215,0
0,0.34534189924630465,0
0,0.5449736531797111,1
0,0.004690816211323881,0
0,0.019814170187369477,0
0,0.701760321238083,1
0,0.04246314352641832,0
0,0.0012961909201036157,0
0,0.11125249573687063,0
0,0.0684998732987649,0
0,0.16908273622303777,0
1,0.19443521313065176,0
0,0.19072280824462123,0
0,0.44325816327795464,0
1,0.4680104781313468,0
1,0.43236555507523955,0
0,0.034535714201675824,0
0,0.0014689929682816527,0
0,0.14396839394504732,0
1,0.8186801398000053,1
1,0.44926539983251534,0
0,0.20565411321266314,0
0,0.38314099516978556,0
0,0.18420278552498826,0
0,0.04547784183702805,0
0,0.3714394551149654,0
0,0.025288163596883923,0
0,0.004558818767803852,0
1,0.07904270396892907,0
1,0.5304154655478477,1
0,0.009321527417966699,0
0,0.01694689639341715,0
1,0.31306482401955593,0
0,0.005575623525794307,0
0,0.030658127813007217,0
1,0.5236705884519259,1
1,0.3318259582219731,0
0,0.10826027486481035,0
0,0.19483613105608608,0
1,0.6929635254350635,1
0,0.02768845357415005,0
0,0.4278437278470968,0
0,0.09803023129257646,0
0,0.27590653239400603,0
1,0.437534417327249,0
1,0.7824310552382474,1
0,0.5483958417172803,1
0,0.029023079503616458,0
0,0.0018125478738662626,0
0,0.0006720959182570352,0
1,0.5178684522285029,1
0,0.03353927606671541,0
0,0.024116531155300575,0
0,0.12436993557652412,0
1,0.42143529155936654,0
0,0.23488344842746556,0
1,0.7684125725568299,1
1,0.6586841548927841,1
1,0.45893502362373684,0
0,0.5912299993333471,1
0,0.0021437110042079126,0
0,0.5182591948875777,1
1,0.7843277679885202,1
0,0.0012760753604343284,0
1,0.5563250352014887,1
1,0.8087878554877908,1
0,0.03151544955284263,0
0,0.10992614873489373,0
0,0.05836878680609442,0
0,0.04663425525885637,0
1,0.5867423036331398,1
1,0.7139020323210735,1
0,0.002045528349902222,0
1,0.8671065749203563,1
0,0.09999254649875233,0
0,0.25853617465422746,0
1,0.48661018501153847,0
0,0.03202659169196,0
0,0.02177745400952492,0
0,0.26794251538965463,0
1,0.22267323100200923,0
0,0.002237267385430921,0
1,0.3529058545765734,0
0,0.1098463225192188,0
0,0.34391849228215304,0
0,0.38547788890923196,0
0,0.001281831407949393,0
0,0.13739662835348884,0
1,0.6715973320992586,1
1,0.06090039959402417,0
0,0.00910528256998292,0
0,0.06220757438776772,0
0,0.1033771181972525,0
0,0.08615181764063777,0
1,0.7002668722954744,1
0,0.04227264217800686,0
0,0.10396908605558572,0
0,0.019639698822953165,0
0,0.39406807978785635,0
0,0.11906643462782661,0
0,0.03516591874995854,0
0,0.37020907290356975,0
0,0.046337875812105855,0
0,0.5226134212606878,1
0,0.636938914206608,1
1,0.49581193369487225,0
0,0.002447180183767497,0
1,0.3519329143245244,0
0,0.01306725380611247,0
0,0.022283695730859664,0
1,0.7579905990529293,1
0,0.35428245845305006,0
1,0.6084591847310773,1
0,0.3437179641921664,0
0,0.026742846550643507,0
0,0.0007954155330494399,0
0,0.12684950026481237,0
0,0.012401856652379173,0
1,0.6432302184404322,1
1,0.13737977464136208,0
0,0.0012930032145604077,0
0,0.012268768429775125,0
0,0.005594687805819557,0
0,0.07318812739010892,0
0,0.36198748194358876,0
0,0.0057133820439428835,0
0,0.02414674069155246,0
0,0.00099792252230825,0
0,0.3627757423771235,0
0,0.6479432834480199,1
1,0.6711110729470308,1
1,0.4190991132335203,0
1,0.7930428684807864,1
0,0.1366227268071428,0
0,0.2880532861539538,0
0,0.023387998274968208,0
0,0.32820460336914137,0
0,0.09650858561022076,0
1,0.6900713628381694,1
1,0.6259932738113578,1
1,0.6853125571374323,1
0,0.01837884991592953,0
1,0.4700219273345667,0
0,0.06378325468920142,0
1,0.7949476957812641,1
0,0.3588927760310194,0
0,0.04163140912347555,0
0,0.0016796827387458553,0
0,0.015340713005285072,0
0,0.025166906660188833,0
0,0.03390205800393253,0
0,0.06199567549594662,0
1,0.5458600257039301,1
1,0.36828101254009576,0
0,0.13500021517881614,0
0,0.26821550500119534,0
0,0.13114254942998177,0
1,0.32310348581057824,0
0,0.31502883088766004,0
0,0.05755438559174933,0
1,0.7817453021304979,1
0,0.02435312192422718,0
1,0.2609419368411104,0
0,0.3315123639848547,0
1,0.3437970828948245,0
0,0.0016082892989893163,0
0,0.013793972740855129,0
1,0.7591728797611087,1
0,0.01955146433105935,0
1,0.16940362537707937,0
0,0.4762046831308738,0
0,0.22328186504329842,0
0,0.017957504438510324,0
1,0.4312092994362583,0
0,0.034722845948112535,0
0,0.36182319878074737,0
1,0.4297009083376496,0
0,0.07121020840680511,0
1,0.6984332456816779,1
0,0.2876896755339881,0
0,0.0009411933859031951,0
0,0.2954444494778001,0
0,0.0009959528262492167,0
0,0.25278944252303936,0
1,0.4871000332071022,0
0,0.06799114105911089,0
0,0.008122998696021438,0
0,0.0065339145873654,0
0,0.4465181947392859,0
1,0.054776942612618625,0
0,0.013455385287798431,0
0,0.01993691393927145,0
0,0.3362738450688723,0
1,0.03316709535167071,0
0,0.06865642197307598,0
1,0.8783473902015289,1
0,0.31269982327351675,0
1,0.42107127716737325,0
1,0.7698667629865248,1
0,0.017423837574126296,0
0,0.0177118347263841,0
0,0.002166740882107376,0
0,0.24612181819426504,0
0,0.0021999649575920083,0
0,0.008472611065280711,0
0,0.5200194569484514,1
0,0.5270550913856228,1
1,0.8108900460474955,1
0,0.6356680167303311,1
0,0.0708269121769576,0
0,0.2511752221953213,0
1,0.5848186889636569,1
0,0.3740495644456859,0
1,0.7071142805879913,1
0,0.0015261870606565625,0
1,0.6243546992966585,1
1,0.43193332995284384,0
0,0.152146498111596,0
0,0.027726174381521865,0
0,0.017689701019324676,0
0,0.4737529013185698,0
0,0.05098718794446602,0
1,0.8411770982713542,1
0,0.004635592845715965,0
0,0.11057398499593991,0
0,0.04395335303218876,0
1,0.507697059525767,1
0,0.37663807503569574,0
0,0.005785327956836881,0
1,0.28759675595498246,0
1,0.41065521364822166,0
1,0.5609793020110883,1
0,0.01823926883991514,0
0,0.6560779373026412,1
0,0.0010954238187002646,0
0,0.24755000809682745,0
0,0.01907208978735959,0
1,0.7684269689728596,1
0,0.32712245770780646,0
1,0.823235751111891,1
0,0.11039747157285917,0
0,0.0013765254002897265,0
1,0.5000786835448175,1
0,0.12157300336805427,0
0,0.08737000588252387,0
0,0.315220701930936,0
0,0.17240546508587265,0
1,0.8824133632422999,1
0,0.09120635508529962,0
1,0.2427361773400938,0
0,0.03009466275000167,0
0,0.009245394798437374,0
1,0.47494561773615596,0
0,0.21981968994313408,0
0,0.7165102290715117,1
0,0.0012760970943845318,0
0,0.12553780707319342,0
0,0.24003694633809508,0
0,0.010486658002668627,0
1,0.48923655069181715,0
0,0.17022488763969565,0
0,0.08563857117817991,0
0,0.038672401597052784,0
0,0.10561978108767628,0
0,0.029560348136383655,0
0,0.002831834748346942,0
0,0.22707382715983154,0
0,0.0029188362821032173,0
0,0.06165510087355716,0
0,0.0010430093910010726,0
0,0.10883398245086034,0
0,0.08917675097048847,0
0,0.001003675844254467,0
0,0.0271602837748408,0
0,0.004757932842498518,0
1,0.4469378526409214,0
0,0.12490122407094141,0
0,0.07273384959321948,0
0,0.5561327231712065,1
0,0.02468402053313366,0
0,0.38827519303381136,0
0,0.015839880182743637,0
0,0.012352306858204497,0
0,0.13549430290540643,0
0,0.6902457013826881,1
0,0.21385230789588888,0
0,0.028035313509699,0
0,0.01321502293738853,0
0,0.0136986522642909,0
1,0.571724596980385,1
0,0.046063642063690784,0
0,0.27152395655540834,0
1,0.2620007686090143,0
0,0.005994903157435867,0
0,0.3378884964099093,0
0,0.0411404919692028,0
1,0.6819704339650932,1
0,0.003210503557058514,0
0,0.11623838794928316,0
0,0.18991886945913003,0
0,0.044957018720401656,0
1,0.020242196265208987,0
1,0.7417764345408645,1
0,0.18731421175909208,0
0,0.07420833133052503,0
1,0.16403949377861132,0
1,0.44815222183236864,0
0,0.0012387699993795607,0
0,0.3200625287208876,0
0,0.3369241893880627,0
0,0.25242703840896186,0
0,0.032538515386827484,0
0,0.008315738211682777,0
1,0.780270885054743,1
0,0.30737283549968863,0
0,0.0013065682809798443,0
0,0.03982806342608048,0
0,0.002022431953879804,0
0,0.09998054178446183,0
0,0.056435588429142924,0
0,0.3386622567897396,0
0,0.006958843679289439,0
0,0.2900071446690157,0
0,0.0020438457808593584,0
0,0.013954457029459055,0
1,0.604168027594549,1
1,0.19200784913635452,0
0,0.00115785255180292,0
0,0.009301291980436633,0
0,0.3775174182878477,0
0,0.34294007511239644,0
0,0.005097921472977397,0
0,0.22090110853789338,0
1,0.5649793552744982,1
0,0.0027503269754571547,0
0,0.4726550285015938,0
1,0.398580653729511,0
1,0.5945869204742418,1
1,0.6525117487408392,1
1,0.6914402740518187,1
1,0.7227518460323067,1
0,0.43547700195676264,0
0,0.4600854374948653,0
1,0.758289224763601,1
0,0.06422520345398113,0
0,0.003341416452423262,0
0,0.24286886384459375,0
0,0.13486320381096634,0
0,0.04287056378556487,0
1,0.4489872429099366,0
1,0.8506692684174779,1
1,0.7642214080158493,1
1,0.44746120524738087,0
1,0.3440555608775432,0
1,0.7882099161625972,1
0,0.34552767410668844,0
0,0.044368338756935334,0
1,0.3166432581503668,0
0,0.2913487445308429,0
0,0.004936366972340576,0
1,0.5773541774338488,1
1,0.764475459811128,1
1,0.7759943537041706,1
0,0.0008930626422719117,0
0,0.690726828085355,1
0,0.0022801229190762893,0
0,0.10834055717812995,0
0,0.2994866980917215,0
1,0.5772962862504022,1
0,0.0606179547192453,0
0,0.0123433154931492,0
0,0.2718224319100019,0
1,0.7117618270600086,1
1,0.07232825127674782,0
0,0.25917909478575085,0
0,0.11701925879265863,0
0,0.10259760156602109,0
0,0.03402159073098017,0
0,0.022292621991014668,0
0,0.3224463617803079,0
1,0.027012494364083005,0
0,0.3475587685110905,0
1,0.616820990828503,1
0,0.0020170928226376315,0
0,0.017515894180803137,0
0,0.06205158954967383,0
0,0.0107164004486418,0
1,0.8036640815803274,1
1,0.6111584956526523,1
0,0.26325228412025614,0
0,0.013214895424430034,0
1,0.8411735413361637,1
0,0.4628949628183594,0
0,0.001186465305449218,0
1,0.7675313500588633,1
0,0.06989915798494688,0
0,0.020067822129949304,0
0,0.02964760535736444,0
0,0.17793244798586016,0
0,0.30595181104468117,0
0,0.1372289762696769,0
0,0.4517275260139306,0
1,0.30893498239897205,0
0,0.008203377149892953,0
0,0.009785089539611783,0
0,0.04656224859712828,0
1,0.20796716606705065,0
1,0.7906984475730531,1
0,0.00960273341003699,0
0,0.5622516598781763,1
0,0.2885997900803487,0
1,0.2361578827027637,0
0,0.002570566161257768,0
0,0.10685968383567607,0
0,0.11745054164517091,0
1,0.8131834905721219,1
0,0.16086770685408958,0
0,0.27466554810338406,0
1,0.5941772387190845,1
0,0.22534127416313854,0
0,0.010044547197503789,0
0,0.4675531885463112,0
1,0.3241782394613227,0
0,0.03153809451192635,0
0,0.4884756358877429,0
1,0.6397703249047924,1
0,0.01603709646236502,0
0,0.6362482702796295,1
1,0.38373085200913665,0
0,0.1406244490453439,0
1,0.31256675175375676,0
1,0.6822573505546333,1
0,0.02968913764675352,0
0,0.01729119518919512,0
1,0.23419548079270805,0
0,0.0008864295421347292,0
0,0.027873868141939886,0
0,0.013818939616597602,0
0,0.06115472525874182,0
0,0.09324853018500834,0
0,0.0011962753209419559,0
0,0.0053824875459543165,0
0,0.0015636134238259725,0
0,0.16558565001267173,0
1,0.5087169722767425,1
0,0.014534984466641724,0
0,0.4033325299026241,0
0,0.031493206702950804,0
1,0.1305569432548017,0
0,0.753612976755387,1
0,0.4928804644604636,0
0,0.27629729813489334,0
0,0.5367836394070001,1
0,0.06541904189335493,0
0,0.44037313352075463,0
0,0.1857758640868197,0
0,0.4028875247236692,0
1,0.828755959922509,1
0,0.22870792196595896,0
0,0.016564158023808194,0
1,0.5784722841356207,1
0,0.019582689417852447,0
0,0.17054715819157895,0
0,0.36962171276647565,0
0,0.3924325299606858,0
0,0.013972075463011997,0
0,0.6856898463406396,1
0,0.2392402986100029,0
0,0.020616070887639545,0
0,0.06403718131970139,0
0,0.0042099390944856045,0
0,0.6164334155174547,1
0,0.4710191955754406,0
0,0.0188136141694644,0
0,0.3201663466989577,0
0,0.4661722024675563,0
0,0.09338629385233028,0
0,0.035053431480000334,0
0,0.11283015001131322,0
0,0.055216734395941804,0
0,0.0828464961462931,0
0,0.028287926370362277,0
0,0.008268163310760131,0
0,0.21367749162340793,0
1,0.3577832744089907,0
1,0.41655821579380664,0
0,0.48035607367270167,0
0,0.07475530435280764,0
0,0.5360633760180666,1
1,0.4624240813938985,0
1,0.8494750066687281,1
0,0.46773852275131944,0
1,0.5073401735229965,1
0,0.0026735592837910304,0
0,0.006474656518800289,0
1,0.16590927485479307,0
0,0.038786634968603365,0
0,0.0019180758341683821,0
0,0.051753833054097705,0
1,0.32413118080901626,0
0,0.028491617131360815,0
0,0.01682285951970767,0
0,0.11618459743506895,0
0,0.3865662549603197,0
0,0.740310022754434,1
0,0.11745956667629662,0
0,0.01930731400557488,0
0,0.002030782322380087,0
0,0.001842066352357921,0
0,0.037597776608383295,0
0,0.222712102857329,0
1,0.3955367648958289,0
0,0.3686358200085105,0
0,0.028645409555047904,0
0,0.47596751164943363,0
0,0.09107227239456124,0
0,0.14505537595945728,0
1,0.4129632318730897,0
1,0.6155997153964217,1
1,0.6465146148884302,1
0,0.01821148204651984,0
0,0.029821803487646403,0
0,0.008795094818112333,0
0,0.2226677588352952,0
0,0.16254697594654954,0
0,0.06616232170512404,0
1,0.5544638936599988,1
0,0.014687982751102995,0
1,0.49226338872084974,0
0,0.1298501146349211,0
0,0.03102647400984793,0
0,0.007328243681625395,0
1,0.6965625254019681,1
0,0.14555960083110567,0
1,0.44281587713521775,0
0,0.4557873321178193,0
0,0.25369375211876827,0
0,0.0020372870819213578,0
1,0.40837416528942505,0
0,0.0907406824388292,0
1,0.36496900793408144,0
1,0.38196936903064144,0
0,0.0760822534113236,0
1,0.5987308216514784,1
0,0.3195947918766345,0
0,0.05292159706599227,0
0,0.22244272297704504,0
1,0.7526580729196004,1
0,0.009750361820862773,0
0,0.3267499676490243,0
0,0.21093934684258134,0
0,0.01907979926939127,0
0,0.02510112309749467,0
0,0.017214489336058666,0
0,0.015268369246506121,0
0,0.002329982539872996,0
0,0.020449953098392752,0
1,0.47421242530646623,0
0,0.0015579762326894857,0
1,0.7614294696890451,1
0,0.0077821788548093655,0
0,0.04110916536305148,0
0,0.26552277671670527,0
0,0.04410777532226759,0
0,0.08569945960828827,0
0,0.038129384751246304,0
1,0.346551197397812,0
0,0.0014436087823886143,0
0,0.21398711448135324,0
1,0.41140078630402876,0
0,0.06045514011569145,0
1,0.46791262486015234,0
1,0.49602317564716464,0
0,0.02417902824070466,0
0,0.2706641972782377,0
0,0.027827872352589263,0
0,0.0037183088602331348,0
0,0.09234824335946469,0
0,0.15503575591800717,0
0,0.03994052891001562,0
0,0.058159202272955325,0
1,0.4221691165796216,0
1,0.5139342040426114,1
1,0.3766023695079335,0
1,0.27537085388978844,0
0,0.29372337476130084,0
0,0.17657027769806777,0
1,0.4804462342301534,0
0,0.10215801810000368,0
1,0.29177064589262136,0
1,0.07932065985086278,0
0,0.26606312160401224,0
1,0.6239063486213143,1
0,0.004610220160129239,0
0,0.008468245099677842,0
0,0.3848560248822073,0
0,0.0020222588641395332,0
0,0.014710525448817728,0
0,0.03375858006577733,0
0,0.6304824616640753,1
1,0.7268039073623308,1
0,0.012436466548309823,0
0,0.0958866827759417,0
0,0.02037237695542135,0
0,0.07834190179471562,0
0,0.14445699055888075,0
0,0.009524211562245482,0
1,0.7548040286018163,1
0,0.05484038395396601,0
0,0.05184916535977174,0
0,0.423427320794211,0
0,0.01985132802307385,0
0,0.7050862526456098,1
0,0.029358853491737957,0
0,0.005240359073170292,0
0,0.006339272665949383,0
0,0.08709467736056682,0
0,0.04970274218579284,0
0,0.0032778102978605794,0
0,0.08037001170276398,0
1,0.16842636247352627,0
0,0.13230810475939134,0
0,0.49306878195617115,0
0,0.04680730072716844,0
0,0.03916586972273892,0
0,0.6624451710237171,1
0,0.3484326509881776,0
0,0.3655946120321636,0
0,0.0028557982152943875,0
0,0.08101215292222759,0
0,0.3357611179375006,0
0,0.4095517350222312,0
0,0.06829154055097378,0
0,0.07421727649575723,0
0,0.024919498661975382,0
0,0.04264394894452468,0
0,0.21487946218384352,0
1,0.6751908984280633,1
0,0.24484510864651923,0
0,0.48408450770306516,0
0,0.32193018218168207,0
0,0.009475956700354367,0
0,0.28240741110366957,0
0,0.7448182778250182,1
0,0.48867373070138437,0
0,0.0008702755112044198,0
0,0.0008587056181727672,0
0,0.0896525939784394,0
0,0.38590375814011546,0
1,0.5046322476313929,1
0,0.05647154706602062,0
0,0.021107633905459233,0
0,0.5068202318211591,1
0,0.5733053268842397,1
0,0.24899671163659737,0
0,0.017765072273461913,0
0,0.2169611321285348,0
0,0.3125893830114574,0
1,0.7336824665583547,1
0,0.16195032166184806,0
0,0.39994129032213555,0
0,0.25401716726781,0
0,0.07864366041062323,0
0,0.38888210400529727,0
1,0.49108209468589936,0
0,0.0035799337309332614,0
0,0.005424955412915684,0
1,0.13282151990723481,0
0,0.3921668336868762,0
0,0.013288002205795912,0
0,0.4996302618574866,0
0,0.00578711108190871,0
0,0.6597633840486807,1
1,0.06983397444991764,0
0,0.3057493080122806,0
0,0.29105886192383623,0
0,0.20935862827050827,0
0,0.010339233705967697,0
0,0.014918556022659185,0
1,0.6364638856471874,1
1,0.3521807546078262,0
0,0.03607153578354571,0
0,0.001240978210696088,0
0,0.08135610480730675,0
0,0.0005738081023030808,0
0,0.007584367666893033,0
1,0.7073943975269537,1
0,0.0016503436108668446,0
0,0.19126173808567593,0
1,0.43937267464359986,0
0,0.038073428909487415,0
0,0.28822112607697375,0
0,0.018246599952823267,0
0,0.006991106566273371,0
0,0.0016542533490514072,0
0,0.0075514931819829385,0
0,0.002201181320675511,0
0,0.24518986330008308,0
1,0.5377731167209734,1
0,0.006940598548870497,0
0,0.02486305409510774,0
0,0.024773363864070194,0
0,0.33753474327630983,0
1,0.28706869455133627,0
0,0.1360243860271307,0
1,0.19755681327562044,0
1,0.7282973207122145,1
0,0.2838665943576624,0
1,0.8128300335384115,1
0,0.1253647112275212,0
0,0.722296571446054,1
0,0.011539865269736327,0
1,0.6745972427371182,1
0,0.0070081395253194425,0
0,0.4608903652107453,0
1,0.30213672813281073,0
0,0.20467288543157255,0
0,0.12548742758254605,0
0,0.4839324032799055,0
0,0.018372193207238843,0
0,0.07115476128194077,0
1,0.3135474347859509,0
0,0.0013281310144843657,0
1,0.5019483811963089,1
0,0.10126935247384847,0
1,0.8021098169614976,1
0,0.7896269126472084,1
0,0.00608164597172451,0
0,0.35610604178299227,0
1,0.49272663000741573,0
0,0.003605827985727058,0
0,0.022060897716150607,0
0,0.6176318560400492,1
1,0.7267591620295338,1
0,0.08033628893148088,0
0,0.05467509784624516,0
1,0.5890789550646968,1
0,0.043039579174444294,0
0,0.002465998755915137,0
0,0.031570944198537954,0
0,0.2810604271502758,0
1,0.7068960099501365,1
0,0.1859841952770057,0
0,0.047906434607346456,0
0,0.09157480477765712,0
0,0.2294210424238906,0
0,0.05977428571980701,0
0,0.06582985462718019,0
1,0.8041949786134905,1
0,0.04828674087090226,0
0,0.04849764361062195,0
1,0.2954428896995987,0
0,0.0009101674246414684,0
0,0.269188101038041,0
0,0.7476363681622326,1
1,0.3477347929803394,0
1,0.5215680229450722,1
1,0.8864597132509996,1
0,0.019403845434281475,0
0,0.1475079363913659,0
0,0.001078791884570494,0
0,0.1726798539859794,0
0,0.3873204784685089,0
1,0.49064164652974024,0
0,0.04527922267766664,0
0,0.0039184609532461065,0
1,0.12304101704168227,0
0,0.001838358371501232,0
0,0.3851148810768858,0
0,0.03869284219250924,0
1,0.6106083479111638,1
0,0.029658882898288382,0
0,0.05145508262512772,0
1,0.6413222365639009,1
1,0.4280297121991059,0
1,0.7759863632712132,1
0,0.024524644369712974,0
0,0.5021069239103699,1
1,0.29155633106217327,0
1,0.2601318970675204,0
0,0.2978871898110033,0
0,0.3349651835849287,0
0,0.0203688994479299,0
0,0.4547944062487844,0
0,0.002660625894689961,0
0,0.5630398035894281,1
0,0.26619474417357913,0
0,0.05951030394611628,0
1,0.4955359018944989,0
0,0.07047158739171513,0
1,0.3095548020150983,0
0,0.47326780538663304,0
0,0.48653454410577823,0
1,0.5926863898172009,1
0,0.02094013046493101,0
0,0.1029993895762026,0
0,0.07602587828102446,0
0,0.22450872146832346,0
0,0.27533205966606183,0
0,0.0022843214058785232,0
0,0.3598737368773585,0
0,0.08649772587138284,0
1,0.0417699761023665,0
0,0.11607120273629297,0
0,0.01787609464314097,0
0,0.14179490451154206,0
1,0.6215646284143405,1
0,0.0736389750825593,0
0,0.04392098841280702,0
0,0.03580230648443281,0
0,0.0020785950531139598,0
0,0.10982956353210423,0
0,0.05909721148994218,0
0,0.004404188630344102,0
1,0.6215399211746131,1
0,0.35464863216723735,0
0,0.03544169260755995,0
0,0.11953443895574012,0
0,0.025092503727683225,0
1,0.32709811541230593,0
0,0.002098402134167996,0
0,0.19248960959462966,0
1,0.6847200793571864,1
0,0.2896619164071474,0
0,0.3490391114004834,0
0,0.03284478370807276,0
1,0.7513298062110259,1
0,0.0323885407596365,0
0,0.012501798892766851,0
0,0.02219141793311382,0
0,0.06911662915239247,0
0,0.16865632566605165,0
0,0.15049165429193428,0
0,0.4254406358228706,0
0,0.04271312225588578,0
0,0.001995943972324869,0
0,0.23454354146731216,0
1,0.7090880902980223,1
0,0.1358043817277158,0
0,0.0036275489396869866,0
1,0.6373356442636622,1
0,0.414725565621485,0
1,0.37664345411020606,0
0,0.4525415385904042,0
1,0.6195574002502684,1
0,0.18537431639312593,0
0,0.38392762827569227,0
0,0.28001022432220674,0
0,0.29886433189201617,0
0,0.08848912819897238,0
1,0.6815675821941214,1
0,0.012107902407261686,0
0,0.745599175622009,1
0,0.18491413059279665,0
0,0.14201740379208935,0
0,0.000998884470206208,0
0,0.402958843134712,0
0,0.10702124358258,0
0,0.36852892625552236,0
0,0.005806642582496253,0
0,0.008292868609807238,0
0,0.02589665645362623,0
0,0.5124358467153007,1
0,0.12317150774681754,0
0,0.0118624146622059,0
0,0.10589619902032606,0
0,0.13313965798076943,0
1,0.6656849485217804,1
0,0.016478246742812362,0
0,0.0687411246120644,0
0,0.01740190774684947,0
1,0.1095219392005448,0
0,0.6513057566952205,1
1,0.6328216907281089,1
0,0.008261374069575503,0
0,0.18099194426266974,0
1,0.5210227342883835,1
0,0.09804706257704326,0
1,0.8662054005128106,1
1,0.6185710161358441,1
0,0.01049880988897758,0
0,0.502989145498928,1
0,0.1347473952124881,0
0,0.27474197223690383,0
0,0.139637582724913,0
0,0.1268121552819603,0
0,0.0013373318980993887,0
0,0.008496818512792553,0
0,0.24595212712499456,0
0,0.4985238099864271,0
0,0.28063487977280377,0
0,0.40547063658600174,0
0,0.007155755193458589,0
1,0.23504747275247226,0
0,0.002231420330390119,0
0,0.0869432427905306,0
1,0.3408774991180282,0
1,0.6479177935685777,1
1,0.7317879663421093,1
0,0.20724873348171818,0
0,0.07403727660765214,0
0,0.07875040802366122,0
0,0.05334170496147135,0
0,0.2778229016469052,0
0,0.1476138566076024,0
0,0.49073013548699135,0
1,0.27520713949948516,0
0,0.01229537735939578,0
0,0.006369729075550394,0
0,0.05758525163685147,0
0,0.15920554550217225,0
0,0.009868113145558233,0
1,0.6731136729644903,1
0,0.006022519416509168,0
0,0.26199561691872053,0
1,0.4918671840629233,0
1,0.6893037432358281,1
0,0.2593595468725564,0
0,0.023147371654655424,0
0,0.06967138087953646,0
1,0.8919831805746693,1
0,0.653549480731577,1
0,0.0019341971960020981,0
0,0.2711857942307899,0
0,0.2444610045104566,0
0,0.06884124159867847,0
0,0.002086441811657156,0
0,0.10213545787399723,0
0,0.2544173665664322,0
0,0.06167169563665281,0
1,0.27074971216754873,0
0,0.10222689124555158,0
0,0.012081882811230153,0
0,0.2759371146777711,0
0,0.3555774105500136,0
1,0.4917946641420646,0
0,0.07500734980878004,0
0,0.03121654616500248,0
0,0.0015817908233454873,0
1,0.6896376235862666,1
0,0.03330255277508647,0
0,0.1596358127392993,0
0,0.028313022790528324,0
1,0.09415305308366843,0
1,0.4579204604036116,0
0,0.03675775032270165,0
0,0.042984747421500664,0
0,0.4882702957864236,0
0,0.16232164272064328,0
0,0.006809178963810146,0
0,0.18394787976214474,0
1,0.5354600433098571,1
0,0.1126862762322032,0
1,0.5036843314434083,1
1,0.6385082433228587,1
0,0.07979336637644359,0
0,0.003991719349293195,0
0,0.05518605310763429,0
1,0.20818324876507166,0
0,0.0020476785963215675,0
0,0.09877328486135774,0
0,0.05598641788994819,0
0,0.0029284135819973188,0
0,0.03981288891158961,0
1,0.391927689773292,0
0,0.1300722752080011,0
1,0.35886344933379855,0
1,0.7410313796578885,1
1,0.7918040546131416,1
0,0.035325090077871005,0
0,0.019407499210463842,0
0,0.07406002311545005,0
0,0.04483498328358317,0
0,0.03480379304051033,0
0,0.2727171016097336,0
0,0.0225775324327236,0
0,0.22006137345824484,0
1,0.7795318261872386,1
0,0.08961554275133528,0
0,0.1767391509601284,0
0,0.11968205024597972,0
0,0.20387935849203184,0
0,0.03221577849332397,0
1,0.7747917708038784,1
0,0.06160001528346017,0
0,0.042144385573439296,0
0,0.3185233503937513,0
0,0.03357536274629146,0
0,0.003368015411463773,0
0,0.14908313790405547,0
0,0.2960263157600358,0
0,0.10439610575744633,0
0,0.03318509340589289,0
0,0.34063189024696067,0
0,0.007284196622089354,0
0,0.016676128447645457,0
0,0.03972727195336743,0
1,0.5967729914254645,1
0,0.0017366906429489197,0
0,0.016265410993849153,0
0,0.41986498394865923,0
1,0.4319516968823315,0
0,0.012307995327712566,0
0,0.3617206043053139,0
0,0.5233379568432415,1
0,0.0014191246829831576,0
0,0.12125406501440258,0
0,0.5040534604197795,1
0,0.3638575253536691,0
0,0.012182844206272726,0
1,0.7257068886110882,1
0,0.2828974359803451,0
1,0.6854738525104874,1
0,0.034452805544697596,0
0,0.24157769621761319,0
0,0.018010843236414407,0
0,0.03254535561673246,0
0,0.042559047159913294,0
0,0.8295493902102578,1
1,0.5399530769092837,1
1,0.7200701116446911,1
0,0.2064697548681843,0
0,0.5863628114973145,1
0,0.1553167542611218,0
0,0.08857206526303234,0
1,0.31802299061090766,0
1,0.8392414695280321,1
0,0.23740021811424925,0
0,0.0648643997389021,0
0,0.11109945627303779,0
0,0.5622662663499212,1
0,0.029226054611173648,0
1,0.3686357936457384,0
0,0.02612832368387978,0
0,0.061738928825063016,0
0,0.00454146526753919,0
0,0.03465324025029445,0
0,0.020929889889865994,0
1,0.6999160049473109,1
0,0.3314114493646032,0
0,0.3575130686839174,0
0,0.3866823704319233,0
0,0.014782541863960452,0
0,0.4127082511306358,0
0,0.6175597762225263,1
0,0.006840204536426372,0
0,0.38001033649496013,0
0,0.5033331093677463,1
0,0.03290739959381113,0
1,0.4595331640716453,0
1,0.7164868119473252,1
0,0.0008956070504772556,0
0,0.38994842092259757,0
0,0.01179082770929436,0
0,0.03253376567578505,0
0,0.08241399355792593,0
0,0.3008671261648522,0
0,0.08369977174329782,0
1,0.5304426558830946,1
0,0.14685147592940867,0
0,0.015147022580860887,0
1,0.19040602844266283,0
0,0.023401160836369436,0
0,0.008200918062721777,0
0,0.3150055914494616,0
0,0.20378497916326524,0
0,0.0009205626326871337,0
0,0.006673279972042776,0
0,0.06483646688718867,0
1,0.7818334322032521,1
0,0.34195727208474785,0
0,0.07279053568818833,0
0,0.6119247677486599,1
0,0.006645042091237869,0
0,0.17940621257234704,0
1,0.5900728162340322,1
1,0.7657677301848203,1
0,0.059041221060515445,0
0,0.3324779792521648,0
0,0.056972211860483936,0
0,0.0011129794903763902,0
1,0.33289570042902616,0
0,0.49742984083041514,0
0,0.18856710069574348,0
0,0.6203954448883904,1
1,0.5003830859282598,1
0,0.027825202345285974,0
0,0.2128558163029201,0
0,0.5227023629907345,1
0,0.0029794915864189125,0
0,0.12408913749852007,0
0,0.1184260627000075,0
1,0.21623129219455803,0
0,0.08344467011652744,0
0,0.03524509254885329,0
0,0.04102434369325632,0
0,0.5777983036835219,1
0,0.1467666825830042,0
0,0.16607639363051308,0
1,0.8566279306652131,1
1,0.29010069274347594,0
0,0.19684940778594875,0
0,0.30388834200837145,0
1,0.4788948520894462,0
0,0.14294646125542107,0
0,0.0008054374572413935,0
0,0.037705020001901624,0
0,0.07899264065983849,0
0,0.6246371576453226,1
0,0.0016735673741494334,0
0,0.019743440375943187,0
0,0.7206681612109765,1
1,0.03777143639081368,0
1,0.26314314274937045,0
0,0.008438653823950317,0
1,0.6078257594236043,1
0,0.02224015590262765,0
0,0.023171192369316463,0
0,0.14300189686513629,0
0,0.7833421063791587,1
0,0.058056449713557584,0
0,0.3354651472191321,0
0,0.23345783396659783,0
0,0.03513656322261069,0
0,0.21712459305103465,0
0,0.0013118293769942945,0
1,0.7311180613860673,1
0,0.032679150529150644,0
0,0.005568743491832387,0
0,0.003043805499628496,0
0,0.10455581027505666,0
0,0.012779120825649012,0
1,0.5828061008468262,1
0,0.2756809885673367,0
1,0.7533323619186679,1
0,0.0032549123559034126,0
1,0.40524321562006693,0
0,0.011037653634303791,0
0,0.10717922399063613,0
0,0.008662572293784714,0
1,0.4126309886467992,0
0,0.04276398504860885,0
0,0.01235811847407054,0
0,0.0019556698756859805,0
0,0.21058146874728792,0
0,0.5331180287325147,1
1,0.8763430613852998,1
0,0.0940238303995069,0
0,0.33156981265901403,0
1,0.578889683836615,1
1,0.7096124695388184,1
0,0.09513475633362223,0
0,0.0447933397391056,0
0,0.002197363873522673,0
0,0.015474884337258491,0
0,0.03890215939048125,0
0,0.40391801012897693,0
1,0.32835167541889854,0
1,0.7684680676666561,1
1,0.1731875622622124,0
1,0.7045478456426967,1
1,0.4304966225310163,0
0,0.4138642907580723,0
0,0.006615660285094108,0
0,0.47149933824191964,0
1,0.39285522241951043,0
0,0.005478119192852715,0
0,0.20911068724134732,0
0,0.009625691000314754,0
0,0.3695186113789966,0
0,0.40456747133034754,0
0,0.000941047094865651,0
0,0.014511271395742025,0
0,0.15876677785963486,0
0,0.007639415230732669,0
1,0.5134946445687552,1
0,0.11349151643154709,0
0,0.3178149710710444,0
0,0.6733127716075812,1
0,0.035379405515476185,0
1,0.7931835274336028,1
0,0.10522983288900355,0
0,0.019707578095821045,0
0,0.001127492870465784,0
0,0.2422649144162879,0
0,0.016774509117991176,0
0,0.48890536313513694,0
0,0.28205139191004813,0
0,0.08387988233933236,0
0,0.08084348358661321,0
0,0.0022214983059939742,0
0,0.18705916688121055,0
0,0.08394039084486547,0
1,0.538683745849739,1
0,0.10541945773356116,0
1,0.060237148221734,0
0,0.017719137249352843,0
0,0.2297994587532873,0
0,0.14813256127880714,0
0,0.003401662455364411,0
1,0.48719316179398475,0
0,0.014399122468570584,0
0,0.018666419412741622,0
0,0.004450601317199607,0
1,0.3691873358296816,0
0,0.0014264515646871454,0
0,0.4178967368966395,0
0,0.0492505517779986,0
0,0.18199667769403557,0
0,0.07888822156537557,0
0,0.2391193458557633,0
1,0.43380307330612344,0
1,0.5398962579083848,1
0,0.29393160475832836,0
0,0.0012349672720750734,0
0,0.09084980202766056,0
0,0.2302510847471217,0
0,0.0014386938646120861,0
0,0.018938517455498585,0
1,0.451234645528644,0
0,0.04859517594633629,0
1,0.2478728309896485,0
0,0.06515157612324651,0
0,0.06027196746129536,0
0,0.15503468064124637,0
1,0.5363330178519093,1
0,0.4508907603493765,0
0,0.3740879523955895,0
1,0.7540603509930551,1
0,0.2638609195914407,0
0,0.3654385457987419,0
0,0.007081111541534768,0
0,0.47400456910538885,0
0,0.20106593869377362,0
1,0.5409815034820734,1
0,0.014052591584872749,0
0,0.6491276809154884,1
0,0.1726200749559463,0
0,0.3525444139905125,0
0,0.13239453946634216,0
0,0.7128324986332077,1
1,0.8071757912381379,1
0,0.0053776849223023835,0
1,0.4059796071919846,0
0,0.06182856118597098,0
0,0.22693981517956185,0
1,0.2264560738314679,0
0,0.12258163625716033,0
0,0.1725606996268074,0
1,0.690042237440358,1
0,0.31156710505062457,0
1,0.8542348982290459,1
0,0.09434195618654721,0
0,0.002029025489106122,0
0,0.26167576896723493,0
1,0.4375614664434961,0
1,0.4432177181511664,0
0,0.013931256386878746,0
0,0.0015598406022473736,0
0,0.0012835380484742791,0
0,0.4046036427455016,0
1,0.6564879971077495,1
0,0.212875781357345,0
0,0.002595263179774053,0
0,0.01703231473776832,0
1,0.7922894068830644,1
0,0.07477667654225435,0
0,0.31476612709439494,0
0,0.08104101038710958,0
1,0.7105075720600935,1
0,0.33132821516124883,0
0,0.4456922441548773,0
0,0.2084272826999695,0
1,0.4981896994379374,0
1,0.37496408576836127,0
1,0.574973764218134,1
0,0.004039478086921553,0
0,0.006921398014997704,0
0,0.012576209858943723,0
0,0.20401321078270937,0
0,0.1739761350350513,0
0,0.08813854624013358,0
0,0.04284116697134213,0
0,0.02757360647499288,0
1,0.7661068578745595,1
0,0.04325989505704471,0
0,0.11263670004727422,0
0,0.1588548630483006,0
0,0.5479659278022566,1
1,0.6946671879225783,1
0,0.06477388728584219,0
1,0.6866467486102995,1
0,0.6205326830973198,1
0,0.4408877734594651,0
0,0.21213100422858042,0
1,0.08383908186113449,0
0,0.45019502159333497,0
0,0.127214849421689,0
0,0.1192469834537095,0
0,0.04472164952142601,0
0,0.016065549083599032,0
0,0.14421801025896755,0
0,0.002423295537160196,0
0,0.009190812498332195,0
1,0.27025576640209564,0
0,0.21325854782061934,0
0,0.1516701849063023,0
1,0.484823261604842,0
0,0.2627299261783638,0
0,0.05829761778954966,0
1,0.8030390488305799,1
0,0.3243538526934387,0
0,0.028231692639790983,0
0,0.018709553308200483,0
1,0.763212690451145,1
0,0.10205199641730564,0
0,0.08747148294032728,0
1,0.7709057342283212,1
0,0.2326369137606094,0
0,0.0019985928846898027,0
0,0.35146318980653857,0
0,0.07138350581080624,0
1,0.6502060905770805,1
0,0.019366796279686932,0
0,0.002706055692210445,0
0,0.08056403014028676,0
0,0.7176871194648249,1
0,0.003950553335890859,0
1,0.5323443057769719,1
0,0.018895759826414463,0
0,0.019202979208078466,0
0,0.17735391037159037,0
0,0.011574765511547885,0
1,0.6162204117108943,1
0,0.3222254207438774,0
0,0.030175883299245546,0
1,0.4280444848642382,0
0,0.09380607281190828,0
0,0.21714652260578787,0
1,0.40730100336721003,0
0,0.0015350403565876957,0
0,0.0944363074105469,0
0,0.09514657594401893,0
0,0.018726121720989513,0
0,0.02857271636599601,0
0,0.2558778877644783,0
0,0.5131220859810721,1
0,0.02862553179648746,0
0,0.008895736774259234,0
0,0.028354474406451367,0
0,0.06974542361453395,0
0,0.01567558458402968,0
0,0.6915437961460413,1
0,0.08877693272347688,0
0,0.13187966003174145,0
0,0.7841028717612762,1
0,0.1548970668570178,0
0,0.24256904460263695,0
0,0.06785991777885286,0
0,0.7249890853930648,1
0,0.4603961404945436,0
0,0.004816967036051445,0
0,0.031200795898980265,0
0,0.003884374767765217,0
0,0.6018926795453419,1
0,0.011247254497591352,0
0,0.01530945694466865,0
0,0.22908142601881296,0
0,0.01914605599760961,0
0,0.20985722901441053,0
1,0.47991576190589413,0
0,0.36868816623388845,0
0,0.0014832936758384832,0
0,0.276235818796634,0
1,0.3916244347886707,0
0,0.3602176514617892,0
0,0.0010488369644353762,0
0,0.30006724770525833,0
0,0.050522730609825206,0
0,0.19381022478346469,0
1,0.8215162275868815,1
1,0.39216364796662245,0
1,0.7308236653653278,1
0,0.3784080745589371,0
1,0.30136956980584734,0
1,0.8030822509377863,1
0,0.49695493302686006,0
0,0.00502129227421494,0
0,0.10555144055011681,0
0,0.15506145520803805,0
1,0.42923899608808663,0
1,0.041910868962907834,0
0,0.10077638489509382,0
1,0.8885535335493353,1
1,0.6861091540758227,1
1,0.8232764757117117,1
0,0.2951196361055634,0
0,0.30419793980668675,0
0,0.12222204705925224,0
0,0.37817453657106204,0
0,0.05479334457552522,0
1,0.7828741083939144,1
0,0.17670719545870767,0
1,0.3906018906724596,0
0,0.09173232442603804,0
1,0.038655454486207746,0
0,0.13293199932950497,0
0,0.0010890715017346027,0
0,0.006503307680487195,0
1,0.3997682571503354,0
0,0.057267382521217255,0
0,0.5881051721803967,1
0,0.03603537233553747,0
0,0.010435057141910105,0
0,0.2597800854537975,0
0,0.3287826139840389,0
0,0.46284000852459045,0
1,0.8295822967691647,1
0,0.00618556838022339,0
0,0.04035460480193484,0
0,0.02951123707777138,0
0,0.05545300453448664,0
0,0.007273721327537155,0
1,0.687755929089392,1
0,0.4031864835253399,0
0,0.11226385965835681,0
0,0.013201481190153961,0
0,0.16658504997258153,0
0,0.2642777455510083,0
0,0.32717166238014306,0
0,0.02931789058836725,0
0,0.2753588193593263,0
0,0.10812804435948717,0
1,0.6813374572617871,1
0,0.009624996011610062,0
1,0.7731630959634421,1
0,0.17612384363152545,0
0,0.015550239483902068,0
1,0.44039869654322594,0
0,0.006631915479159297,0
0,0.03545712851473043,0
0,0.41218365706995924,0
0,0.03082604907300834,0
0,0.009079115099711939,0
0,0.12364575557613876,0
0,0.0013512797811956756,0
1,0.2925938335455417,0
1,0.35790832765190417,0
0,0.13550474902832252,0
0,0.004828254235205577,0
0,0.007496101097167691,0
0,0.013443359221129901,0
1,0.4176844902930744,0
0,0.07529062159490255,0
0,0.0008418165561920389,0
0,0.02772985500234177,0
0,0.019400851724921172,0
0,0.0011897198442715091,0
0,0.002905544963984172,0
0,0.37410841050166577,0
0,0.24805486214655761,0
1,0.3707393480432601,0
0,0.3499003942690272,0
0,0.001485105416287708,0
0,0.7092335149393317,1
1,0.5821550829257159,1
1,0.48070749967899923,0
0,0.008544634472102844,0
0,0.18305344924942862,0
0,0.36457850148660703,0
0,0.009346497368899673,0
0,0.018628134538758202,0
0,0.3808661170095412,0
0,0.03630578950743355,0
0,0.031981363681760286,0
0,0.03345884596652584,0
0,0.0044457362786650325,0
0,0.19826568985511753,0
0,0.031624748556470024,0
0,0.02063893546725644,0
0,0.06686816992960318,0
0,0.0183806478926145,0
1,0.8545537853087345,1
1,0.8195976798495621,1
0,0.3045957907425013,0
0,0.008164896555891022,0
0,0.13741110359519224,0
0,0.007926367538414065,0
0,0.0833690146420855,0
0,0.5099770259681331,1
0,0.3774883667652563,0
0,0.6269661255663128,1
0,0.011831033621108726,0
0,0.010837112057952252,0
1,0.9021468215442168,1
0,0.031980538639451495,0
0,0.606844466398972,1
0,0.2685907140048744,0
0,0.0032162604554768436,0
1,0.3455423354672385,0
0,0.8008516942622294,1
1,0.7331055774664174,1
0,0.00718711713781076,0
1,0.5214067872973025,1
1,0.32516407921103635,0
0,0.5001893308416938,1
0,0.3793058126689956,0
0,0.29183228175864995,0
1,0.6443669068180066,1
1,0.10734502506688254,0
1,0.20083249947793205,0
0,0.3733272589213738,0
0,0.25518969947972137,0
0,0.24456345593978554,0
0,0.08097602480916484,0
1,0.49435677936548694,0
0,0.0013610017610074052,0
0,0.10360891360280336,0
1,0.7889353318726359,1
1,0.4775709041646364,0
0,0.3510290560824788,0
0,0.013482165546018061,0
0,0.2606605757710896,0
0,0.030895547287632098,0
1,0.7494329044424742,1
0,0.2391105515965171,0
0,0.4093534177780462,0
0,0.004064547022852595,0
0,0.02217245579069371,0
0,0.0014485616329788298,0
0,0.11943919332500927,0
0,0.012554365834349825,0
1,0.42998971426652643,0
0,0.04734694153170507,0
0,0.4638979080866381,0
0,0.001610649165774701,0
0,0.09758567568537987,0
0,0.39143796387087476,0
0,0.09885341035088782,0
0,0.3703233591667683,0
0,0.011137910892211894,0
1,0.8428215241233248,1
0,0.3100126555131101,0
0,0.06356932992581879,0
0,0.046648660822034255,0
0,0.03264647908445405,0
1,0.3317345193147564,0
0,0.018725998680740173,0
1,0.7788730687457659,1
1,0.42269628307665413,0
0,0.0946941635747581,0
1,0.030828707681536036,0
0,0.35677102030281665,0
0,0.6044103879568968,1
0,0.010595730301140117,0
1,0.6539852152527424,1
0,0.191572758397446,0
0,0.009615376623010825,0
0,0.011605908845076627,0
0,0.0018225654853279794,0
1,0.6966870016512554,1
0,0.17389167515740503,0
0,0.15254492440683218,0
0,0.15995939543778406,0
0,0.3770842065659955,0
0,0.1452164603742587,0
0,0.012593674588432554,0
0,0.023756981455042556,0
0,0.04064656171699463,0
0,0.6943111187581692,1
0,0.00130992887653006,0
0,0.08639752256047012,0
0,0.6334121195634581,1
1,0.07417324650467506,0
1,0.40088155905376543,0
0,0.06122428840970926,0
1,0.34664803752285045,0
0,0.034617422877838096,0
0,0.1789179369452634,0
0,0.08462491575803349,0
0,0.07125407557272706,0
1,0.7434018232402398,1
0,0.01809410863900278,0
0,0.3052952513867422,0
0,0.04660313889711166,0
0,0.36177164372064896,0
0,0.47954495186234347,0
1,0.3305953544422487,0
0,0.020536414987767877,0
0,0.05099192622921908,0
1,0.023825837564246753,0
0,0.0563713211550537,0
0,0.24616588505553755,0
0,0.3621752158560427,0
0,0.06377987466071898,0
0,0.7503753866369967,1
0,0.11506893418175364,0
0,0.18464751505510274,0
1,0.26587033491109774,0
0,0.04477149886028514,0
1,0.06720870139394852,0
0,0.04193496354307289,0
0,0.06952311929731556,0
0,0.40907053775829544,0
0,0.14726502869426503,0
0,0.4870945141533081,0
0,0.0008854330625740351,0
0,0.23614261265030137,0
0,0.2648458088905836,0
0,0.0011867109697247652,0
0,0.026241898088079255,0
0,0.021513351026516535,0
0,0.7654513131417359,1
0,0.05224285875743341,0
0,0.023742353227055365,0
1,0.7068662483045862,1
0,0.02998764072155513,0
0,0.26471825788503295,0
0,0.3804946725465293,0
1,0.4203121416332076,0
0,0.103713470850366,0
0,0.01922871600660167,0
0,0.19315671970585663,0
0,0.02268791147560381,0
0,0.0030210193650642187,0
0,0.0016444311418609275,0
1,0.15611360031059957,0
1,0.7879400420534689,1
0,0.10044308803427254,0
0,0.12264872296089646,0
0,0.8162021196964746,1
0,0.0344263242615563,0
0,0.7829939064141088,1
1,0.052992727080623664,0
0,0.10058984316725678,0
0,0.026672523206651418,0
0,0.3934322413234082,0
1,0.7744898299993211,1
0,0.06558298940300308,0
0,0.009522856388206399,0
1,0.46913709811317256,0
1,0.853445584335709,1
0,0.11809653297758116,0
0,0.5107669589722793,1
1,0.2726912763417668,0
0,0.001365428868950689,0
0,0.07353069281137563,0
1,0.3577527056296072,0
0,0.18571221541783603,0
0,0.06838727385637357,0
0,0.4523568277527364,0
0,0.7139181102442416,1
0,0.005549154831577394,0
0,0.02676390934457822,0
0,0.39761827397996863,0
0,0.03805851175587131,0
0,0.0023883633653752827,0
0,0.21836811830284864,0
0,0.06141128244896834,0
0,0.006718461678803304,0
1,0.45763590039777446,0
1,0.3896839806490709,0
0,0.004573008860568585,0
0,0.23881419825767647,0
0,0.015554338763722322,0
0,0.6062255501099715,1
0,0.28404005903228624,0
1,0.2130636389412173,0
0,0.021104011122767104,0
0,0.0077950033108099516,0
0,0.0345548098318045,0
1,0.21418553894013834,0
0,0.7341516242510971,1
0,0.024794325471631115,0
0,0.036042442367230296,0
0,0.35978767966624886,0
0,0.05508146211240676,0
0,0.08469991039007692,0
1,0.36481086757209513,0
0,0.1991960563678239,0
1,0.4098310191078008,0
0,0.05665299981381631,0
0,0.03540406336718084,0
1,0.022974778572040777,0
0,0.026298744170685104,0
1,0.7091363674919458,1
0,0.030506703276663792,0
1,0.6939068918295789,1
0,0.29995473972456616,0
0,0.7302703512745378,1
1,0.5537456448018677,1
0,0.0625402090917325,0
0,0.0008234468443907685,0
0,0.032149958599701337,0
0,0.0024125885294216986,0
0,0.06640065924311828,0
0,0.2105461402267485,0
0,0.02638730830305893,0
0,0.2487949910942994,0
0,0.018078228653079138,0
0,0.5198035028064711,1
0,0.49419201451326955,0
0,0.022382091014039363,0
0,0.09254361951370965,0
0,0.11005663302076732,0
0,0.39179757978551755,0
1,0.6393596356911853,1
0,0.0784138764241284,0
1,0.6878272768491017,1
1,0.7233501559492569,1
0,0.014070735970090327,0
1,0.6289906480343962,1
0,0.015751495825068768,0
0,0.14931409151800704,0
0,0.0061263505253453,0
0,0.07397490785776716,0
0,0.09781318139631999,0
1,0.6733339636651192,1
1,0.2585565714845578,0
0,0.0774605373190945,0
0,0.0791043313561331,0
0,0.40480034413121607,0
0,0.1495082992090377,0
1,0.6221249056349466,1
0,0.006255458411205712,0
1,0.30198924751028366,0
1,0.48121547858788943,0
0,0.10135431767779832,0
0,0.013839115974454454,0
1,0.2036290708630622,0
0,0.07863376933344218,0
0,0.024209629302595608,0
0,0.04030218942078351,0
0,0.5190727973860596,1
0,0.5615429103938699,1
0,0.38328829804759496,0
0,0.36938651489715874,0
0,0.2098261789040338,0
0,0.08315210255826909,0
1,0.010472320015731404,0
0,0.21113589307471067,0
0,0.48941229461680186,0
0,0.013504894532724339,0
1,0.39306511966050145,0
0,0.016267021415570754,0
1,0.4575817926776879,0
0,0.23109454418773023,0
0,0.2669395299320705,0
0,0.6613422779159737,1
1,0.45434524997896175,0
1,0.6610151953052267,1
0,0.4198297522271506,0
0,0.08187307511576497,0
0,0.08575988490014502,0
1,0.7549293689005178,1
0,0.48638650412092643,0
0,0.6564449089438671,1
0,0.18543982865611028,0
0,0.013833771013748044,0
1,0.5686642408030981,1
0,0.0035038261442059777,0
0,0.020992569950360248,0
0,0.2006465477986482,0
0,0.2794866637964734,0
0,0.2623884258505479,0
1,0.8155285688054839,1
1,0.5563355307307869,1
0,0.19895874963732244,0
0,0.010208722302633597,0
1,0.6558189670358268,1
0,0.02667906051775848,0
1,0.4906695797434387,0
1,0.3414240182154725,0
0,0.00642626647163409,0
0,0.001329577822542454,0
0,0.13082145504636108,0
0,0.011921934028687537,0
0,0.23460319324438328,0
1,0.7394692232781526,1
0,0.1459514306975103,0
1,0.4367125631741579,0
0,0.0024229183770321963,0
0,0.013522648881551348,0
1,0.0833784667808056,0
1,0.25843398144663426,0
0,0.4934899771105471,0
0,0.18803126200751308,0
0,0.014311800818449466,0
0,0.32402379412977994,0
1,0.7896201529433291,1
0,0.38304335802096234,0
1,0.5238625748868164,1
0,0.0025074203092975895,0
1,0.5377577502049785,1
0,0.5946264158203224,1
1,0.3587200258304732,0
0,0.0014057954991534014,0
0,0.15966602144775202,0
0,0.029944473385865186,0
1,0.6397238290705192,1
0,0.673568735751924,1
0,0.47520821390832774,0
0,0.28886262746367336,0
0,0.0012777045080687424,0
0,0.44614357277179834,0
0,0.2039014685211055,0
0,0.00993839929068403,0
1,0.32912476836924454,0
0,0.2258908307664141,0
0,0.4268390318693492,0
0,0.26038436975041074,0
1,0.7554985079018434,1
0,0.0176505299948093,0
0,0.07380508233125542,0
0,0.026854034281809182,0
0,0.09369616746231425,0
0,0.47765054101242765,0
0,0.203756398736349,0
0,0.19470976828267694,0
0,0.0037775429125854643,0
0,0.30280641724140656,0
0,0.33567935416545625,0
0,0.022220122340171667,0
0,0.35318048034597693,0
1,0.631582410557152,1
0,0.3750777495172046,0
0,0.0016101133643127976,0
0,0.0497034358241878,0
0,0.04018926643008519,0
0,0.027279859545391832,0
0,0.032391849385149135,0
0,0.6759243972318284,1
0,0.2941494165022503,0
0,0.009424802864031669,0
0,0.18564015640106685,0
1,0.6690641915631841,1
1,0.053277509021773396,0
1,0.6532511014996681,1
1,0.3521767755564438,0
0,0.05465469722775957,0
0,0.0065635808101521175,0
0,0.08753348095507557,0
1,0.5614660522864509,1
1,0.3579433773380062,0
0,0.09657694364404666,0
0,0.06233685649803662,0
0,0.06785913533954796,0
0,0.012108809643803864,0
0,0.12300748875219596,0
1,0.07114854771589682,0
0,0.0019654164398932145,0
0,0.06748025723343437,0
1,0.8180642326151506,1
1,0.32689729972286274,0
0,0.002263540391354736,0
0,0.32814940431519823,0
0,0.15573514242135397,0
0,0.039210657000579595,0
0,0.029531301233722617,0
1,0.5666569682162916,1
0,0.006404040673737894,0
0,0.16187852701890723,0
0,0.48064596546632843,0
0,0.27917969859826536,0
0,0.24756309349299513,0
0,0.0013419193696595708,0
0,0.06183064386815642,0
1,0.3659623868118653,0
0,0.07091425942725711,0
1,0.14426602470352193,0
0,0.10014011913897419,0
1,0.41561357627749124,0
0,0.7016441507056292,1
0,0.40734126173457885,0
0,0.03426779455994902,0
1,0.2620225357899827,0
0,0.004410500534229783,0
0,0.12012250283541004,0
0,0.13888301483451845,0
0,0.08746751544117243,0
0,0.18205484487898704,0
0,0.05320402440953984,0
0,0.03771195633516859,0
0,0.027513050966431016,0
0,0.01720458889455033,0
0,0.21024374739697488,0
0,0.1426999643801182,0
0,0.03270054091972649,0
0,0.008988242232210219,0
0,0.03171878972077041,0
0,0.08243165250193533,0
0,0.08901882610225292,0
1,0.8851326645148855,1
0,0.39251544742954353,0
0,0.03536534953439427,0
0,0.0052273356162955455,0
1,0.7524842394969086,1
1,0.3545769029436277,0
0,0.0016519223223204135,0
0,0.005972967171716906,0
0,0.7419044820025715,1
0,0.018625975895256264,0
0,0.057746247154023184,0
0,0.2536322977196022,0
1,0.595371355450719,1
0,0.017722533726526955,0
0,0.4502414284240927,0
0,0.647071920402897,1
0,0.41848193170885933,0
0,0.009852051571406983,0
1,0.8380062999722042,1
0,0.042956712856124527,0
0,0.283213239676113,0
1,0.37791067726368516,0
0,0.059648737118266765,0
1,0.3001130237026911,0
0,0.21367557285738406,0
1,0.565393602931474,1
0,0.42341046592942333,0
0,0.001398034801482022,0
0,0.007751768332860989,0
0,0.5834718530034774,1
0,0.008789205301961797,0
0,0.14611102896220735,0
0,0.3985738966609029,0
1,0.5193251497256004,1
1,0.8034658046185852,1
0,0.003819823887729223,0
0,0.19056375227016895,0
0,0.4344593894652987,0
0,0.16081429925818366,0
0,0.029209143756801486,0
0,0.35510589142878535,0
0,0.1095273585170978,0
0,0.0135336770219332,0
0,0.0019172401674329405,0
0,0.4583891758278332,0
0,0.13717366792969923,0
1,0.3846585949402803,0
0,0.04493422386750954,0
0,0.1842677837460809,0
0,0.15493959647791075,0
0,0.37998611749827693,0
0,0.004476375996945525,0
0,0.49524760529004647,0
0,0.32858104092991147,0
0,0.0589976688597183,0
0,0.02832514775950634,0
1,0.3813229911619548,0
1,0.8386357938142146,1
0,0.049061460763986986,0
0,0.0011897464067298002,0
1,0.5641288744778056,1
0,0.380915334398538,0
0,0.18841672241066842,0
1,0.42363786729359826,0
0,0.2211223335968681,0
0,0.4694038486472011,0
0,0.01738851655311743,0
0,0.001462656101175619,0
0,0.38710286532958443,0
0,0.004709635811536986,0
0,0.3689835731363169,0
0,0.27120329295546325,0
1,0.2952135289693346,0
0,0.014098372413674178,0
0,0.004725231010410286,0
0,0.16058587856115047,0
0,0.3465883059003236,0
0,0.05776148165203117,0
0,0.03054750244264757,0
0,0.5082955565456355,1
0,0.25654944623619386,0
0,0.3121002651837587,0
0,0.016140724868416306,0
0,0.02603399852374977,0
0,0.011304980183868142,0
0,0.02134507869956421,0
0,0.42278132445808825,0
1,0.3158149966071147,0
0,0.0012174727214391266,0
0,0.31162412265834244,0
0,0.06863335180754483,0
1,0.288481874334479,0
0,0.05634192511116115,0
0,0.021608294550574433,0
0,0.0014731802081713369,0
0,0.7772947965917595,1
0,0.025974113409674527,0
0,0.2146015050550395,0
0,0.593409565439249,1
0,0.06330263660345939,0
1,0.4643552820450724,0
0,0.09400870622797587,0
0,0.011484219154801094,0
1,0.385224799976344,0
0,0.004654175520893443,0
1,0.42167964276951553,0
0,0.044868762910137173,0
0,0.055684900017940055,0
0,0.06649021794729636,0
0,0.01547040456000934,0
1,0.4653661967007954,0
0,0.023680669075052417,0
1,0.6462648969647573,1
0,0.6583685046027961,1
0,0.3806544733355104,0
0,0.001462287322429848,0
1,0.1524956199549497,0
0,0.017437309881305728,0
0,0.005996636799850491,0
0,0.0276004540214103,0
0,0.2679339540479881,0
0,0.020913743146131765,0
1,0.6505991060895502,1
1,0.38054980191368826,0
0,0.7549179919512805,1
1,0.7391642776440933,1
0,0.3845261313920584,0
1,0.11966631537872999,0
1,0.39045343335628047,0
0,0.3624590117299356,0
0,0.002730805748815429,0
0,0.16259781595535513,0
0,0.08543586995448563,0
0,0.010711315462109525,0
0,0.01867619329482803,0
0,0.0885602787216424,0
0,0.16870549566772514,0
1,0.4521836775539272,0
0,0.4346662968009396,0
0,0.00320850913934176,0
0,0.05934221817673022,0
1,0.5697994978695106,1
0,0.007766554735849843,0
0,0.004613540800788786,0
0,0.18380319376773138,0
1,0.7438342363257394,1
0,0.08322080947944581,0
0,0.023560281384937466,0
0,0.0780786615268701,0
0,0.00802107484017691,0
0,0.17687920015699624,0
0,0.3754868913765165,0
1,0.40324359654948144,0
0,0.22379305095576466,0
0,0.20299289676506713,0
0,0.0739500509025543,0
0,0.03492298169327042,0
0,0.027118061442059117,0
0,0.5966239639751324,1
0,0.0038841465649464713,0
0,0.03094562435825573,0
1,0.4844545177289847,0
0,0.3035571471202487,0
0,0.002810495808751967,0
1,0.5484419554909727,1
0,0.004906535706994015,0
0,0.04924245447672893,0
1,0.8742694270940572,1
0,0.044548696852368515,0
0,0.8382222890002531,1
0,0.498968286725831,0
1,0.8082580267943804,1
0,0.7320675881241877,1
1,0.4887808640084333,0
0,0.18645715480489358,0
1,0.6431851789551564,1
0,0.009704607804217726,0
0,0.47159572116105475,0
1,0.48425123303204004,0
0,0.01419647029775727,0
0,0.0011960778329800094,0
0,0.12849776603108168,0
0,0.0027934662986545196,0
1,0.6338752801767407,1
0,0.0011828770138001283,0
0,0.27179192122499574,0
0,0.021267575277690264,0
0,0.12150540289019993,0
0,0.01608104242245602,0
1,0.4123388288112983,0
0,0.26638482685103937,0
1,0.7797495649318817,1
0,0.3635275266728656,0
0,0.0009302128922541007,0
0,0.3243014189900309,0
0,0.0932732954345114,0
0,0.014967302523414001,0
0,0.0011682064265543333,0
0,0.8463594739898446,1
0,0.001433002375018932,0
0,0.028003230326419614,0
0,0.19728749289865635,0
0,0.011181744858784773,0
0,0.0034541571650914143,0
1,0.40956173090461206,0
0,0.7959293663666266,1
1,0.30390512908812384,0
0,0.022275015262165406,0
0,0.09474812339695354,0
1,0.3462038524879057,0
0,0.2309366358039708,0
0,0.32240448303638425,0
1,0.41661718859731545,0
1,0.37959044510736234,0
1,0.4747948898994445,0
0,0.09408402433595914,0
0,0.04111761748551754,0
1,0.7386724436362786,1
0,0.12201364555615829,0
0,0.19305356611621666,0
0,0.1765487406679705,0
0,0.10998726769684276,0
0,0.43273439090246785,0
1,0.884141269593848,1
1,0.7309946615760561,1
0,0.4851212108396881,0
0,0.06076720988194272,0
0,0.0009144034321426967,0
0,0.017077261875164555,0
0,0.004126177070773847,0
0,0.03471821642931527,0
0,0.001520900950457956,0
0,0.0016498690625062205,0
1,0.3037595915516265,0
1,0.38672827677981514,0
0,0.08279550397300232,0
0,0.003683923369503116,0
0,0.0013987861383262473,0
1,0.36735639374113177,0
0,0.02414847855104571,0
0,0.008702000435399372,0
1,0.5015407754994292,1
0,0.12345774695697476,0
0,0.40091955191903333,0
0,0.3427510060267569,0
0,0.6778019024438138,1
0,0.37580713984896086,0
0,0.09605019495900374,0
1,0.2208456699753592,0
0,0.2652519007016647,0
0,0.007373944613776531,0
0,0.0016857357712769653,0
0,0.21357261060094185,0
1,0.444923479006264,0
1,0.3246290288967226,0
0,0.09020122597018668,0
0,0.005070100279979183,0
0,0.00992841109969325,0
0,0.006425367513926456,0
0,0.07998672325420891,0
0,0.026253212052525197,0
0,0.0009191276771378761,0
1,0.2863831457796195,0
1,0.8316272555905134,1
0,0.4825687831439787,0
0,0.012733286826100962,0
0,0.013052722150145106,0
0,0.004726647594273782,0
0,0.3975203583758126,0
0,0.02759915318298216,0
1,0.3961460546294921,0
0,0.08110478160338702,0
0,0.3826954923346074,0
0,0.05295454930638774,0
0,0.37573289787316017,0
0,0.5365072773688749,1
0,0.005393525999012877,0
0,0.0118037840412646,0
0,0.0207296667560585,0
0,0.4011059594794558,0
0,0.3206687038629864,0
1,0.7846673381216676,1
0,0.05386561914889907,0
0,0.0035584811592989044,0
0,0.13255356865680543,0
1,0.698040336501976,1
1,0.19146272736530168,0
0,0.4373634040535378,0
0,0.39757087731263335,0
0,0.03648410828698102,0
0,0.07435394178860416,0
0,0.1998462425024212,0
0,0.2932592012500301,0
0,0.0021580108232612354,0
0,0.3782467166862564,0
0,0.6713268625746465,1
0,0.05238360303476744,0
1,0.7759926883531552,1
0,0.35622967503199954,0
0,0.24116139049157923,0
0,0.011271537218600356,0
0,0.06137638861088793,0
1,0.17098605121043384,0
0,0.04586952734269379,0
1,0.8069889467637077,1
0,0.000740671855271746,0
1,0.3784015272339351,0
0,0.07678435796739118,0
0,0.0026214518934210597,0
1,0.5739064670220175,1
1,0.3058859898177097,0
0,0.0010751342849819772,0
0,0.017356438233032064,0
0,0.0042301509883670724,0
0,0.032239981853333516,0
0,0.4142535110401958,0
0,0.003114730505582844,0
0,0.34829882383348454,0
0,0.011478408348196818,0
1,0.06543375082660777,0
0,0.0007238244573953864,0
0,0.005876274972744345,0
0,0.042105472293242456,0
0,0.0016794448428493923,0
0,0.018086514668065278,0
1,0.0540819555095599,0
0,0.29281246920047743,0
0,0.0024462818876521404,0
0,0.3432768747999932,0
0,0.357857179782986,0
0,0.17235920692839748,0
0,0.06676233043607703,0
1,0.014125550694517435,0
0,0.004709586250922427,0
1,0.32560413286138207,0
0,0.04569894712626563,0
0,0.2748530978423187,0
0,0.014369401518872237,0
0,0.002936210600401039,0
0,0.03243845871698467,0
1,0.5942299132632728,1
0,0.006793381657315619,0
0,0.32130032143284837,0
0,0.4820331710124631,0
0,0.01043533281309626,0
0,0.08227122326096893,0
0,0.007189636114343906,0
1,0.8478865940051864,1
0,0.0008491532877587194,0
0,0.049183615415460624,0
0,0.29199497284314374,0
0,0.33093335630367543,0
0,0.011516439980676035,0
0,0.0010308255545644679,0
1,0.7648139886224018,1
0,0.37376398334970157,0
1,0.3580816045005665,0
0,0.06400623366107619,0
0,0.037182799935620035,0
0,0.0018758230247435414,0
0,0.11237028180608491,0
1,0.8268774351277821,1
0,0.39981781592899956,0
0,0.48687685547144094,0
0,0.3162982218341599,0
0,0.2634052552093812,0
0,0.004507857676456699,0
0,0.03320419475421008,0
0,0.44302458099608744,0
0,0.1584498753427545,0
0,0.015065681598942537,0
0,0.08360720614280943,0
1,0.3339331240250121,0
0,0.11919673847831203,0
0,0.029293382897267555,0
0,0.00374119958867477,0
0,0.1730275525268209,0
1,0.3297429170803817,0
0,0.10887880488940782,0
0,0.47166442304388967,0
1,0.7433154222108728,1
0,0.08493948711768944,0
1,0.7332491508364278,1
0,0.023719114223351205,0
0,0.1730219938277514,0
0,0.04130109820527937,0
0,0.005791985721753352,0
0,0.1216138222539243,0
0,0.19276838816573455,0
0,0.5592010075882418,1
0,0.005085739978216653,0
0,0.24866366838058776,0
0,0.05586758429079726,0
1,0.6530092964783659,1
1,0.40070723893255455,0
0,0.06868711242829027,0
0,0.06784114953064031,0
0,0.37795787190501196,0
0,0.322017231305355,0
0,0.04651756694685849,0
0,0.3628821593554108,0
0,0.004302279782714901,0
0,0.0885476100262005,0
0,0.14382382109898964,0
0,0.11426228333503649,0
0,0.6322038420012821,1
0,0.022570477308315205,0
0,0.26953066392054187,0
0,0.5530105515159969,1
0,0.4069816520191857,0
0,0.20541977814573414,0
0,0.00275535637906428,0
0,0.010593793009066366,0
0,0.04546506453024575,0
0,0.04632393089858556,0
1,0.6507877842425505,1
1,0.8349981076102948,1
1,0.3992974869832265,0
0,0.24708635275004084,0
0,0.42043679616226837,0
0,0.25653235055148826,0
0,0.32776914707749005,0
0,0.0017181599306044723,0
0,0.0350194474248593,0
0,0.3242618700758209,0
0,0.07717474385614995,0
0,0.26906500352136153,0
0,0.062196221272114355,0
0,0.2200551683587972,0
0,0.034158451275483025,0
0,0.26564420703556435,0
0,0.26645912926039556,0
0,0.11509036942732376,0
0,0.03475156578843658,0
0,0.1280828721025848,0
0,0.14702527220966854,0
0,0.03635355444065234,0
0,0.6532377077597971,1
0,0.035789009960685784,0
1,0.48720756201064624,0
0,0.06457761773334054,0
0,0.06701038003979734,0
1,0.7519642800862867,1
1,0.4641631126303502,0
0,0.10358776191731475,0
0,0.19696377307348537,0
1,0.2486645238814328,0
0,0.4619242263147145,0
0,0.5215219675991942,1
0,0.1784006448739625,0
1,0.7957037667331232,1
0,0.06884153760591152,0
0,0.01644972001424369,0
0,0.02537432064924236,0
0,0.002156781074709255,0
0,0.01216754158650202,0
0,0.053970721869719046,0
0,0.020758200454205723,0
0,0.03100408415140039,0
0,0.057588311461160134,0
0,0.24645213280232178,0
0,0.6680801881092542,1
0,0.013204617393046306,0
0,0.010340248005827278,0
0,0.004218069197912332,0
1,0.48480159581778315,0
1,0.27633672981137,0
0,0.3629059028402337,0
0,0.19567377885856474,0
0,0.12543188093589555,0
0,0.04836439924578914,0
0,0.030229595304956395,0
0,0.05295396292917057,0
0,0.03877321086002574,0
0,0.12586563570185372,0
0,0.6307724684619866,1
0,0.023381851096827652,0
0,0.11849577113157198,0
0,0.06735707096506391,0
0,0.7395745187757852,1
0,0.143224119643447,0
1,0.7508186818773536,1
0,0.0018779198912539602,0
0,0.032215567137902384,0
0,0.029371544852540916,0
0,0.12364635775389607,0
1,0.6883175716757286,1
1,0.5863935691385437,1
1,0.27970115708871945,0
0,0.0011523824561700576,0
0,0.09630816530531945,0
0,0.14061710452356604,0
0,0.24322792637897614,0
1,0.3199998972343152,0
0,0.02079300373154218,0
0,0.057782380545717195,0
0,0.004274607017268727,0
1,0.8765608229800007,1
1,0.8472356066503304,1
0,0.06519383286419062,0
1,0.34015697868628286,0
0,0.10111825256063751,0
0,0.04922876891150242,0
0,0.28183289483012536,0
0,0.00113163316835916,0
0,0.028725029057587465,0
0,0.0017527503611914636,0
0,0.20168575074921283,0
0,0.034725408970185,0
1,0.4408903127284669,0
1,0.7460754875549084,1
0,0.01641206271482795,0
0,0.007738934782010403,0
1,0.36330857739917827,0
0,0.35195770405473226,0
0,0.4354211989148793,0
0,0.003202257320018894,0
0,0.14812280870774427,0
0,0.01847871860271377,0
1,0.24078389823434854,0
0,0.46330329600575726,0
0,0.05968758661738521,0
1,0.1618326889530049,0
0,0.03889731988201957,0
0,0.0009842719132476703,0
0,0.07406780895834694,0
0,0.4006069821300508,0
0,0.0013525373673539682,0
0,0.21016470112139557,0
0,0.3474438394498819,0
1,0.6751054860565268,1
0,0.0611862702492931,0
0,0.006799150768860409,0
0,0.012510229802721958,0
0,0.17459822046471943,0
1,0.008214752333931107,0
0,0.10824136400484895,0
0,0.2727192629268702,0
0,0.0021810894980347096,0
0,0.006125568963713164,0
0,0.44166766179282485,0
0,0.002305181036947088,0
0,0.03593354099914661,0
1,0.538882761927079,1
0,0.04708678709907348,0
0,0.02524278074574328,0
0,0.20470955132355514,0
0,0.25130617165553804,0
0,0.1888393527611256,0
0,0.13624224994464024,0
0,0.6482515137170712,1
1,0.758014181413331,1
0,0.08403614604655597,0
1,0.3746016810400812,0
0,0.4244184832236826,0
1,0.6841281315476004,1
0,0.044204948957627374,0
0,0.0020778079422756604,0
1,0.493006178828959,0
0,0.4675723262864661,0
0,0.1270282695322738,0
0,0.0089344686534116,0
0,0.012414197532393454,0
1,0.4455046220087041,0
0,0.00509595041156895,0
0,0.3216413922659152,0
1,0.6710789059037752,1
0,0.034010740750768126,0
0,0.03159805067411218,0
1,0.34223334737572714,0
0,0.064077648094001,0
0,0.2752368494034156,0
0,0.06215252650627624,0
1,0.4157054834564232,0
0,0.36275659679934824,0
0,0.28910230636895207,0
0,0.4150159370326855,0
1,0.1562123647655584,0
0,0.2062154401179906,0
0,0.15285797297538045,0
1,0.4447607964036824,0
1,0.7788806134919518,1
0,0.4460561572127793,0
0,0.2346660675195661,0
0,0.08710563864347706,0
0,0.0008563024397440736,0
0,0.0471332043263793,0
1,0.2241272366437217,0
0,0.20602286217032673,0
1,0.8539234150272504,1
0,0.0051163290746018475,0
0,0.019209854465245237,0
0,0.5496069001432676,1
0,0.004688285017710261,0
0,0.25838257687268484,0
0,0.07018452071721634,0
0,0.46744825502032245,0
0,0.021307051180397857,0
1,0.4023042771958286,0
0,0.04196126925048177,0
0,0.023837288415953034,0
1,0.6570412996708569,1
0,0.014790568271030978,0
0,0.017590311646882274,0
0,0.182254104469582,0
0,0.39188594135291216,0
1,0.4887950726545086,0
1,0.4855505325114966,0
0,0.04929909293138182,0
0,0.00283455865504919,0
0,0.10121751498818966,0
0,0.4551127073250846,0
0,0.04014818923474242,0
1,0.872161666546354,1
0,0.15354254349509378,0
1,0.3651850609143017,0
0,0.35659532632022256,0
0,0.08965080320487034,0
0,0.41706292266061856,0
0,0.10657847100470336,0
0,0.18174084570207594,0
0,0.0036182759004270942,0
1,0.51830331479276,1
0,0.530100012437314,1
0,0.010587787699366366,0
0,0.4792295910473153,0
0,0.0006648190180798079,0
0,0.32314131155942094,0
1,0.7683953328936206,1
1,0.7746811356794968,1
0,0.3732322541565277,0
0,0.012622508505311745,0
0,0.006296299003624894,0
1,0.6781514838408873,1
0,0.02367856066466348,0
0,0.0015093101557579756,0
1,0.19141082167364967,0
0,0.09528158815266118,0
1,0.4427628262279524,0
0,0.035479101739951904,0
1,0.6069594771685359,1
0,0.18265232738431883,0
0,0.016864476049293937,0
0,0.01478370048854746,0
1,0.3637716892811153,0
0,0.034108548775144694,0
0,0.12749591453188402,0
1,0.5124220141141484,1
1,0.7199098943411332,1
0,0.4095937679679686,0
0,0.039177425231400324,0
0,0.017491647199133684,0
0,0.07325185489935877,0
0,0.2975291513621999,0
0,0.019972620800742392,0
0,0.021532965179984164,0
1,0.7591263006590213,1
0,0.0017466245437462663,0
0,0.5373450423426974,1
0,0.2274523986326205,0
0,0.0011371147354855976,0
0,0.4335964855311144,0
0,0.042146383417051875,0
1,0.8647444793519118,1
0,0.055465955130881525,0
0,0.003626673809809807,0
1,0.6715137179816284,1
0,0.03551151258737823,0
0,0.013826711448254354,0
0,0.33434866442276834,0
1,0.4389357560905527,0
0,0.0034045518355746455,0
0,0.004633589313752784,0
0,0.5885360738475848,1
1,0.6171871049957164,1
0,0.09269028312713173,0
1,0.1800868857084462,0
0,0.030506841909949692,0
0,0.0011266525285855012,0
1,0.432395466899923,0
0,0.35962198079093677,0
0,0.028713772978519493,0
1,0.6474503735929705,1
0,0.3231101520691261,0
0,0.029988678334828416,0
0,0.09574973613349537,0
0,0.14731198485942268,0
1,0.43384339723857607,0
0,0.13895627937051416,0
0,0.02374747196214206,0
0,0.028632552677122617,0
0,0.04773350016411152,0
0,0.4511902018271151,0
0,0.479781909632133,0
0,0.1205403964191954,0
0,0.018544221204786274,0
0,0.10182186584792362,0
0,0.028104640179783615,0
0,0.04186835054663119,0
0,0.036236596553262605,0
1,0.6806890508536089,1
0,0.272606743424964,0
0,0.0067359509399093345,0
0,0.14197178689413964,0
0,0.2691733993101762,0
0,0.08864432586630584,0
0,0.0278607538151539,0
0,0.3523084077261952,0
0,0.22324307844563307,0
0,0.5054837705068191,1
0,0.022128434908651285,0
0,0.3499587765590348,0
0,0.08043845287972085,0
0,0.05285510257467356,0
0,0.00322019104028684,0
0,0.07116333547853396,0
0,0.7410505789064687,1
0,0.06592018629324142,0
1,0.810705546075542,1
0,0.10304296797382698,0
0,0.009308398702697656,0
0,0.009222137527100011,0
0,0.009656360390217587,0
0,0.005231668588517033,0
0,0.0034196370449060985,0
0,0.023713200416202077,0
0,0.03336521600821359,0
0,0.0010751342849819772,0
0,0.4259144396860669,0
0,0.011492331920800685,0
1,0.5713859047431871,1
0,0.22706688497969277,0
0,0.06904590769056758,0
0,0.01953036004460512,0
0,0.05229395128838326,0
0,0.33341770137791454,0
0,0.0010424726543508882,0
0,0.4787856585497999,0
1,0.7543608865507008,1
0,0.12796235180335533,0
0,0.35857653925581723,0
0,0.0014722018861591467,0
0,0.02898330603426621,0
0,0.003013106949697644,0
1,0.8206835821173377,1
0,0.021237005257109302,0
0,0.017624337621436777,0
0,0.6134245471202439,1
0,0.07685859425001083,0
0,0.15793418126149983,0
0,0.018671055841206312,0
1,0.40984381496614447,0
1,0.03906054773549736,0
0,0.010843327218355585,0
0,0.0010492568494351246,0
0,0.19205779196924294,0
0,0.28045237538893153,0
0,0.5547783195798867,1
0,0.01844711730415965,0
0,0.6279071819702089,1
0,0.2568022715095583,0
0,0.044477623371868204,0
0,0.011753897762114711,0
0,0.47204737700471605,0
0,0.2207302398902979,0
1,0.4072427575551012,0
1,0.696085780322072,1
0,0.10449323562004363,0
0,0.013983425123164748,0
0,0.055674296134559056,0
0,0.2475844587734999,0
0,0.24822223401955187,0
0,0.24415208279515999,0
0,0.003438557998393468,0
0,0.01983570201453739,0
1,0.6868565394888975,1
0,0.003544462930362619,0
0,0.32942747068365563,0
0,0.0017345998282664277,0
0,0.052289720653759995,0
0,0.7176658812962934,1
0,0.0030527628642245818,0
0,0.022172525482440378,0
0,0.02924071401635463,0
0,0.007422422801497082,0
1,0.5692480553505357,1
0,0.6219278080515921,1
0,0.0018497285419863932,0
0,0.018382093962752664,0
0,0.011449514738796643,0
0,0.035501355270920236,0
0,0.008403135917790516,0
0,0.007829808382868753,0
0,0.004502460025209197,0
0,0.17373357910515722,0
0,0.21411035132876566,0
0,0.3151033223773203,0
1,0.3503063832579222,0
0,0.7916474525239304,1
0,0.11909083683895477,0
0,0.011459122194261522,0
0,0.018405248603520545,0
1,0.5700686633408161,1
0,0.01221173575873049,0
0,0.1833014548852802,0
0,0.30513602309951554,0
0,0.40891871456859064,0
0,0.45771906212755936,0
0,0.05672241305194427,0
0,0.024005453543487418,0
0,0.021762797733748566,0
0,0.03701394718923693,0
1,0.28784966026257425,0
0,0.008179462888416223,0
0,0.15902337257259547,0
0,0.3392092695867344,0
0,0.01928470901019658,0
0,0.0014332333610732508,0
0,0.047510880992032684,0
0,0.28258724702292287,0
0,0.11346755555314456,0
0,0.005290909367974709,0
1,0.581502680577584,1
0,0.02839519764746136,0
0,0.01994025734258116,0
0,0.009727168390633263,0
0,0.07392350885567887,0
0,0.00392069168258123,0
1,0.5871932663299163,1
0,0.03737671662547325,0
0,0.18470181122391718,0
1,0.01388362142016224,0
0,0.19913962970777047,0
0,0.08396544053557058,0
1,0.5933025974621761,1
1,0.3988528695095655,0
1,0.29138392984158146,0
0,0.03280681658646842,0
0,0.03259970469047984,0
1,0.3456167084448486,0
1,0.4879598268049056,0
0,0.2051044412517484,0
1,0.8225134264249587,1
0,0.05958398121014194,0
0,0.043310808346013904,0
0,0.03459830710328977,0
0,0.000947285279228867,0
1,0.4618861763874386,0
0,0.06117854284244137,0
1,0.4014989440348266,0
0,0.36490990444172594,0
0,0.17675680564506777,0
0,0.05770150746236981,0
